[
{
  "model": "contenttypes.contenttype",
  "fields": {
    "app_label": "cms",
    "model": "placeholder"
  }
},
{
  "model": "contenttypes.contenttype",
  "fields": {
    "app_label": "cms",
    "model": "page"
  }
},
{
  "model": "contenttypes.contenttype",
  "fields": {
    "app_label": "admin",
    "model": "logentry"
  }
},
{
  "model": "contenttypes.contenttype",
  "fields": {
    "app_label": "auth",
    "model": "permission"
  }
},
{
  "model": "contenttypes.contenttype",
  "fields": {
    "app_label": "auth",
    "model": "group"
  }
},
{
  "model": "contenttypes.contenttype",
  "fields": {
    "app_label": "auth",
    "model": "user"
  }
},
{
  "model": "contenttypes.contenttype",
  "fields": {
    "app_label": "contenttypes",
    "model": "contenttype"
  }
},
{
  "model": "contenttypes.contenttype",
  "fields": {
    "app_label": "sessions",
    "model": "session"
  }
},
{
  "model": "contenttypes.contenttype",
  "fields": {
    "app_label": "sites",
    "model": "site"
  }
},
{
  "model": "contenttypes.contenttype",
  "fields": {
    "app_label": "cms",
    "model": "cmsplugin"
  }
},
{
  "model": "contenttypes.contenttype",
  "fields": {
    "app_label": "cms",
    "model": "aliaspluginmodel"
  }
},
{
  "model": "contenttypes.contenttype",
  "fields": {
    "app_label": "cms",
    "model": "globalpagepermission"
  }
},
{
  "model": "contenttypes.contenttype",
  "fields": {
    "app_label": "cms",
    "model": "pagepermission"
  }
},
{
  "model": "contenttypes.contenttype",
  "fields": {
    "app_label": "cms",
    "model": "pageuser"
  }
},
{
  "model": "contenttypes.contenttype",
  "fields": {
    "app_label": "cms",
    "model": "pageusergroup"
  }
},
{
  "model": "contenttypes.contenttype",
  "fields": {
    "app_label": "cms",
    "model": "placeholderreference"
  }
},
{
  "model": "contenttypes.contenttype",
  "fields": {
    "app_label": "cms",
    "model": "staticplaceholder"
  }
},
{
  "model": "contenttypes.contenttype",
  "fields": {
    "app_label": "cms",
    "model": "title"
  }
},
{
  "model": "contenttypes.contenttype",
  "fields": {
    "app_label": "cms",
    "model": "usersettings"
  }
},
{
  "model": "contenttypes.contenttype",
  "fields": {
    "app_label": "cms",
    "model": "urlconfrevision"
  }
},
{
  "model": "contenttypes.contenttype",
  "fields": {
    "app_label": "cms",
    "model": "pagetype"
  }
},
{
  "model": "contenttypes.contenttype",
  "fields": {
    "app_label": "cms",
    "model": "treenode"
  }
},
{
  "model": "contenttypes.contenttype",
  "fields": {
    "app_label": "menus",
    "model": "cachekey"
  }
},
{
  "model": "contenttypes.contenttype",
  "fields": {
    "app_label": "filer",
    "model": "clipboard"
  }
},
{
  "model": "contenttypes.contenttype",
  "fields": {
    "app_label": "filer",
    "model": "clipboarditem"
  }
},
{
  "model": "contenttypes.contenttype",
  "fields": {
    "app_label": "filer",
    "model": "file"
  }
},
{
  "model": "contenttypes.contenttype",
  "fields": {
    "app_label": "filer",
    "model": "folder"
  }
},
{
  "model": "contenttypes.contenttype",
  "fields": {
    "app_label": "filer",
    "model": "folderpermission"
  }
},
{
  "model": "contenttypes.contenttype",
  "fields": {
    "app_label": "filer",
    "model": "image"
  }
},
{
  "model": "contenttypes.contenttype",
  "fields": {
    "app_label": "filer",
    "model": "thumbnailoption"
  }
},
{
  "model": "contenttypes.contenttype",
  "fields": {
    "app_label": "easy_thumbnails",
    "model": "source"
  }
},
{
  "model": "contenttypes.contenttype",
  "fields": {
    "app_label": "easy_thumbnails",
    "model": "thumbnail"
  }
},
{
  "model": "contenttypes.contenttype",
  "fields": {
    "app_label": "easy_thumbnails",
    "model": "thumbnaildimensions"
  }
},
{
  "model": "contenttypes.contenttype",
  "fields": {
    "app_label": "djangocms_text_ckeditor",
    "model": "text"
  }
},
{
  "model": "contenttypes.contenttype",
  "fields": {
    "app_label": "djangocms_link",
    "model": "link"
  }
},
{
  "model": "contenttypes.contenttype",
  "fields": {
    "app_label": "djangocms_file",
    "model": "file"
  }
},
{
  "model": "contenttypes.contenttype",
  "fields": {
    "app_label": "djangocms_file",
    "model": "folder"
  }
},
{
  "model": "contenttypes.contenttype",
  "fields": {
    "app_label": "djangocms_picture",
    "model": "picture"
  }
},
{
  "model": "contenttypes.contenttype",
  "fields": {
    "app_label": "djangocms_video",
    "model": "videoplayer"
  }
},
{
  "model": "contenttypes.contenttype",
  "fields": {
    "app_label": "djangocms_video",
    "model": "videosource"
  }
},
{
  "model": "contenttypes.contenttype",
  "fields": {
    "app_label": "djangocms_video",
    "model": "videotrack"
  }
},
{
  "model": "contenttypes.contenttype",
  "fields": {
    "app_label": "djangocms_googlemap",
    "model": "googlemap"
  }
},
{
  "model": "contenttypes.contenttype",
  "fields": {
    "app_label": "djangocms_googlemap",
    "model": "googlemapmarker"
  }
},
{
  "model": "contenttypes.contenttype",
  "fields": {
    "app_label": "djangocms_googlemap",
    "model": "googlemaproute"
  }
},
{
  "model": "contenttypes.contenttype",
  "fields": {
    "app_label": "djangocms_snippet",
    "model": "snippet"
  }
},
{
  "model": "contenttypes.contenttype",
  "fields": {
    "app_label": "djangocms_snippet",
    "model": "snippetptr"
  }
},
{
  "model": "contenttypes.contenttype",
  "fields": {
    "app_label": "djangocms_style",
    "model": "style"
  }
},
{
  "model": "contenttypes.contenttype",
  "fields": {
    "app_label": "light_gallery",
    "model": "lightgallery"
  }
},
{
  "model": "contenttypes.contenttype",
  "fields": {
    "app_label": "djangocms_slider",
    "model": "slider"
  }
},
{
  "model": "contenttypes.contenttype",
  "fields": {
    "app_label": "djangocms_slider",
    "model": "slide"
  }
},
{
  "model": "contenttypes.contenttype",
  "fields": {
    "app_label": "djangocms_colorblocks",
    "model": "colorblock"
  }
},
{
  "model": "contenttypes.contenttype",
  "fields": {
    "app_label": "djangocms_colorblocks",
    "model": "colorblocksmodel"
  }
},
{
  "model": "contenttypes.contenttype",
  "fields": {
    "app_label": "djangocms_reviews",
    "model": "reviews"
  }
},
{
  "model": "contenttypes.contenttype",
  "fields": {
    "app_label": "djangocms_reviews",
    "model": "review"
  }
},
{
  "model": "contenttypes.contenttype",
  "fields": {
    "app_label": "djangocms_animated_numbers",
    "model": "number"
  }
},
{
  "model": "contenttypes.contenttype",
  "fields": {
    "app_label": "djangocms_animated_numbers",
    "model": "animatednumbers"
  }
},
{
  "model": "contenttypes.contenttype",
  "fields": {
    "app_label": "background_section",
    "model": "backgroundsection"
  }
},
{
  "model": "contenttypes.contenttype",
  "fields": {
    "app_label": "attractions",
    "model": "attraction"
  }
},
{
  "model": "contenttypes.contenttype",
  "fields": {
    "app_label": "attractions",
    "model": "photo"
  }
},
{
  "model": "contenttypes.contenttype",
  "fields": {
    "app_label": "attractions",
    "model": "attractionsplugin"
  }
},
{
  "model": "contenttypes.contenttype",
  "fields": {
    "app_label": "newsletter",
    "model": "article"
  }
},
{
  "model": "contenttypes.contenttype",
  "fields": {
    "app_label": "newsletter",
    "model": "message"
  }
},
{
  "model": "contenttypes.contenttype",
  "fields": {
    "app_label": "newsletter",
    "model": "newsletter"
  }
},
{
  "model": "contenttypes.contenttype",
  "fields": {
    "app_label": "newsletter",
    "model": "submission"
  }
},
{
  "model": "contenttypes.contenttype",
  "fields": {
    "app_label": "newsletter",
    "model": "subscription"
  }
},
{
  "model": "contenttypes.contenttype",
  "fields": {
    "app_label": "djangocms_blog",
    "model": "latestpostsplugin"
  }
},
{
  "model": "contenttypes.contenttype",
  "fields": {
    "app_label": "taggit",
    "model": "tag"
  }
},
{
  "model": "contenttypes.contenttype",
  "fields": {
    "app_label": "taggit",
    "model": "taggeditem"
  }
},
{
  "model": "contenttypes.contenttype",
  "fields": {
    "app_label": "djangocms_blog",
    "model": "authorentriesplugin"
  }
},
{
  "model": "contenttypes.contenttype",
  "fields": {
    "app_label": "djangocms_blog",
    "model": "blogcategory"
  }
},
{
  "model": "contenttypes.contenttype",
  "fields": {
    "app_label": "djangocms_blog",
    "model": "blogcategorytranslation"
  }
},
{
  "model": "contenttypes.contenttype",
  "fields": {
    "app_label": "djangocms_blog",
    "model": "post"
  }
},
{
  "model": "contenttypes.contenttype",
  "fields": {
    "app_label": "djangocms_blog",
    "model": "posttranslation"
  }
},
{
  "model": "contenttypes.contenttype",
  "fields": {
    "app_label": "djangocms_blog",
    "model": "blogconfig"
  }
},
{
  "model": "contenttypes.contenttype",
  "fields": {
    "app_label": "djangocms_blog",
    "model": "blogconfigtranslation"
  }
},
{
  "model": "contenttypes.contenttype",
  "fields": {
    "app_label": "djangocms_blog",
    "model": "genericblogplugin"
  }
},
{
  "model": "contenttypes.contenttype",
  "fields": {
    "app_label": "news",
    "model": "post"
  }
},
{
  "model": "contenttypes.contenttype",
  "fields": {
    "app_label": "news",
    "model": "newsplugin"
  }
},
{
  "model": "contenttypes.contenttype",
  "fields": {
    "app_label": "cmsplugin_yandexmap",
    "model": "yandexmap"
  }
},
{
  "model": "contenttypes.contenttype",
  "fields": {
    "app_label": "cmsplugin_contact_form",
    "model": "contactformcms"
  }
},
{
  "model": "contenttypes.contenttype",
  "fields": {
    "app_label": "cmsplugin_contact_form",
    "model": "contactformbasefieldcms"
  }
},
{
  "model": "contenttypes.contenttype",
  "fields": {
    "app_label": "cmsplugin_contact_form",
    "model": "contactformtextfieldcms"
  }
},
{
  "model": "contenttypes.contenttype",
  "fields": {
    "app_label": "cmsplugin_contact_form",
    "model": "contactformemailfieldcms"
  }
},
{
  "model": "contenttypes.contenttype",
  "fields": {
    "app_label": "cmsplugin_contact_form",
    "model": "contactformphonefieldcms"
  }
},
{
  "model": "contenttypes.contenttype",
  "fields": {
    "app_label": "cmsplugin_contact_form",
    "model": "contactformtextareafieldcms"
  }
},
{
  "model": "contenttypes.contenttype",
  "fields": {
    "app_label": "cmsplugin_contact_form",
    "model": "contactformcheckboxfieldcms"
  }
},
{
  "model": "contenttypes.contenttype",
  "fields": {
    "app_label": "cmsplugin_contact_form",
    "model": "contactformsubmitfieldcms"
  }
},
{
  "model": "contenttypes.contenttype",
  "fields": {
    "app_label": "cmsplugin_contact",
    "model": "contact"
  }
},
{
  "model": "sessions.session",
  "pk": "286f2fvcz073lu9dgbvt7znnwajt61k0",
  "fields": {
    "session_data": "eyJjbXNfZWRpdCI6ZmFsc2V9:1oeFwL:3jxj_R0eVKDNDaoFVJfc996FZW6say_PxPdxnCDedxc",
    "expire_date": "2022-10-14T13:20:29.448Z"
  }
},
{
  "model": "sessions.session",
  "pk": "2sj1m4mdsa7pg7iilosqabihk2bdwp34",
  "fields": {
    "session_data": "eyJjbXNfZWRpdCI6ZmFsc2V9:1oeCqd:dnunALWRPC9D6ceXLw-ByZ9X9I0_3BBcisx-XcDVPJg",
    "expire_date": "2022-10-14T10:02:23.495Z"
  }
},
{
  "model": "sessions.session",
  "pk": "30kki5wah8sb81bpd0z2u7w7wi2ft1fy",
  "fields": {
    "session_data": "eyJjbXNfZWRpdCI6ZmFsc2V9:1oeB1v:nRa2bwqULtVRQoaI3O5IqWJgvCl3otQr9AY6xLLJ8l4",
    "expire_date": "2022-10-14T08:05:55.649Z"
  }
},
{
  "model": "sessions.session",
  "pk": "40ft0xez6xvv3x2a0rhqnnw5ovfxx9my",
  "fields": {
    "session_data": ".eJyrVkrOLY4vyc_PSUosik_JLE5MyklNUbJKS8wpTtUBS6amZJYoWZUUlUL5BUWpZZmp5VA1tQA_fRi5:1oirqP:2vhHpz4JUMm8uHMofHAUA9LMqJUIZGxeZ0PJoWSFXOM",
    "expire_date": "2022-10-27T06:37:25.868Z"
  }
},
{
  "model": "sessions.session",
  "pk": "7zopv6qv72x17x9a8xm8vvkbge7da2x7",
  "fields": {
    "session_data": "eyJjbXNfZWRpdCI6ZmFsc2V9:1oeD4Z:IDuSMiQ4U5wxMM19a4bjq1ettaiqtek2M_ZgAJHawtc",
    "expire_date": "2022-10-14T10:16:47.560Z"
  }
},
{
  "model": "sessions.session",
  "pk": "84f6y46xike8adbvsqoz8qy840px0k22",
  "fields": {
    "session_data": "eyJjbXNfZWRpdCI6ZmFsc2V9:1od8HK:Ayym2L4LyDqOTvB2mxNkOc4x1mCxdOVPEYUu6VSQgOY",
    "expire_date": "2022-10-11T10:57:30.935Z"
  }
},
{
  "model": "sessions.session",
  "pk": "b5ts3eymgfg32ebc2noj382u4fhhku7y",
  "fields": {
    "session_data": ".eJxVjLESwiAQBf-F2smQAIlY2vsNzMEdBo3BAaKF479LnDRpd_e9D3OPbEqMk4VkMGSwEyE7eZgyHf6SMJQdeCZ6BXqzU0lLRQaWMpolUzKhLlnLdsyCu9O8CrzBfI2Ni3NJwTZr0mw2N5eINJ23dncwQh7rWulODRyIayfRolMkuNRHRC68VbJrOQkhe18zKYC0dlZ5BA66x6EDYN8f-uRP5w:1okKSR:GvZIl56H7DWNamgt7gU8fag0lnwtzm1U8DgVFwqeteo",
    "expire_date": "2022-10-31T07:22:43.013Z"
  }
},
{
  "model": "sessions.session",
  "pk": "c9lijhnqzbhxzabglxpc7e1tlp4jhlka",
  "fields": {
    "session_data": "eyJjbXNfZWRpdCI6ZmFsc2V9:1oeD5D:H6iZbdOE9twqZS2wJjwHPAy2cziMcOqdYS7nrBFXt6o",
    "expire_date": "2022-10-14T10:17:27.801Z"
  }
},
{
  "model": "sessions.session",
  "pk": "feyndr1lonvmoc5zx1uu1ya0ukhezw3v",
  "fields": {
    "session_data": "eyJjbXNfZWRpdCI6ZmFsc2V9:1ogQRJ:sYK6gbIrKTnoOH7sVH3_fOv5tRgSm57QS3FjeYsvFYM",
    "expire_date": "2022-10-20T12:57:25.355Z"
  }
},
{
  "model": "sessions.session",
  "pk": "i4m1zoi2bipnumlxblv4klvmox9om6iw",
  "fields": {
    "session_data": ".eJyrVkrOLY4vyc_PSUosik_JLE5MyklNUbJKS8wpTtUBS6amZJYoWZUUlUL5BUWpZZmp5VA1tQA_fRi5:1ok8Jt:PkGnPl38d4hw7dfsMzz94uzCEHI2kgQ1GYJoLaDoeZo",
    "expire_date": "2022-10-30T18:25:05.030Z"
  }
},
{
  "model": "sessions.session",
  "pk": "ib81k85nep5oxwwtw1rjs6dcoxazyj1r",
  "fields": {
    "session_data": "eyJjbXNfZWRpdCI6ZmFsc2UsImNtc19wcmV2aWV3Ijp0cnVlfQ:1odSPS:HZTZrQ2IkV4dPQ1Q9-ssqBX4s1KKNV7k9ZB1pZqnjTY",
    "expire_date": "2022-10-12T08:27:14.167Z"
  }
},
{
  "model": "sessions.session",
  "pk": "inuuquvn6mm1s9uaxh0fg414yiqjn7ng",
  "fields": {
    "session_data": "eyJjbXNfZWRpdCI6ZmFsc2V9:1ogP8d:hzB8TL8h3gjt_rUdkZzGBcOEUwqpYatCfEBZEKF6rNk",
    "expire_date": "2022-10-20T11:34:03.643Z"
  }
},
{
  "model": "sessions.session",
  "pk": "j26cgvpagbnwjka9k6hp89xocrlzrivk",
  "fields": {
    "session_data": ".eJyrVkrOLY4vyc_PSUosik_JLE5MyklNUbJKS8wpTtUBS6amZJYoWZUUlUL5BUWpZZmp5VA1tQA_fRi5:1odS3N:znGY8Ih3crPIUSh5Xm-4xP1lqCJQ-DepinoS6jytu4U",
    "expire_date": "2022-10-12T08:04:25.005Z"
  }
},
{
  "model": "sessions.session",
  "pk": "l5xe2wjng18bi0w28i499v61i2xuyjcy",
  "fields": {
    "session_data": "eyJjbXNfZWRpdCI6ZmFsc2V9:1ojw9M:4GbrRvASl6CYaS8bUq8BGyeMf7_cfnTMcUYGRe3fhW8",
    "expire_date": "2022-10-30T05:25:24.516Z"
  }
},
{
  "model": "sessions.session",
  "pk": "pmx2sahzqzziam16aquptv49t69n8z6o",
  "fields": {
    "session_data": "eyJjbXNfZWRpdCI6ZmFsc2V9:1oeX8x:6sNVlDbs7CGsHA1eMoj0yejCN0zpS-qyplgFQ5v37ao",
    "expire_date": "2022-10-15T07:42:39.084Z"
  }
},
{
  "model": "sessions.session",
  "pk": "q5gvfz098ly3f3v5hvd90ta3ac3zs9eh",
  "fields": {
    "session_data": "eyJjbXNfZWRpdCI6ZmFsc2V9:1ogQMQ:CJNZ6vhnL7bfTC3rv6P8MvSN5n2TwzSO4BxCvTfQ7Sk",
    "expire_date": "2022-10-20T12:52:22.140Z"
  }
},
{
  "model": "sessions.session",
  "pk": "sgs86e55xxqta88wpw1y07yz7233mklk",
  "fields": {
    "session_data": ".eJyrVkrOLY4vyc_PSUosik_JLE5MyklNUbJKS8wpTtUBS6amZJYoWZUUlUL5BUWpZZmp5VA1tQA_fRi5:1ok1Uw:NYoNwUbrvlfONlkWAnJfCnrEdIyaH9YCTeTGEH6A2yI",
    "expire_date": "2022-10-30T11:08:02.520Z"
  }
},
{
  "model": "sessions.session",
  "pk": "tmrwa6zuxf1mtl2k6kpittxabp0o9tzb",
  "fields": {
    "session_data": ".eJyrVkrOLY4vyc_PSUosik_JLE5MyklNUbJKS8wpTtUBS6amZJYoWZUUlUL5BUWpZZmp5VA1tQA_fRi5:1ojAAk:jxCvs6s83oTMKolh3_1bpFrV30dpa0TRgY2_LYycmkk",
    "expire_date": "2022-10-28T02:11:38.358Z"
  }
},
{
  "model": "sessions.session",
  "pk": "ulqrg958do1ncnd1ktl62ejl6mralxmc",
  "fields": {
    "session_data": ".eJyrVkrOLY4vyc_PSUosik_JLE5MyklNUbJKS8wpTtUBS6amZJYoWZUUlUL5BUWpZZmp5VA1tQA_fRi5:1odGUC:AE5WcntHAi-dSt6rQXkTzj9YmeJS4Uh48w45JfRb5m4",
    "expire_date": "2022-10-11T19:43:20.017Z"
  }
},
{
  "model": "sessions.session",
  "pk": "v8g43svo1kjzrbarh2phw9gevb3tpk48",
  "fields": {
    "session_data": "eyJjbXNfZWRpdCI6ZmFsc2V9:1oeXn7:-7yWJTu0j0byV28nToQhq2vytEBSV-QSAGxpksCUhhY",
    "expire_date": "2022-10-15T08:24:09.573Z"
  }
},
{
  "model": "sessions.session",
  "pk": "xaogwzmq85yrefdkk5xjnr03kxlkeqpr",
  "fields": {
    "session_data": "eyJjbXNfZWRpdCI6ZmFsc2V9:1oirlS:_kVET89WZJ8bt2pKGjj2gZVZeeDANVIvsf64Hdmrjp8",
    "expire_date": "2022-10-27T06:32:18.751Z"
  }
},
{
  "model": "sessions.session",
  "pk": "y3jfct1px2flkpt6v8c6t2yf95znec6n",
  "fields": {
    "session_data": "eyJjbXNfZWRpdCI6ZmFsc2V9:1oeG0w:Go9TPYltCVwWwpFdB5fIotlnrUxP8d8v83pR6L9hmJE",
    "expire_date": "2022-10-14T13:25:14.041Z"
  }
},
{
  "model": "sessions.session",
  "pk": "zrepp44neyub6lu1rjb47krvlcbhfeoz",
  "fields": {
    "session_data": "eyJjbXNfZWRpdCI6ZmFsc2V9:1oeFx0:I9jTbvQgCE4LddCJtFZDsMEvvlcPgr7HAwkPRqLlC88",
    "expire_date": "2022-10-14T13:21:10.940Z"
  }
},
{
  "model": "sites.site",
  "fields": {
    "domain": "example.com",
    "name": "example.com"
  }
},
{
  "model": "cms.treenode",
  "pk": 1,
  "fields": {
    "path": "0001",
    "depth": 1,
    "numchild": 0,
    "parent": null,
    "site": [
      "example.com"
    ]
  }
},
{
  "model": "cms.treenode",
  "pk": 2,
  "fields": {
    "path": "0002",
    "depth": 1,
    "numchild": 2,
    "parent": null,
    "site": [
      "example.com"
    ]
  }
},
{
  "model": "cms.treenode",
  "pk": 4,
  "fields": {
    "path": "00020001",
    "depth": 2,
    "numchild": 0,
    "parent": 2,
    "site": [
      "example.com"
    ]
  }
},
{
  "model": "cms.treenode",
  "pk": 5,
  "fields": {
    "path": "00020002",
    "depth": 2,
    "numchild": 0,
    "parent": 2,
    "site": [
      "example.com"
    ]
  }
},
{
  "model": "cms.treenode",
  "pk": 6,
  "fields": {
    "path": "0003",
    "depth": 1,
    "numchild": 0,
    "parent": null,
    "site": [
      "example.com"
    ]
  }
},
{
  "model": "cms.treenode",
  "pk": 7,
  "fields": {
    "path": "0004",
    "depth": 1,
    "numchild": 0,
    "parent": null,
    "site": [
      "example.com"
    ]
  }
},
{
  "model": "cms.treenode",
  "pk": 9,
  "fields": {
    "path": "0005",
    "depth": 1,
    "numchild": 0,
    "parent": null,
    "site": [
      "example.com"
    ]
  }
},
{
  "model": "cms.treenode",
  "pk": 10,
  "fields": {
    "path": "0006",
    "depth": 1,
    "numchild": 0,
    "parent": null,
    "site": [
      "example.com"
    ]
  }
},
{
  "model": "cms.page",
  "pk": 1,
  "fields": {
    "created_by": "admin",
    "changed_by": "admin",
    "creation_date": "2022-09-27T10:02:23.246Z",
    "changed_date": "2022-10-16T07:45:27.903Z",
    "publication_date": "2022-09-27T10:02:23.254Z",
    "publication_end_date": null,
    "in_navigation": true,
    "soft_root": false,
    "reverse_id": null,
    "navigation_extenders": null,
    "template": "INHERIT",
    "login_required": false,
    "limit_visibility_in_menu": null,
    "is_home": true,
    "application_urls": null,
    "application_namespace": null,
    "publisher_is_draft": true,
    "publisher_public": 2,
    "languages": "ru-ru",
    "xframe_options": 0,
    "is_page_type": false,
    "node": 1,
    "placeholders": [
      2
    ]
  }
},
{
  "model": "cms.page",
  "pk": 2,
  "fields": {
    "created_by": "admin",
    "changed_by": "admin",
    "creation_date": "2022-09-27T10:02:23.255Z",
    "changed_date": "2022-10-17T07:22:42.095Z",
    "publication_date": "2022-09-27T10:02:23.254Z",
    "publication_end_date": null,
    "in_navigation": true,
    "soft_root": false,
    "reverse_id": null,
    "navigation_extenders": null,
    "template": "INHERIT",
    "login_required": false,
    "limit_visibility_in_menu": null,
    "is_home": true,
    "application_urls": null,
    "application_namespace": null,
    "publisher_is_draft": false,
    "publisher_public": 1,
    "languages": "ru-ru",
    "xframe_options": 0,
    "is_page_type": false,
    "node": 1,
    "placeholders": [
      3
    ]
  }
},
{
  "model": "cms.page",
  "pk": 3,
  "fields": {
    "created_by": "admin",
    "changed_by": "admin",
    "creation_date": "2022-09-27T12:17:05.953Z",
    "changed_date": "2022-09-27T12:17:05.953Z",
    "publication_date": "2022-09-27T12:17:15.377Z",
    "publication_end_date": null,
    "in_navigation": true,
    "soft_root": false,
    "reverse_id": null,
    "navigation_extenders": null,
    "template": "INHERIT",
    "login_required": false,
    "limit_visibility_in_menu": null,
    "is_home": false,
    "application_urls": null,
    "application_namespace": null,
    "publisher_is_draft": true,
    "publisher_public": 4,
    "languages": "ru-ru",
    "xframe_options": 0,
    "is_page_type": false,
    "node": 2,
    "placeholders": [
      4
    ]
  }
},
{
  "model": "cms.page",
  "pk": 4,
  "fields": {
    "created_by": "admin",
    "changed_by": "admin",
    "creation_date": "2022-09-27T12:17:15.377Z",
    "changed_date": "2022-09-28T12:13:08.403Z",
    "publication_date": "2022-09-27T12:17:15.377Z",
    "publication_end_date": null,
    "in_navigation": true,
    "soft_root": false,
    "reverse_id": null,
    "navigation_extenders": null,
    "template": "INHERIT",
    "login_required": false,
    "limit_visibility_in_menu": null,
    "is_home": false,
    "application_urls": null,
    "application_namespace": null,
    "publisher_is_draft": false,
    "publisher_public": 3,
    "languages": "ru-ru",
    "xframe_options": 0,
    "is_page_type": false,
    "node": 2,
    "placeholders": [
      5
    ]
  }
},
{
  "model": "cms.page",
  "pk": 6,
  "fields": {
    "created_by": "admin",
    "changed_by": "admin",
    "creation_date": "2022-09-28T13:14:22.589Z",
    "changed_date": "2022-09-28T13:14:25.791Z",
    "publication_date": "2022-09-28T13:14:33.819Z",
    "publication_end_date": null,
    "in_navigation": true,
    "soft_root": false,
    "reverse_id": null,
    "navigation_extenders": null,
    "template": "INHERIT",
    "login_required": false,
    "limit_visibility_in_menu": null,
    "is_home": false,
    "application_urls": null,
    "application_namespace": null,
    "publisher_is_draft": true,
    "publisher_public": 7,
    "languages": "ru-ru",
    "xframe_options": 0,
    "is_page_type": false,
    "node": 4,
    "placeholders": [
      7
    ]
  }
},
{
  "model": "cms.page",
  "pk": 7,
  "fields": {
    "created_by": "admin",
    "changed_by": "admin",
    "creation_date": "2022-09-28T13:14:33.819Z",
    "changed_date": "2022-09-30T07:19:05.296Z",
    "publication_date": "2022-09-28T13:14:33.819Z",
    "publication_end_date": null,
    "in_navigation": true,
    "soft_root": false,
    "reverse_id": null,
    "navigation_extenders": null,
    "template": "INHERIT",
    "login_required": false,
    "limit_visibility_in_menu": null,
    "is_home": false,
    "application_urls": null,
    "application_namespace": null,
    "publisher_is_draft": false,
    "publisher_public": 6,
    "languages": "ru-ru",
    "xframe_options": 0,
    "is_page_type": false,
    "node": 4,
    "placeholders": [
      8
    ]
  }
},
{
  "model": "cms.page",
  "pk": 8,
  "fields": {
    "created_by": "admin",
    "changed_by": "admin",
    "creation_date": "2022-09-28T13:42:12.573Z",
    "changed_date": "2022-09-28T13:42:12.583Z",
    "publication_date": "2022-09-28T13:51:53.166Z",
    "publication_end_date": null,
    "in_navigation": true,
    "soft_root": false,
    "reverse_id": null,
    "navigation_extenders": null,
    "template": "INHERIT",
    "login_required": false,
    "limit_visibility_in_menu": null,
    "is_home": false,
    "application_urls": null,
    "application_namespace": null,
    "publisher_is_draft": true,
    "publisher_public": 9,
    "languages": "ru-ru",
    "xframe_options": 0,
    "is_page_type": false,
    "node": 5,
    "placeholders": [
      9
    ]
  }
},
{
  "model": "cms.page",
  "pk": 9,
  "fields": {
    "created_by": "admin",
    "changed_by": "admin",
    "creation_date": "2022-09-28T13:51:53.166Z",
    "changed_date": "2022-09-28T13:51:53.166Z",
    "publication_date": "2022-09-28T13:51:53.166Z",
    "publication_end_date": null,
    "in_navigation": true,
    "soft_root": false,
    "reverse_id": null,
    "navigation_extenders": null,
    "template": "INHERIT",
    "login_required": false,
    "limit_visibility_in_menu": null,
    "is_home": false,
    "application_urls": null,
    "application_namespace": null,
    "publisher_is_draft": false,
    "publisher_public": 8,
    "languages": "ru-ru",
    "xframe_options": 0,
    "is_page_type": false,
    "node": 5,
    "placeholders": [
      10
    ]
  }
},
{
  "model": "cms.page",
  "pk": 10,
  "fields": {
    "created_by": "admin",
    "changed_by": "admin",
    "creation_date": "2022-10-05T06:51:40.471Z",
    "changed_date": "2022-10-05T15:57:47.463Z",
    "publication_date": "2022-10-05T06:53:04.900Z",
    "publication_end_date": null,
    "in_navigation": true,
    "soft_root": false,
    "reverse_id": null,
    "navigation_extenders": "AttractionsSubMenu",
    "template": "INHERIT",
    "login_required": false,
    "limit_visibility_in_menu": null,
    "is_home": false,
    "application_urls": "AttractionsApphook",
    "application_namespace": "attractions",
    "publisher_is_draft": true,
    "publisher_public": 11,
    "languages": "ru-ru",
    "xframe_options": 0,
    "is_page_type": false,
    "node": 6,
    "placeholders": [
      11
    ]
  }
},
{
  "model": "cms.page",
  "pk": 11,
  "fields": {
    "created_by": "admin",
    "changed_by": "admin",
    "creation_date": "2022-10-05T06:53:04.900Z",
    "changed_date": "2022-10-05T15:57:51.244Z",
    "publication_date": "2022-10-05T06:53:04.900Z",
    "publication_end_date": null,
    "in_navigation": true,
    "soft_root": false,
    "reverse_id": null,
    "navigation_extenders": "AttractionsSubMenu",
    "template": "INHERIT",
    "login_required": false,
    "limit_visibility_in_menu": null,
    "is_home": false,
    "application_urls": "AttractionsApphook",
    "application_namespace": "attractions",
    "publisher_is_draft": false,
    "publisher_public": 10,
    "languages": "ru-ru",
    "xframe_options": 0,
    "is_page_type": false,
    "node": 6,
    "placeholders": [
      12
    ]
  }
},
{
  "model": "cms.page",
  "pk": 12,
  "fields": {
    "created_by": "admin",
    "changed_by": "admin",
    "creation_date": "2022-10-06T13:12:11.409Z",
    "changed_date": "2022-10-06T13:12:11.422Z",
    "publication_date": "2022-10-06T13:12:49.761Z",
    "publication_end_date": null,
    "in_navigation": true,
    "soft_root": false,
    "reverse_id": null,
    "navigation_extenders": null,
    "template": "INHERIT",
    "login_required": false,
    "limit_visibility_in_menu": null,
    "is_home": false,
    "application_urls": null,
    "application_namespace": null,
    "publisher_is_draft": true,
    "publisher_public": 13,
    "languages": "ru-ru",
    "xframe_options": 0,
    "is_page_type": false,
    "node": 7,
    "placeholders": [
      13
    ]
  }
},
{
  "model": "cms.page",
  "pk": 13,
  "fields": {
    "created_by": "admin",
    "changed_by": "admin",
    "creation_date": "2022-10-06T13:12:49.761Z",
    "changed_date": "2022-10-06T13:26:57.941Z",
    "publication_date": "2022-10-06T13:12:49.761Z",
    "publication_end_date": null,
    "in_navigation": true,
    "soft_root": false,
    "reverse_id": null,
    "navigation_extenders": null,
    "template": "INHERIT",
    "login_required": false,
    "limit_visibility_in_menu": null,
    "is_home": false,
    "application_urls": null,
    "application_namespace": null,
    "publisher_is_draft": false,
    "publisher_public": 12,
    "languages": "ru-ru",
    "xframe_options": 0,
    "is_page_type": false,
    "node": 7,
    "placeholders": [
      14
    ]
  }
},
{
  "model": "cms.page",
  "pk": 16,
  "fields": {
    "created_by": "admin",
    "changed_by": "admin",
    "creation_date": "2022-10-10T06:54:32.196Z",
    "changed_date": "2022-10-13T05:52:21.612Z",
    "publication_date": "2022-10-10T06:57:10.961Z",
    "publication_end_date": null,
    "in_navigation": true,
    "soft_root": false,
    "reverse_id": null,
    "navigation_extenders": null,
    "template": "INHERIT",
    "login_required": false,
    "limit_visibility_in_menu": null,
    "is_home": false,
    "application_urls": "NewsApphook",
    "application_namespace": "news",
    "publisher_is_draft": true,
    "publisher_public": 17,
    "languages": "ru-ru",
    "xframe_options": 0,
    "is_page_type": false,
    "node": 9,
    "placeholders": [
      17
    ]
  }
},
{
  "model": "cms.page",
  "pk": 17,
  "fields": {
    "created_by": "admin",
    "changed_by": "admin",
    "creation_date": "2022-10-10T06:57:10.961Z",
    "changed_date": "2022-10-13T05:52:29.202Z",
    "publication_date": "2022-10-10T06:57:10.961Z",
    "publication_end_date": null,
    "in_navigation": true,
    "soft_root": false,
    "reverse_id": null,
    "navigation_extenders": null,
    "template": "INHERIT",
    "login_required": false,
    "limit_visibility_in_menu": null,
    "is_home": false,
    "application_urls": "NewsApphook",
    "application_namespace": "news",
    "publisher_is_draft": false,
    "publisher_public": 16,
    "languages": "ru-ru",
    "xframe_options": 0,
    "is_page_type": false,
    "node": 9,
    "placeholders": [
      18
    ]
  }
},
{
  "model": "cms.page",
  "pk": 18,
  "fields": {
    "created_by": "admin",
    "changed_by": "admin",
    "creation_date": "2022-10-13T08:45:48.432Z",
    "changed_date": "2022-10-13T08:45:48.443Z",
    "publication_date": "2022-10-13T08:47:13.619Z",
    "publication_end_date": null,
    "in_navigation": true,
    "soft_root": false,
    "reverse_id": null,
    "navigation_extenders": null,
    "template": "INHERIT",
    "login_required": false,
    "limit_visibility_in_menu": null,
    "is_home": false,
    "application_urls": null,
    "application_namespace": null,
    "publisher_is_draft": true,
    "publisher_public": 19,
    "languages": "ru-ru",
    "xframe_options": 0,
    "is_page_type": false,
    "node": 10,
    "placeholders": [
      44
    ]
  }
},
{
  "model": "cms.page",
  "pk": 19,
  "fields": {
    "created_by": "admin",
    "changed_by": "admin",
    "creation_date": "2022-10-13T08:47:13.619Z",
    "changed_date": "2022-10-14T04:21:15.296Z",
    "publication_date": "2022-10-13T08:47:13.619Z",
    "publication_end_date": null,
    "in_navigation": true,
    "soft_root": false,
    "reverse_id": null,
    "navigation_extenders": null,
    "template": "INHERIT",
    "login_required": false,
    "limit_visibility_in_menu": null,
    "is_home": false,
    "application_urls": null,
    "application_namespace": null,
    "publisher_is_draft": false,
    "publisher_public": 18,
    "languages": "ru-ru",
    "xframe_options": 0,
    "is_page_type": false,
    "node": 10,
    "placeholders": [
      45
    ]
  }
},
{
  "model": "cms.placeholder",
  "pk": 1,
  "fields": {
    "slot": "clipboard",
    "default_width": null
  }
},
{
  "model": "cms.placeholder",
  "pk": 2,
  "fields": {
    "slot": "content",
    "default_width": null
  }
},
{
  "model": "cms.placeholder",
  "pk": 3,
  "fields": {
    "slot": "content",
    "default_width": null
  }
},
{
  "model": "cms.placeholder",
  "pk": 4,
  "fields": {
    "slot": "content",
    "default_width": null
  }
},
{
  "model": "cms.placeholder",
  "pk": 5,
  "fields": {
    "slot": "content",
    "default_width": null
  }
},
{
  "model": "cms.placeholder",
  "pk": 7,
  "fields": {
    "slot": "content",
    "default_width": null
  }
},
{
  "model": "cms.placeholder",
  "pk": 8,
  "fields": {
    "slot": "content",
    "default_width": null
  }
},
{
  "model": "cms.placeholder",
  "pk": 9,
  "fields": {
    "slot": "content",
    "default_width": null
  }
},
{
  "model": "cms.placeholder",
  "pk": 10,
  "fields": {
    "slot": "content",
    "default_width": null
  }
},
{
  "model": "cms.placeholder",
  "pk": 11,
  "fields": {
    "slot": "content",
    "default_width": null
  }
},
{
  "model": "cms.placeholder",
  "pk": 12,
  "fields": {
    "slot": "content",
    "default_width": null
  }
},
{
  "model": "cms.placeholder",
  "pk": 13,
  "fields": {
    "slot": "content",
    "default_width": null
  }
},
{
  "model": "cms.placeholder",
  "pk": 14,
  "fields": {
    "slot": "content",
    "default_width": null
  }
},
{
  "model": "cms.placeholder",
  "pk": 17,
  "fields": {
    "slot": "content",
    "default_width": null
  }
},
{
  "model": "cms.placeholder",
  "pk": 18,
  "fields": {
    "slot": "content",
    "default_width": null
  }
},
{
  "model": "cms.placeholder",
  "pk": 19,
  "fields": {
    "slot": "media",
    "default_width": null
  }
},
{
  "model": "cms.placeholder",
  "pk": 20,
  "fields": {
    "slot": "post_content",
    "default_width": null
  }
},
{
  "model": "cms.placeholder",
  "pk": 21,
  "fields": {
    "slot": "live_blog",
    "default_width": null
  }
},
{
  "model": "cms.placeholder",
  "pk": 22,
  "fields": {
    "slot": "media",
    "default_width": null
  }
},
{
  "model": "cms.placeholder",
  "pk": 23,
  "fields": {
    "slot": "post_content",
    "default_width": null
  }
},
{
  "model": "cms.placeholder",
  "pk": 24,
  "fields": {
    "slot": "live_blog",
    "default_width": null
  }
},
{
  "model": "cms.placeholder",
  "pk": 25,
  "fields": {
    "slot": "media",
    "default_width": null
  }
},
{
  "model": "cms.placeholder",
  "pk": 26,
  "fields": {
    "slot": "post_content",
    "default_width": null
  }
},
{
  "model": "cms.placeholder",
  "pk": 27,
  "fields": {
    "slot": "live_blog",
    "default_width": null
  }
},
{
  "model": "cms.placeholder",
  "pk": 28,
  "fields": {
    "slot": "media",
    "default_width": null
  }
},
{
  "model": "cms.placeholder",
  "pk": 29,
  "fields": {
    "slot": "post_content",
    "default_width": null
  }
},
{
  "model": "cms.placeholder",
  "pk": 30,
  "fields": {
    "slot": "live_blog",
    "default_width": null
  }
},
{
  "model": "cms.placeholder",
  "pk": 31,
  "fields": {
    "slot": "top",
    "default_width": null
  }
},
{
  "model": "cms.placeholder",
  "pk": 32,
  "fields": {
    "slot": "top",
    "default_width": null
  }
},
{
  "model": "cms.placeholder",
  "pk": 33,
  "fields": {
    "slot": "bottom",
    "default_width": null
  }
},
{
  "model": "cms.placeholder",
  "pk": 34,
  "fields": {
    "slot": "top",
    "default_width": null
  }
},
{
  "model": "cms.placeholder",
  "pk": 35,
  "fields": {
    "slot": "bottom",
    "default_width": null
  }
},
{
  "model": "cms.placeholder",
  "pk": 36,
  "fields": {
    "slot": "top",
    "default_width": null
  }
},
{
  "model": "cms.placeholder",
  "pk": 37,
  "fields": {
    "slot": "bottom",
    "default_width": null
  }
},
{
  "model": "cms.placeholder",
  "pk": 38,
  "fields": {
    "slot": "top",
    "default_width": null
  }
},
{
  "model": "cms.placeholder",
  "pk": 39,
  "fields": {
    "slot": "bottom",
    "default_width": null
  }
},
{
  "model": "cms.placeholder",
  "pk": 40,
  "fields": {
    "slot": "top",
    "default_width": null
  }
},
{
  "model": "cms.placeholder",
  "pk": 41,
  "fields": {
    "slot": "bottom",
    "default_width": null
  }
},
{
  "model": "cms.placeholder",
  "pk": 42,
  "fields": {
    "slot": "top",
    "default_width": null
  }
},
{
  "model": "cms.placeholder",
  "pk": 43,
  "fields": {
    "slot": "bottom",
    "default_width": null
  }
},
{
  "model": "cms.placeholder",
  "pk": 44,
  "fields": {
    "slot": "content",
    "default_width": null
  }
},
{
  "model": "cms.placeholder",
  "pk": 45,
  "fields": {
    "slot": "content",
    "default_width": null
  }
},
{
  "model": "cms.placeholder",
  "pk": 46,
  "fields": {
    "slot": "header",
    "default_width": null
  }
},
{
  "model": "cms.placeholder",
  "pk": 47,
  "fields": {
    "slot": "header",
    "default_width": null
  }
},
{
  "model": "cms.placeholder",
  "pk": 48,
  "fields": {
    "slot": "footer",
    "default_width": null
  }
},
{
  "model": "cms.placeholder",
  "pk": 49,
  "fields": {
    "slot": "footer",
    "default_width": null
  }
},
{
  "model": "cms.placeholder",
  "pk": 50,
  "fields": {
    "slot": "footer_2_column",
    "default_width": null
  }
},
{
  "model": "cms.placeholder",
  "pk": 51,
  "fields": {
    "slot": "footer_2_column",
    "default_width": null
  }
},
{
  "model": "cms.placeholder",
  "pk": 52,
  "fields": {
    "slot": "footer_3_column",
    "default_width": null
  }
},
{
  "model": "cms.placeholder",
  "pk": 53,
  "fields": {
    "slot": "footer_3_column",
    "default_width": null
  }
},
{
  "model": "cms.cmsplugin",
  "pk": 13,
  "fields": {
    "path": "0005",
    "depth": 1,
    "numchild": 0,
    "placeholder": 2,
    "parent": null,
    "position": 0,
    "language": "ru-ru",
    "plugin_type": "SliderPlugin",
    "creation_date": "2022-09-27T12:32:51.287Z",
    "changed_date": "2022-10-17T07:22:39.444Z"
  }
},
{
  "model": "cms.cmsplugin",
  "pk": 27,
  "fields": {
    "path": "000R",
    "depth": 1,
    "numchild": 0,
    "placeholder": 2,
    "parent": null,
    "position": 1,
    "language": "ru-ru",
    "plugin_type": "ColorBlocksPlugin",
    "creation_date": "2022-09-27T19:34:31.829Z",
    "changed_date": "2022-10-13T06:04:32.461Z"
  }
},
{
  "model": "cms.cmsplugin",
  "pk": 54,
  "fields": {
    "path": "000D",
    "depth": 1,
    "numchild": 0,
    "placeholder": 4,
    "parent": null,
    "position": 0,
    "language": "ru-ru",
    "plugin_type": "SnippetPlugin",
    "creation_date": "2022-09-28T12:10:23.278Z",
    "changed_date": "2022-09-28T12:10:23.282Z"
  }
},
{
  "model": "cms.cmsplugin",
  "pk": 57,
  "fields": {
    "path": "000E",
    "depth": 1,
    "numchild": 0,
    "placeholder": 5,
    "parent": null,
    "position": 0,
    "language": "ru-ru",
    "plugin_type": "SnippetPlugin",
    "creation_date": "2022-09-28T12:10:23.278Z",
    "changed_date": "2022-09-28T12:13:08.435Z"
  }
},
{
  "model": "cms.cmsplugin",
  "pk": 62,
  "fields": {
    "path": "000H",
    "depth": 1,
    "numchild": 0,
    "placeholder": 7,
    "parent": null,
    "position": 0,
    "language": "ru-ru",
    "plugin_type": "SnippetPlugin",
    "creation_date": "2022-09-30T07:19:03.585Z",
    "changed_date": "2022-09-30T07:19:03.589Z"
  }
},
{
  "model": "cms.cmsplugin",
  "pk": 63,
  "fields": {
    "path": "000I",
    "depth": 1,
    "numchild": 0,
    "placeholder": 8,
    "parent": null,
    "position": 0,
    "language": "ru-ru",
    "plugin_type": "SnippetPlugin",
    "creation_date": "2022-09-30T07:19:03.585Z",
    "changed_date": "2022-09-30T07:19:05.306Z"
  }
},
{
  "model": "cms.cmsplugin",
  "pk": 64,
  "fields": {
    "path": "001X0001",
    "depth": 2,
    "numchild": 0,
    "placeholder": 2,
    "parent": 308,
    "position": 0,
    "language": "ru-ru",
    "plugin_type": "ReviewsPlugin",
    "creation_date": "2022-09-30T08:01:52.274Z",
    "changed_date": "2022-09-30T10:01:18.704Z"
  }
},
{
  "model": "cms.cmsplugin",
  "pk": 104,
  "fields": {
    "path": "001H0002",
    "depth": 2,
    "numchild": 0,
    "placeholder": 2,
    "parent": 145,
    "position": 0,
    "language": "ru-ru",
    "plugin_type": "AnimatedNumbersPlugin",
    "creation_date": "2022-09-30T11:47:07.792Z",
    "changed_date": "2022-09-30T13:20:10.181Z"
  }
},
{
  "model": "cms.cmsplugin",
  "pk": 145,
  "fields": {
    "path": "001H",
    "depth": 1,
    "numchild": 1,
    "placeholder": 2,
    "parent": null,
    "position": 3,
    "language": "ru-ru",
    "plugin_type": "BackgroundSectionPlugin",
    "creation_date": "2022-10-01T07:41:11.138Z",
    "changed_date": "2022-10-06T13:21:27.085Z"
  }
},
{
  "model": "cms.cmsplugin",
  "pk": 308,
  "fields": {
    "path": "001X",
    "depth": 1,
    "numchild": 1,
    "placeholder": 2,
    "parent": null,
    "position": 2,
    "language": "ru-ru",
    "plugin_type": "BackgroundSectionPlugin",
    "creation_date": "2022-10-03T12:35:32.853Z",
    "changed_date": "2022-10-06T12:14:55.959Z"
  }
},
{
  "model": "cms.cmsplugin",
  "pk": 339,
  "fields": {
    "path": "0022",
    "depth": 1,
    "numchild": 0,
    "placeholder": 11,
    "parent": null,
    "position": 0,
    "language": "ru-ru",
    "plugin_type": "BackgroundSectionPlugin",
    "creation_date": "2022-10-05T07:35:09.903Z",
    "changed_date": "2022-10-05T07:35:09.906Z"
  }
},
{
  "model": "cms.cmsplugin",
  "pk": 343,
  "fields": {
    "path": "0023",
    "depth": 1,
    "numchild": 0,
    "placeholder": 12,
    "parent": null,
    "position": 0,
    "language": "ru-ru",
    "plugin_type": "BackgroundSectionPlugin",
    "creation_date": "2022-10-05T07:35:09.903Z",
    "changed_date": "2022-10-05T15:57:51.274Z"
  }
},
{
  "model": "cms.cmsplugin",
  "pk": 344,
  "fields": {
    "path": "002A0001",
    "depth": 2,
    "numchild": 0,
    "placeholder": 2,
    "parent": 352,
    "position": 0,
    "language": "ru-ru",
    "plugin_type": "AttractionPlugin",
    "creation_date": "2022-10-06T08:16:26.122Z",
    "changed_date": "2022-10-06T08:16:26.129Z"
  }
},
{
  "model": "cms.cmsplugin",
  "pk": 352,
  "fields": {
    "path": "002A",
    "depth": 1,
    "numchild": 2,
    "placeholder": 2,
    "parent": null,
    "position": 5,
    "language": "ru-ru",
    "plugin_type": "BackgroundSectionPlugin",
    "creation_date": "2022-10-06T08:41:02.407Z",
    "changed_date": "2022-10-10T05:54:51.805Z"
  }
},
{
  "model": "cms.cmsplugin",
  "pk": 361,
  "fields": {
    "path": "002A0002",
    "depth": 2,
    "numchild": 0,
    "placeholder": 2,
    "parent": 352,
    "position": 1,
    "language": "ru-ru",
    "plugin_type": "AttractionPlugin",
    "creation_date": "2022-10-06T08:58:56.734Z",
    "changed_date": "2022-10-06T09:26:06.648Z"
  }
},
{
  "model": "cms.cmsplugin",
  "pk": 394,
  "fields": {
    "path": "002N0001",
    "depth": 2,
    "numchild": 0,
    "placeholder": 2,
    "parent": 404,
    "position": 0,
    "language": "ru-ru",
    "plugin_type": "LightGallery",
    "creation_date": "2022-10-06T11:29:42.914Z",
    "changed_date": "2022-10-06T12:51:53.491Z"
  }
},
{
  "model": "cms.cmsplugin",
  "pk": 404,
  "fields": {
    "path": "002N",
    "depth": 1,
    "numchild": 1,
    "placeholder": 2,
    "parent": null,
    "position": 6,
    "language": "ru-ru",
    "plugin_type": "BackgroundSectionPlugin",
    "creation_date": "2022-10-06T11:33:46.738Z",
    "changed_date": "2022-10-10T05:55:00.869Z"
  }
},
{
  "model": "cms.cmsplugin",
  "pk": 585,
  "fields": {
    "path": "002X0001",
    "depth": 2,
    "numchild": 0,
    "placeholder": 13,
    "parent": 588,
    "position": 0,
    "language": "ru-ru",
    "plugin_type": "LightGallery",
    "creation_date": "2022-10-06T13:12:42.445Z",
    "changed_date": "2022-10-06T13:26:54.253Z"
  }
},
{
  "model": "cms.cmsplugin",
  "pk": 587,
  "fields": {
    "path": "002W",
    "depth": 1,
    "numchild": 0,
    "placeholder": 13,
    "parent": null,
    "position": 0,
    "language": "ru-ru",
    "plugin_type": "SnippetPlugin",
    "creation_date": "2022-10-06T13:13:29.069Z",
    "changed_date": "2022-10-06T13:13:29.073Z"
  }
},
{
  "model": "cms.cmsplugin",
  "pk": 588,
  "fields": {
    "path": "002X",
    "depth": 1,
    "numchild": 1,
    "placeholder": 13,
    "parent": null,
    "position": 2,
    "language": "ru-ru",
    "plugin_type": "BackgroundSectionPlugin",
    "creation_date": "2022-10-06T13:13:57.047Z",
    "changed_date": "2022-10-06T13:26:01.348Z"
  }
},
{
  "model": "cms.cmsplugin",
  "pk": 644,
  "fields": {
    "path": "003E",
    "depth": 1,
    "numchild": 0,
    "placeholder": 14,
    "parent": null,
    "position": 0,
    "language": "ru-ru",
    "plugin_type": "SnippetPlugin",
    "creation_date": "2022-10-06T13:13:29.069Z",
    "changed_date": "2022-10-06T13:26:57.981Z"
  }
},
{
  "model": "cms.cmsplugin",
  "pk": 645,
  "fields": {
    "path": "003F",
    "depth": 1,
    "numchild": 1,
    "placeholder": 14,
    "parent": null,
    "position": 2,
    "language": "ru-ru",
    "plugin_type": "BackgroundSectionPlugin",
    "creation_date": "2022-10-06T13:13:57.047Z",
    "changed_date": "2022-10-06T13:26:57.982Z"
  }
},
{
  "model": "cms.cmsplugin",
  "pk": 646,
  "fields": {
    "path": "003F0001",
    "depth": 2,
    "numchild": 0,
    "placeholder": 14,
    "parent": 645,
    "position": 0,
    "language": "ru-ru",
    "plugin_type": "LightGallery",
    "creation_date": "2022-10-06T13:12:42.445Z",
    "changed_date": "2022-10-06T13:26:57.984Z"
  }
},
{
  "model": "cms.cmsplugin",
  "pk": 679,
  "fields": {
    "path": "003U",
    "depth": 1,
    "numchild": 0,
    "placeholder": 20,
    "parent": null,
    "position": 0,
    "language": "ru-ru",
    "plugin_type": "FilePlugin",
    "creation_date": "2022-10-10T07:38:48.323Z",
    "changed_date": "2022-10-10T07:38:48.331Z"
  }
},
{
  "model": "cms.cmsplugin",
  "pk": 680,
  "fields": {
    "path": "003V",
    "depth": 1,
    "numchild": 0,
    "placeholder": 20,
    "parent": null,
    "position": 1,
    "language": "ru-ru",
    "plugin_type": "AttractionPlugin",
    "creation_date": "2022-10-10T07:39:43.067Z",
    "changed_date": "2022-10-10T07:39:43.072Z"
  }
},
{
  "model": "cms.cmsplugin",
  "pk": 681,
  "fields": {
    "path": "003W",
    "depth": 1,
    "numchild": 0,
    "placeholder": 19,
    "parent": null,
    "position": 0,
    "language": "ru-ru",
    "plugin_type": "PicturePlugin",
    "creation_date": "2022-10-10T07:48:37.564Z",
    "changed_date": "2022-10-10T07:48:37.573Z"
  }
},
{
  "model": "cms.cmsplugin",
  "pk": 729,
  "fields": {
    "path": "0044",
    "depth": 1,
    "numchild": 0,
    "placeholder": 20,
    "parent": null,
    "position": 2,
    "language": "ru-ru",
    "plugin_type": "TextPlugin",
    "creation_date": "2022-10-13T02:49:55.798Z",
    "changed_date": "2022-10-13T02:49:55.799Z"
  }
},
{
  "model": "cms.cmsplugin",
  "pk": 730,
  "fields": {
    "path": "0045",
    "depth": 1,
    "numchild": 1,
    "placeholder": 2,
    "parent": null,
    "position": 7,
    "language": "ru-ru",
    "plugin_type": "BackgroundSectionPlugin",
    "creation_date": "2022-10-13T03:00:58.681Z",
    "changed_date": "2022-10-13T03:43:32.670Z"
  }
},
{
  "model": "cms.cmsplugin",
  "pk": 766,
  "fields": {
    "path": "00450001",
    "depth": 2,
    "numchild": 0,
    "placeholder": 2,
    "parent": 730,
    "position": 0,
    "language": "ru-ru",
    "plugin_type": "NewsPlugin",
    "creation_date": "2022-10-13T04:40:03.226Z",
    "changed_date": "2022-10-13T06:17:42.260Z"
  }
},
{
  "model": "cms.cmsplugin",
  "pk": 816,
  "fields": {
    "path": "004E",
    "depth": 1,
    "numchild": 2,
    "placeholder": 44,
    "parent": null,
    "position": 1,
    "language": "ru-ru",
    "plugin_type": "BackgroundSectionPlugin",
    "creation_date": "2022-10-13T08:46:44.832Z",
    "changed_date": "2022-10-14T02:54:08.278Z"
  }
},
{
  "model": "cms.cmsplugin",
  "pk": 817,
  "fields": {
    "path": "004F",
    "depth": 1,
    "numchild": 0,
    "placeholder": 44,
    "parent": null,
    "position": 0,
    "language": "ru-ru",
    "plugin_type": "SnippetPlugin",
    "creation_date": "2022-10-13T08:47:06.348Z",
    "changed_date": "2022-10-13T09:08:29.232Z"
  }
},
{
  "model": "cms.cmsplugin",
  "pk": 821,
  "fields": {
    "path": "004E0001",
    "depth": 2,
    "numchild": 0,
    "placeholder": 44,
    "parent": 816,
    "position": 0,
    "language": "ru-ru",
    "plugin_type": "SnippetPlugin",
    "creation_date": "2022-10-13T09:05:15.241Z",
    "changed_date": "2022-10-14T04:21:12.445Z"
  }
},
{
  "model": "cms.cmsplugin",
  "pk": 857,
  "fields": {
    "path": "004E0002",
    "depth": 2,
    "numchild": 0,
    "placeholder": 44,
    "parent": 816,
    "position": 1,
    "language": "ru-ru",
    "plugin_type": "TextPlugin",
    "creation_date": "2022-10-14T02:53:04.650Z",
    "changed_date": "2022-10-14T02:53:21.230Z"
  }
},
{
  "model": "cms.cmsplugin",
  "pk": 890,
  "fields": {
    "path": "004P",
    "depth": 1,
    "numchild": 0,
    "placeholder": 46,
    "parent": null,
    "position": 0,
    "language": "ru-ru",
    "plugin_type": "SnippetPlugin",
    "creation_date": "2022-10-14T04:09:33.670Z",
    "changed_date": "2022-10-16T10:54:58.928Z"
  }
},
{
  "model": "cms.cmsplugin",
  "pk": 931,
  "fields": {
    "path": "005F",
    "depth": 1,
    "numchild": 2,
    "placeholder": 45,
    "parent": null,
    "position": 1,
    "language": "ru-ru",
    "plugin_type": "BackgroundSectionPlugin",
    "creation_date": "2022-10-13T08:46:44.832Z",
    "changed_date": "2022-10-14T04:21:15.346Z"
  }
},
{
  "model": "cms.cmsplugin",
  "pk": 932,
  "fields": {
    "path": "005F0001",
    "depth": 2,
    "numchild": 0,
    "placeholder": 45,
    "parent": 931,
    "position": 0,
    "language": "ru-ru",
    "plugin_type": "SnippetPlugin",
    "creation_date": "2022-10-13T09:05:15.241Z",
    "changed_date": "2022-10-14T04:21:15.348Z"
  }
},
{
  "model": "cms.cmsplugin",
  "pk": 933,
  "fields": {
    "path": "005F0002",
    "depth": 2,
    "numchild": 0,
    "placeholder": 45,
    "parent": 931,
    "position": 1,
    "language": "ru-ru",
    "plugin_type": "TextPlugin",
    "creation_date": "2022-10-14T02:53:04.650Z",
    "changed_date": "2022-10-14T04:21:15.359Z"
  }
},
{
  "model": "cms.cmsplugin",
  "pk": 934,
  "fields": {
    "path": "005G",
    "depth": 1,
    "numchild": 0,
    "placeholder": 45,
    "parent": null,
    "position": 0,
    "language": "ru-ru",
    "plugin_type": "SnippetPlugin",
    "creation_date": "2022-10-13T08:47:06.348Z",
    "changed_date": "2022-10-14T04:21:15.357Z"
  }
},
{
  "model": "cms.cmsplugin",
  "pk": 999,
  "fields": {
    "path": "006K",
    "depth": 1,
    "numchild": 0,
    "placeholder": 50,
    "parent": null,
    "position": 0,
    "language": "ru-ru",
    "plugin_type": "SnippetPlugin",
    "creation_date": "2022-10-16T07:39:37.065Z",
    "changed_date": "2022-10-16T08:42:31.942Z"
  }
},
{
  "model": "cms.cmsplugin",
  "pk": 1000,
  "fields": {
    "path": "006L",
    "depth": 1,
    "numchild": 0,
    "placeholder": 52,
    "parent": null,
    "position": 0,
    "language": "ru-ru",
    "plugin_type": "SnippetPlugin",
    "creation_date": "2022-10-16T07:40:36.765Z",
    "changed_date": "2022-10-16T07:40:36.770Z"
  }
},
{
  "model": "cms.cmsplugin",
  "pk": 1014,
  "fields": {
    "path": "006U",
    "depth": 1,
    "numchild": 0,
    "placeholder": 53,
    "parent": null,
    "position": 0,
    "language": "ru-ru",
    "plugin_type": "SnippetPlugin",
    "creation_date": "2022-10-16T07:40:36.765Z",
    "changed_date": "2022-10-16T07:40:42.387Z"
  }
},
{
  "model": "cms.cmsplugin",
  "pk": 1194,
  "fields": {
    "path": "009I",
    "depth": 1,
    "numchild": 0,
    "placeholder": 51,
    "parent": null,
    "position": 0,
    "language": "ru-ru",
    "plugin_type": "SnippetPlugin",
    "creation_date": "2022-10-16T07:39:37.065Z",
    "changed_date": "2022-10-16T08:42:33.730Z"
  }
},
{
  "model": "cms.cmsplugin",
  "pk": 1272,
  "fields": {
    "path": "00AU",
    "depth": 1,
    "numchild": 0,
    "placeholder": 47,
    "parent": null,
    "position": 0,
    "language": "ru-ru",
    "plugin_type": "SnippetPlugin",
    "creation_date": "2022-10-14T04:09:33.670Z",
    "changed_date": "2022-10-16T10:55:00.972Z"
  }
},
{
  "model": "cms.cmsplugin",
  "pk": 1273,
  "fields": {
    "path": "00AV",
    "depth": 1,
    "numchild": 0,
    "placeholder": 3,
    "parent": null,
    "position": 0,
    "language": "ru-ru",
    "plugin_type": "SliderPlugin",
    "creation_date": "2022-09-27T12:32:51.287Z",
    "changed_date": "2022-10-17T07:22:42.167Z"
  }
},
{
  "model": "cms.cmsplugin",
  "pk": 1274,
  "fields": {
    "path": "00AW",
    "depth": 1,
    "numchild": 0,
    "placeholder": 3,
    "parent": null,
    "position": 1,
    "language": "ru-ru",
    "plugin_type": "ColorBlocksPlugin",
    "creation_date": "2022-09-27T19:34:31.829Z",
    "changed_date": "2022-10-17T07:22:42.171Z"
  }
},
{
  "model": "cms.cmsplugin",
  "pk": 1275,
  "fields": {
    "path": "00AX",
    "depth": 1,
    "numchild": 1,
    "placeholder": 3,
    "parent": null,
    "position": 3,
    "language": "ru-ru",
    "plugin_type": "BackgroundSectionPlugin",
    "creation_date": "2022-10-01T07:41:11.138Z",
    "changed_date": "2022-10-17T07:22:42.175Z"
  }
},
{
  "model": "cms.cmsplugin",
  "pk": 1276,
  "fields": {
    "path": "00AX0001",
    "depth": 2,
    "numchild": 0,
    "placeholder": 3,
    "parent": 1275,
    "position": 0,
    "language": "ru-ru",
    "plugin_type": "AnimatedNumbersPlugin",
    "creation_date": "2022-09-30T11:47:07.792Z",
    "changed_date": "2022-10-17T07:22:42.176Z"
  }
},
{
  "model": "cms.cmsplugin",
  "pk": 1277,
  "fields": {
    "path": "00AY",
    "depth": 1,
    "numchild": 1,
    "placeholder": 3,
    "parent": null,
    "position": 2,
    "language": "ru-ru",
    "plugin_type": "BackgroundSectionPlugin",
    "creation_date": "2022-10-03T12:35:32.853Z",
    "changed_date": "2022-10-17T07:22:42.180Z"
  }
},
{
  "model": "cms.cmsplugin",
  "pk": 1278,
  "fields": {
    "path": "00AY0001",
    "depth": 2,
    "numchild": 0,
    "placeholder": 3,
    "parent": 1277,
    "position": 0,
    "language": "ru-ru",
    "plugin_type": "ReviewsPlugin",
    "creation_date": "2022-09-30T08:01:52.274Z",
    "changed_date": "2022-10-17T07:22:42.182Z"
  }
},
{
  "model": "cms.cmsplugin",
  "pk": 1279,
  "fields": {
    "path": "00AZ",
    "depth": 1,
    "numchild": 1,
    "placeholder": 3,
    "parent": null,
    "position": 5,
    "language": "ru-ru",
    "plugin_type": "BackgroundSectionPlugin",
    "creation_date": "2022-10-06T08:41:02.407Z",
    "changed_date": "2022-10-17T07:22:42.183Z"
  }
},
{
  "model": "cms.cmsplugin",
  "pk": 1280,
  "fields": {
    "path": "00AZ0001",
    "depth": 2,
    "numchild": 0,
    "placeholder": 3,
    "parent": 1279,
    "position": 1,
    "language": "ru-ru",
    "plugin_type": "AttractionPlugin",
    "creation_date": "2022-10-06T08:58:56.734Z",
    "changed_date": "2022-10-17T07:22:42.184Z"
  }
},
{
  "model": "cms.cmsplugin",
  "pk": 1281,
  "fields": {
    "path": "00B0",
    "depth": 1,
    "numchild": 1,
    "placeholder": 3,
    "parent": null,
    "position": 6,
    "language": "ru-ru",
    "plugin_type": "BackgroundSectionPlugin",
    "creation_date": "2022-10-06T11:33:46.738Z",
    "changed_date": "2022-10-17T07:22:42.186Z"
  }
},
{
  "model": "cms.cmsplugin",
  "pk": 1282,
  "fields": {
    "path": "00B00001",
    "depth": 2,
    "numchild": 0,
    "placeholder": 3,
    "parent": 1281,
    "position": 0,
    "language": "ru-ru",
    "plugin_type": "LightGallery",
    "creation_date": "2022-10-06T11:29:42.914Z",
    "changed_date": "2022-10-17T07:22:42.187Z"
  }
},
{
  "model": "cms.cmsplugin",
  "pk": 1283,
  "fields": {
    "path": "00B1",
    "depth": 1,
    "numchild": 1,
    "placeholder": 3,
    "parent": null,
    "position": 7,
    "language": "ru-ru",
    "plugin_type": "BackgroundSectionPlugin",
    "creation_date": "2022-10-13T03:00:58.681Z",
    "changed_date": "2022-10-17T07:22:42.189Z"
  }
},
{
  "model": "cms.cmsplugin",
  "pk": 1284,
  "fields": {
    "path": "00B10001",
    "depth": 2,
    "numchild": 0,
    "placeholder": 3,
    "parent": 1283,
    "position": 0,
    "language": "ru-ru",
    "plugin_type": "NewsPlugin",
    "creation_date": "2022-10-13T04:40:03.226Z",
    "changed_date": "2022-10-17T07:22:42.191Z"
  }
},
{
  "model": "cms.title",
  "pk": 1,
  "fields": {
    "language": "ru-ru",
    "title": " ",
    "page_title": " ",
    "menu_title": "",
    "meta_description": "",
    "slug": "home",
    "path": "",
    "has_url_overwrite": false,
    "redirect": null,
    "page": 1,
    "creation_date": "2022-09-27T10:02:23.247Z",
    "published": true,
    "publisher_is_draft": true,
    "publisher_public": 2,
    "publisher_state": 0
  }
},
{
  "model": "cms.title",
  "pk": 2,
  "fields": {
    "language": "ru-ru",
    "title": " ",
    "page_title": " ",
    "menu_title": "",
    "meta_description": "",
    "slug": "home",
    "path": "",
    "has_url_overwrite": false,
    "redirect": null,
    "page": 2,
    "creation_date": "2022-09-27T10:02:23.247Z",
    "published": true,
    "publisher_is_draft": false,
    "publisher_public": 1,
    "publisher_state": 0
  }
},
{
  "model": "cms.title",
  "pk": 3,
  "fields": {
    "language": "ru-ru",
    "title": " ",
    "page_title": null,
    "menu_title": null,
    "meta_description": null,
    "slug": "about",
    "path": "about",
    "has_url_overwrite": false,
    "redirect": null,
    "page": 3,
    "creation_date": "2022-09-27T12:17:05.955Z",
    "published": true,
    "publisher_is_draft": true,
    "publisher_public": 4,
    "publisher_state": 0
  }
},
{
  "model": "cms.title",
  "pk": 4,
  "fields": {
    "language": "ru-ru",
    "title": " ",
    "page_title": null,
    "menu_title": null,
    "meta_description": null,
    "slug": "about",
    "path": "about",
    "has_url_overwrite": false,
    "redirect": null,
    "page": 4,
    "creation_date": "2022-09-27T12:17:05.955Z",
    "published": true,
    "publisher_is_draft": false,
    "publisher_public": 3,
    "publisher_state": 0
  }
},
{
  "model": "cms.title",
  "pk": 6,
  "fields": {
    "language": "ru-ru",
    "title": " ",
    "page_title": " ",
    "menu_title": " ",
    "meta_description": "",
    "slug": "history",
    "path": "about/history",
    "has_url_overwrite": false,
    "redirect": null,
    "page": 6,
    "creation_date": "2022-09-28T13:14:22.590Z",
    "published": true,
    "publisher_is_draft": true,
    "publisher_public": 7,
    "publisher_state": 0
  }
},
{
  "model": "cms.title",
  "pk": 7,
  "fields": {
    "language": "ru-ru",
    "title": " ",
    "page_title": " ",
    "menu_title": " ",
    "meta_description": "",
    "slug": "history",
    "path": "about/history",
    "has_url_overwrite": false,
    "redirect": null,
    "page": 7,
    "creation_date": "2022-09-28T13:14:22.590Z",
    "published": true,
    "publisher_is_draft": false,
    "publisher_public": 6,
    "publisher_state": 0
  }
},
{
  "model": "cms.title",
  "pk": 8,
  "fields": {
    "language": "ru-ru",
    "title": "   ",
    "page_title": "   ",
    "menu_title": "   ",
    "meta_description": "",
    "slug": "pravila-povedeniya-v-parke",
    "path": "about/pravila-povedeniya-v-parke",
    "has_url_overwrite": false,
    "redirect": null,
    "page": 8,
    "creation_date": "2022-09-28T13:42:12.574Z",
    "published": true,
    "publisher_is_draft": true,
    "publisher_public": 9,
    "publisher_state": 0
  }
},
{
  "model": "cms.title",
  "pk": 9,
  "fields": {
    "language": "ru-ru",
    "title": "   ",
    "page_title": "   ",
    "menu_title": "   ",
    "meta_description": "",
    "slug": "pravila-povedeniya-v-parke",
    "path": "about/pravila-povedeniya-v-parke",
    "has_url_overwrite": false,
    "redirect": null,
    "page": 9,
    "creation_date": "2022-09-28T13:42:12.574Z",
    "published": true,
    "publisher_is_draft": false,
    "publisher_public": 8,
    "publisher_state": 0
  }
},
{
  "model": "cms.title",
  "pk": 10,
  "fields": {
    "language": "ru-ru",
    "title": "",
    "page_title": "",
    "menu_title": "",
    "meta_description": "",
    "slug": "attractions",
    "path": "attractions",
    "has_url_overwrite": false,
    "redirect": null,
    "page": 10,
    "creation_date": "2022-10-05T06:51:40.472Z",
    "published": true,
    "publisher_is_draft": true,
    "publisher_public": 11,
    "publisher_state": 0
  }
},
{
  "model": "cms.title",
  "pk": 11,
  "fields": {
    "language": "ru-ru",
    "title": "",
    "page_title": "",
    "menu_title": "",
    "meta_description": "",
    "slug": "attractions",
    "path": "attractions",
    "has_url_overwrite": false,
    "redirect": null,
    "page": 11,
    "creation_date": "2022-10-05T06:51:40.472Z",
    "published": true,
    "publisher_is_draft": false,
    "publisher_public": 10,
    "publisher_state": 0
  }
},
{
  "model": "cms.title",
  "pk": 12,
  "fields": {
    "language": "ru-ru",
    "title": "",
    "page_title": "",
    "menu_title": "",
    "meta_description": ",  , , ",
    "slug": "gallery",
    "path": "gallery",
    "has_url_overwrite": false,
    "redirect": null,
    "page": 12,
    "creation_date": "2022-10-06T13:12:11.411Z",
    "published": true,
    "publisher_is_draft": true,
    "publisher_public": 13,
    "publisher_state": 0
  }
},
{
  "model": "cms.title",
  "pk": 13,
  "fields": {
    "language": "ru-ru",
    "title": "",
    "page_title": "",
    "menu_title": "",
    "meta_description": ",  , , ",
    "slug": "gallery",
    "path": "gallery",
    "has_url_overwrite": false,
    "redirect": null,
    "page": 13,
    "creation_date": "2022-10-06T13:12:11.411Z",
    "published": true,
    "publisher_is_draft": false,
    "publisher_public": 12,
    "publisher_state": 0
  }
},
{
  "model": "cms.title",
  "pk": 16,
  "fields": {
    "language": "ru-ru",
    "title": "",
    "page_title": "  ",
    "menu_title": "",
    "meta_description": ",  ",
    "slug": "news",
    "path": "news",
    "has_url_overwrite": false,
    "redirect": null,
    "page": 16,
    "creation_date": "2022-10-10T06:54:32.197Z",
    "published": true,
    "publisher_is_draft": true,
    "publisher_public": 17,
    "publisher_state": 0
  }
},
{
  "model": "cms.title",
  "pk": 17,
  "fields": {
    "language": "ru-ru",
    "title": "",
    "page_title": "  ",
    "menu_title": "",
    "meta_description": ",  ",
    "slug": "news",
    "path": "news",
    "has_url_overwrite": false,
    "redirect": null,
    "page": 17,
    "creation_date": "2022-10-10T06:54:32.197Z",
    "published": true,
    "publisher_is_draft": false,
    "publisher_public": 16,
    "publisher_state": 0
  }
},
{
  "model": "cms.title",
  "pk": 18,
  "fields": {
    "language": "ru-ru",
    "title": "",
    "page_title": "",
    "menu_title": "",
    "meta_description": ", , ,  ",
    "slug": "contacts",
    "path": "contacts",
    "has_url_overwrite": false,
    "redirect": null,
    "page": 18,
    "creation_date": "2022-10-13T08:45:48.433Z",
    "published": true,
    "publisher_is_draft": true,
    "publisher_public": 19,
    "publisher_state": 0
  }
},
{
  "model": "cms.title",
  "pk": 19,
  "fields": {
    "language": "ru-ru",
    "title": "",
    "page_title": "",
    "menu_title": "",
    "meta_description": ", , ,  ",
    "slug": "contacts",
    "path": "contacts",
    "has_url_overwrite": false,
    "redirect": null,
    "page": 19,
    "creation_date": "2022-10-13T08:45:48.433Z",
    "published": true,
    "publisher_is_draft": false,
    "publisher_public": 18,
    "publisher_state": 0
  }
},
{
  "model": "cms.staticplaceholder",
  "pk": 1,
  "fields": {
    "name": "",
    "code": "header",
    "draft": 46,
    "public": 47,
    "dirty": false,
    "creation_method": "template",
    "site": null
  }
},
{
  "model": "cms.staticplaceholder",
  "pk": 2,
  "fields": {
    "name": "",
    "code": "footer",
    "draft": 48,
    "public": 49,
    "dirty": false,
    "creation_method": "template",
    "site": null
  }
},
{
  "model": "cms.staticplaceholder",
  "pk": 3,
  "fields": {
    "name": "",
    "code": "footer_2_column",
    "draft": 50,
    "public": 51,
    "dirty": false,
    "creation_method": "template",
    "site": null
  }
},
{
  "model": "cms.staticplaceholder",
  "pk": 4,
  "fields": {
    "name": "",
    "code": "footer_3_column",
    "draft": 52,
    "public": 53,
    "dirty": false,
    "creation_method": "template",
    "site": null
  }
},
{
  "model": "cms.urlconfrevision",
  "pk": 1,
  "fields": {
    "revision": "9a90e98c-8539-4ba0-8fdb-1d6fa43cf7f4"
  }
},
{
  "model": "menus.cachekey",
  "pk": 466,
  "fields": {
    "language": "ru-ru",
    "site": 1,
    "key": "cms_3.11.0_menu_nodes_ru-ru_1_1_user:public"
  }
},
{
  "model": "easy_thumbnails.source",
  "pk": 1,
  "fields": {
    "storage_hash": "f9bde26a1556cd667f742bd34ec7c55e",
    "name": "filer_public/ef/70/ef70366e-c768-4422-a0a1-40f486d2b867/unknown.png",
    "modified": "2022-09-27T10:44:38.973Z"
  }
},
{
  "model": "easy_thumbnails.source",
  "pk": 2,
  "fields": {
    "storage_hash": "f9bde26a1556cd667f742bd34ec7c55e",
    "name": "filer_public/6a/cb/6acbdf56-a7f8-4e0a-8b37-6afd774aa52c/eni_base.png",
    "modified": "2022-09-27T10:44:38.707Z"
  }
},
{
  "model": "easy_thumbnails.source",
  "pk": 3,
  "fields": {
    "storage_hash": "f9bde26a1556cd667f742bd34ec7c55e",
    "name": "filer_public/ea/29/ea295d4c-ff18-4120-959f-2258a0a16eff/eni_base.png",
    "modified": "2022-09-27T10:44:38.736Z"
  }
},
{
  "model": "easy_thumbnails.source",
  "pk": 4,
  "fields": {
    "storage_hash": "f9bde26a1556cd667f742bd34ec7c55e",
    "name": "filer_public/d0/a1/d0a17fd4-39ce-46c4-9489-afb2de3db2c4/gfdg.png",
    "modified": "2022-09-27T10:59:50.196Z"
  }
},
{
  "model": "easy_thumbnails.source",
  "pk": 5,
  "fields": {
    "storage_hash": "f9bde26a1556cd667f742bd34ec7c55e",
    "name": "filer_public/77/78/777850e5-1691-490d-8cbc-684393574684/screenshot001.png",
    "modified": "2022-09-30T13:19:59.466Z"
  }
},
{
  "model": "easy_thumbnails.source",
  "pk": 6,
  "fields": {
    "storage_hash": "f9bde26a1556cd667f742bd34ec7c55e",
    "name": "filer_public/38/1b/381b51cf-3fa8-443b-8fc7-c487169167e8/img_0088cr2.jpeg",
    "modified": "2022-09-30T13:19:59.080Z"
  }
},
{
  "model": "easy_thumbnails.source",
  "pk": 7,
  "fields": {
    "storage_hash": "f9bde26a1556cd667f742bd34ec7c55e",
    "name": "filer_public/ea/15/ea151baf-39ff-498f-ac0e-c9391a957430/img_0088cr2.jpeg",
    "modified": "2022-10-14T03:40:43.881Z"
  }
},
{
  "model": "easy_thumbnails.source",
  "pk": 8,
  "fields": {
    "storage_hash": "f9bde26a1556cd667f742bd34ec7c55e",
    "name": "filer_public/1b/a2/1ba2144e-de02-4234-9dd4-c29735439ebf/844424964735521_8824.jpg",
    "modified": "2022-10-14T03:40:43.457Z"
  }
},
{
  "model": "easy_thumbnails.source",
  "pk": 9,
  "fields": {
    "storage_hash": "f9bde26a1556cd667f742bd34ec7c55e",
    "name": "filer_public/30/3b/303b112c-8065-472c-9430-3a87b3a31f75/bg_3.jpg",
    "modified": "2022-09-30T13:19:58.813Z"
  }
},
{
  "model": "easy_thumbnails.source",
  "pk": 10,
  "fields": {
    "storage_hash": "f9bde26a1556cd667f742bd34ec7c55e",
    "name": "filer_public/e6/73/e6730a94-bd31-4141-bdaa-454288ff256e/844424964735521_8824.jpg",
    "modified": "2022-10-10T07:48:32.358Z"
  }
},
{
  "model": "easy_thumbnails.source",
  "pk": 11,
  "fields": {
    "storage_hash": "f9bde26a1556cd667f742bd34ec7c55e",
    "name": "filer_public/de/49/de49a7db-6e2a-4af0-b859-adff65daa4f3/gob5lllbycgwh5aya-botaz1zqbwj8czujiqarlcdn3p6miw2cujyisxikd7ujlo5wwi-ptomb101o-htq8qy0hm.jpg",
    "modified": "2022-10-10T07:48:32.419Z"
  }
},
{
  "model": "easy_thumbnails.source",
  "pk": 12,
  "fields": {
    "storage_hash": "f9bde26a1556cd667f742bd34ec7c55e",
    "name": "filer_public/16/0a/160abd97-012c-4a9b-bdf8-911918808178/gob5lllbycgwh5aya-botaz1zqbwj8czujiqarlcdn3p6miw2cujyisxikd7ujlo5wwi-ptomb101o-htq8qy0hm.jpg",
    "modified": "2022-10-10T07:48:32.458Z"
  }
},
{
  "model": "easy_thumbnails.source",
  "pk": 13,
  "fields": {
    "storage_hash": "f9bde26a1556cd667f742bd34ec7c55e",
    "name": "filer_public/7f/b3/7fb31392-daf9-4578-bcdf-8653921093b4/3.jpg",
    "modified": "2022-10-10T07:48:31.959Z"
  }
},
{
  "model": "easy_thumbnails.source",
  "pk": 14,
  "fields": {
    "storage_hash": "f9bde26a1556cd667f742bd34ec7c55e",
    "name": "filer_public/51/33/5133716e-ca39-446a-b39f-ed129662aa78/3.jpg",
    "modified": "2022-10-10T07:48:32.041Z"
  }
},
{
  "model": "easy_thumbnails.source",
  "pk": 15,
  "fields": {
    "storage_hash": "f9bde26a1556cd667f742bd34ec7c55e",
    "name": "filer_public/58/b3/58b36e26-9cb4-4540-8997-8cd40b23e350/3.jpg",
    "modified": "2022-10-10T07:48:38.235Z"
  }
},
{
  "model": "easy_thumbnails.source",
  "pk": 16,
  "fields": {
    "storage_hash": "f9bde26a1556cd667f742bd34ec7c55e",
    "name": "filer_public/ec/87/ec872676-5912-4ed2-8bf5-7151a8aa136e/3.jpg",
    "modified": "2022-10-10T07:48:32.101Z"
  }
},
{
  "model": "easy_thumbnails.source",
  "pk": 17,
  "fields": {
    "storage_hash": "f9bde26a1556cd667f742bd34ec7c55e",
    "name": "filer_public/10/bf/10bf5125-740b-4bca-8585-3a7b3f4055e8/img_0064.cr2",
    "modified": "2022-10-05T08:29:11.587Z"
  }
},
{
  "model": "easy_thumbnails.source",
  "pk": 18,
  "fields": {
    "storage_hash": "f9bde26a1556cd667f742bd34ec7c55e",
    "name": "filer_public/28/f2/28f27c55-7829-4b9b-890b-4296b6d9a35f/img_0082.cr2",
    "modified": "2022-10-05T08:29:21.507Z"
  }
},
{
  "model": "easy_thumbnails.source",
  "pk": 19,
  "fields": {
    "storage_hash": "f9bde26a1556cd667f742bd34ec7c55e",
    "name": "filer_public/f9/4f/f94fccd5-007d-47cf-9993-6d2a84b5e09e/gob5lllbycgwh5aya-botaz1zqbwj8czujiqarlcdn3p6miw2cujyisxikd7ujlo5wwi-ptomb101o-htq8qy0hm.jpg",
    "modified": "2022-10-10T07:48:32.497Z"
  }
},
{
  "model": "easy_thumbnails.source",
  "pk": 20,
  "fields": {
    "storage_hash": "f9bde26a1556cd667f742bd34ec7c55e",
    "name": "filer_public/ec/6b/ec6b7331-5d34-429b-9c5b-bb80d9087eae/3.jpg",
    "modified": "2022-10-10T07:48:32.131Z"
  }
},
{
  "model": "easy_thumbnails.source",
  "pk": 21,
  "fields": {
    "storage_hash": "f9bde26a1556cd667f742bd34ec7c55e",
    "name": "filer_public/b9/76/b976b7d2-9b3d-4117-a426-f2fdff7e5aef/3.jpg",
    "modified": "2022-10-10T07:48:32.161Z"
  }
},
{
  "model": "easy_thumbnails.source",
  "pk": 22,
  "fields": {
    "storage_hash": "f9bde26a1556cd667f742bd34ec7c55e",
    "name": "filer_public/cc/68/cc688e8c-5776-48ad-ba42-bf3f155b70a7/21129_1.jpg",
    "modified": "2022-10-10T07:48:31.928Z"
  }
},
{
  "model": "easy_thumbnails.source",
  "pk": 23,
  "fields": {
    "storage_hash": "f9bde26a1556cd667f742bd34ec7c55e",
    "name": "filer_public/dc/3b/dc3b3770-8f42-426e-8cbf-6fcaca504720/img_0071.cr2",
    "modified": "2022-10-06T09:03:52.818Z"
  }
},
{
  "model": "easy_thumbnails.source",
  "pk": 24,
  "fields": {
    "storage_hash": "f9bde26a1556cd667f742bd34ec7c55e",
    "name": "filer_public/b7/36/b7365a83-5035-475e-aa4b-ed5b7f6e9f49/844424962943154_fddd.jpg",
    "modified": "2022-10-10T07:48:32.290Z"
  }
},
{
  "model": "easy_thumbnails.source",
  "pk": 25,
  "fields": {
    "storage_hash": "f9bde26a1556cd667f742bd34ec7c55e",
    "name": "filer_public/e1/f1/e1f12769-eb5d-4a4e-b25b-4664ad8032d0/3_0.jpg",
    "modified": "2022-10-06T11:46:09.313Z"
  }
},
{
  "model": "easy_thumbnails.source",
  "pk": 26,
  "fields": {
    "storage_hash": "f9bde26a1556cd667f742bd34ec7c55e",
    "name": "filer_public/a3/b4/a3b4ccdc-284d-4abd-a95e-d131830d23c7/3.jpg",
    "modified": "2022-10-06T11:46:09.354Z"
  }
},
{
  "model": "easy_thumbnails.source",
  "pk": 27,
  "fields": {
    "storage_hash": "f9bde26a1556cd667f742bd34ec7c55e",
    "name": "filer_public/98/57/985751cc-0917-4d5f-a727-1a3a3a62d6de/4.jpg",
    "modified": "2022-10-06T11:46:09.394Z"
  }
},
{
  "model": "easy_thumbnails.source",
  "pk": 28,
  "fields": {
    "storage_hash": "f9bde26a1556cd667f742bd34ec7c55e",
    "name": "filer_public/bb/20/bb203db9-0f94-4197-9db1-25d8cbe50ba7/21129_1.jpg",
    "modified": "2022-10-06T11:46:09.453Z"
  }
},
{
  "model": "easy_thumbnails.source",
  "pk": 29,
  "fields": {
    "storage_hash": "f9bde26a1556cd667f742bd34ec7c55e",
    "name": "filer_public/d2/8c/d28cabe8-4be8-4635-a3df-add1ae3cf3f8/21131_3.jpg",
    "modified": "2022-10-06T11:46:09.510Z"
  }
},
{
  "model": "easy_thumbnails.source",
  "pk": 30,
  "fields": {
    "storage_hash": "f9bde26a1556cd667f742bd34ec7c55e",
    "name": "filer_public/78/28/78288662-7534-437e-9884-6f324796b90e/844424962943154_fddd.jpg",
    "modified": "2022-10-06T11:46:09.580Z"
  }
},
{
  "model": "easy_thumbnails.source",
  "pk": 31,
  "fields": {
    "storage_hash": "f9bde26a1556cd667f742bd34ec7c55e",
    "name": "filer_public/a4/41/a441f29c-7a5b-4451-8856-63551e947673/844424964735511_11c4.jpg",
    "modified": "2022-10-06T11:46:09.650Z"
  }
},
{
  "model": "easy_thumbnails.source",
  "pk": 32,
  "fields": {
    "storage_hash": "f9bde26a1556cd667f742bd34ec7c55e",
    "name": "filer_public/f8/66/f866ffaa-d0fa-486d-8666-6cc5a827050a/844424964735519_a7ce.jpg",
    "modified": "2022-10-06T11:46:09.721Z"
  }
},
{
  "model": "easy_thumbnails.source",
  "pk": 33,
  "fields": {
    "storage_hash": "f9bde26a1556cd667f742bd34ec7c55e",
    "name": "filer_public/50/32/503285a7-745c-479b-86e3-4b32f2cb112e/844424964735521_8824.jpg",
    "modified": "2022-10-06T11:46:09.795Z"
  }
},
{
  "model": "easy_thumbnails.source",
  "pk": 34,
  "fields": {
    "storage_hash": "f9bde26a1556cd667f742bd34ec7c55e",
    "name": "filer_public/4b/96/4b96c0b9-0c0e-4094-b5c1-422914c672d5/844424975311335_2d33.jpg",
    "modified": "2022-10-06T11:46:09.879Z"
  }
},
{
  "model": "easy_thumbnails.source",
  "pk": 35,
  "fields": {
    "storage_hash": "f9bde26a1556cd667f742bd34ec7c55e",
    "name": "filer_public/93/fe/93feaf89-f31c-4ee8-9c55-f986f58caa8c/gob5lllbycgwh5aya-botaz1zqbwj8czujiqarlcdn3p6miw2cujyisxikd7ujlo5wwi-ptomb101o-htq8qy0hm.jpg",
    "modified": "2022-10-06T11:46:09.933Z"
  }
},
{
  "model": "easy_thumbnails.source",
  "pk": 36,
  "fields": {
    "storage_hash": "f9bde26a1556cd667f742bd34ec7c55e",
    "name": "filer_public/36/94/369462e9-e588-4320-a427-7864493c3c6b/3_0.jpg",
    "modified": "2022-10-06T12:51:53.933Z"
  }
},
{
  "model": "easy_thumbnails.source",
  "pk": 37,
  "fields": {
    "storage_hash": "f9bde26a1556cd667f742bd34ec7c55e",
    "name": "filer_public/4d/5a/4d5a90a0-9964-46b5-bfb2-836f46179e54/4.jpg",
    "modified": "2022-10-06T12:51:53.973Z"
  }
},
{
  "model": "easy_thumbnails.source",
  "pk": 38,
  "fields": {
    "storage_hash": "f9bde26a1556cd667f742bd34ec7c55e",
    "name": "filer_public/be/17/be171a6d-a77e-425e-860e-f1db53617a89/21131_3.jpg",
    "modified": "2022-10-06T12:51:54.032Z"
  }
},
{
  "model": "easy_thumbnails.source",
  "pk": 39,
  "fields": {
    "storage_hash": "f9bde26a1556cd667f742bd34ec7c55e",
    "name": "filer_public/ec/8d/ec8d9c04-364d-430b-aefb-81af669fc8d6/844424975311335_2d33.jpg",
    "modified": "2022-10-06T12:51:54.117Z"
  }
},
{
  "model": "easy_thumbnails.source",
  "pk": 40,
  "fields": {
    "storage_hash": "f9bde26a1556cd667f742bd34ec7c55e",
    "name": "filer_public/44/74/4474d6d3-5a4b-4c14-8882-8d57da51d770/844424964735511_11c4.jpg",
    "modified": "2022-10-06T12:51:54.194Z"
  }
},
{
  "model": "easy_thumbnails.source",
  "pk": 41,
  "fields": {
    "storage_hash": "f9bde26a1556cd667f742bd34ec7c55e",
    "name": "filer_public/c3/5c/c35c18c2-27bd-4128-9c23-e906a6077f4b/21129_1.jpg",
    "modified": "2022-10-06T12:51:54.257Z"
  }
},
{
  "model": "easy_thumbnails.source",
  "pk": 42,
  "fields": {
    "storage_hash": "f9bde26a1556cd667f742bd34ec7c55e",
    "name": "filer_public/38/ee/38ee52a8-0617-47fa-a262-2ec888cbca53/32k54an6go_aroapr_avrapra_uvkp.png",
    "modified": "2022-10-10T07:48:32.228Z"
  }
},
{
  "model": "easy_thumbnails.source",
  "pk": 43,
  "fields": {
    "storage_hash": "f9bde26a1556cd667f742bd34ec7c55e",
    "name": "filer_public/07/7d/077da3a3-557f-41f2-9c79-2757c5395a0a/formaty_vzaimodeystviya_gis_gmp_s_informatsionnymi_sistemami_uchastnikov.docx",
    "modified": "2022-10-10T07:38:44.741Z"
  }
},
{
  "model": "easy_thumbnails.source",
  "pk": 44,
  "fields": {
    "storage_hash": "f9bde26a1556cd667f742bd34ec7c55e",
    "name": "filer_public/3e/0e/3e0e2d64-4a74-414d-ab3f-c73ee1020a5b/tsepochnaya-karusel-vikhr.jpg",
    "modified": "2022-10-13T03:39:51.155Z"
  }
},
{
  "model": "easy_thumbnails.source",
  "pk": 45,
  "fields": {
    "storage_hash": "f9bde26a1556cd667f742bd34ec7c55e",
    "name": "filer_public/bf/1a/bf1a6265-9c15-47c1-b57e-cd7944a539be/ff89b9bef090bec93323b783db663086.jpg",
    "modified": "2022-10-13T07:37:58.161Z"
  }
},
{
  "model": "easy_thumbnails.source",
  "pk": 46,
  "fields": {
    "storage_hash": "f9bde26a1556cd667f742bd34ec7c55e",
    "name": "filer_public/43/bc/43bc0325-bf52-4ba0-9b58-1c3a1f1dc969/cb8490ece3736d982ae1d67430c503d2.jpg",
    "modified": "2022-10-13T08:02:10.542Z"
  }
},
{
  "model": "easy_thumbnails.source",
  "pk": 47,
  "fields": {
    "storage_hash": "f9bde26a1556cd667f742bd34ec7c55e",
    "name": "filer_public/c9/03/c903cd61-54ba-4145-b76a-136b3f24b904/49f7b56c3c3ea046ef8d5057fb190439.jpg",
    "modified": "2022-10-13T06:12:36.072Z"
  }
},
{
  "model": "easy_thumbnails.source",
  "pk": 48,
  "fields": {
    "storage_hash": "f9bde26a1556cd667f742bd34ec7c55e",
    "name": "filer_public/0b/07/0b0716ec-913d-428a-9704-73bb5f854304/93bbe1bf6e431459603a8038fb41c72b.jpg",
    "modified": "2022-10-13T06:13:23.001Z"
  }
},
{
  "model": "easy_thumbnails.source",
  "pk": 49,
  "fields": {
    "storage_hash": "f9bde26a1556cd667f742bd34ec7c55e",
    "name": "filer_public/99/0e/990eccb3-fbbe-4deb-a3cd-1bfd902b89bd/tsepochnaya-karusel-vikhr.jpg",
    "modified": "2022-10-14T03:42:23.357Z"
  }
},
{
  "model": "easy_thumbnails.thumbnail",
  "pk": 1,
  "fields": {
    "storage_hash": "f9bde26a1556cd667f742bd34ec7c55e",
    "name": "filer_public_thumbnails/filer_public/ef/70/ef70366e-c768-4422-a0a1-40f486d2b867/unknown.png__180x180_crop_subsampling-2_upscale.png",
    "modified": "2022-09-27T10:03:35.182Z",
    "source": 1
  }
},
{
  "model": "easy_thumbnails.thumbnail",
  "pk": 2,
  "fields": {
    "storage_hash": "f9bde26a1556cd667f742bd34ec7c55e",
    "name": "filer_public_thumbnails/filer_public/ef/70/ef70366e-c768-4422-a0a1-40f486d2b867/unknown.png__80x80_crop_subsampling-2.png",
    "modified": "2022-09-27T10:34:45.306Z",
    "source": 1
  }
},
{
  "model": "easy_thumbnails.thumbnail",
  "pk": 3,
  "fields": {
    "storage_hash": "f9bde26a1556cd667f742bd34ec7c55e",
    "name": "filer_public_thumbnails/filer_public/ef/70/ef70366e-c768-4422-a0a1-40f486d2b867/unknown.png__160x160_crop_subsampling-2.png",
    "modified": "2022-09-27T10:34:45.556Z",
    "source": 1
  }
},
{
  "model": "easy_thumbnails.thumbnail",
  "pk": 4,
  "fields": {
    "storage_hash": "f9bde26a1556cd667f742bd34ec7c55e",
    "name": "filer_public_thumbnails/filer_public/6a/cb/6acbdf56-a7f8-4e0a-8b37-6afd774aa52c/eni_base.png__180x180_q85_crop_subsampling-2_upscale.jpg",
    "modified": "2022-09-27T10:41:42.901Z",
    "source": 2
  }
},
{
  "model": "easy_thumbnails.thumbnail",
  "pk": 5,
  "fields": {
    "storage_hash": "f9bde26a1556cd667f742bd34ec7c55e",
    "name": "filer_public_thumbnails/filer_public/ea/29/ea295d4c-ff18-4120-959f-2258a0a16eff/eni_base.png__180x180_q85_crop_subsampling-2_upscale.jpg",
    "modified": "2022-09-27T10:42:28.094Z",
    "source": 3
  }
},
{
  "model": "easy_thumbnails.thumbnail",
  "pk": 6,
  "fields": {
    "storage_hash": "f9bde26a1556cd667f742bd34ec7c55e",
    "name": "filer_public_thumbnails/filer_public/ea/29/ea295d4c-ff18-4120-959f-2258a0a16eff/eni_base.png__80x80_q85_crop_subsampling-2.jpg",
    "modified": "2022-09-27T10:44:25.598Z",
    "source": 3
  }
},
{
  "model": "easy_thumbnails.thumbnail",
  "pk": 7,
  "fields": {
    "storage_hash": "f9bde26a1556cd667f742bd34ec7c55e",
    "name": "filer_public_thumbnails/filer_public/ea/29/ea295d4c-ff18-4120-959f-2258a0a16eff/eni_base.png__160x160_q85_crop_subsampling-2.jpg",
    "modified": "2022-09-27T10:44:25.617Z",
    "source": 3
  }
},
{
  "model": "easy_thumbnails.thumbnail",
  "pk": 8,
  "fields": {
    "storage_hash": "f9bde26a1556cd667f742bd34ec7c55e",
    "name": "filer_public_thumbnails/filer_public/6a/cb/6acbdf56-a7f8-4e0a-8b37-6afd774aa52c/eni_base.png__80x80_q85_crop_subsampling-2.jpg",
    "modified": "2022-09-27T10:44:38.671Z",
    "source": 2
  }
},
{
  "model": "easy_thumbnails.thumbnail",
  "pk": 9,
  "fields": {
    "storage_hash": "f9bde26a1556cd667f742bd34ec7c55e",
    "name": "filer_public_thumbnails/filer_public/6a/cb/6acbdf56-a7f8-4e0a-8b37-6afd774aa52c/eni_base.png__160x160_q85_crop_subsampling-2.jpg",
    "modified": "2022-09-27T10:44:38.689Z",
    "source": 2
  }
},
{
  "model": "easy_thumbnails.thumbnail",
  "pk": 10,
  "fields": {
    "storage_hash": "f9bde26a1556cd667f742bd34ec7c55e",
    "name": "filer_public_thumbnails/filer_public/6a/cb/6acbdf56-a7f8-4e0a-8b37-6afd774aa52c/eni_base.png__40x40_q85_crop_subsampling-2.jpg",
    "modified": "2022-09-27T10:44:38.714Z",
    "source": 2
  }
},
{
  "model": "easy_thumbnails.thumbnail",
  "pk": 11,
  "fields": {
    "storage_hash": "f9bde26a1556cd667f742bd34ec7c55e",
    "name": "filer_public_thumbnails/filer_public/ea/29/ea295d4c-ff18-4120-959f-2258a0a16eff/eni_base.png__40x40_q85_crop_subsampling-2.jpg",
    "modified": "2022-09-27T10:44:38.742Z",
    "source": 3
  }
},
{
  "model": "easy_thumbnails.thumbnail",
  "pk": 12,
  "fields": {
    "storage_hash": "f9bde26a1556cd667f742bd34ec7c55e",
    "name": "filer_public_thumbnails/filer_public/ef/70/ef70366e-c768-4422-a0a1-40f486d2b867/unknown.png__40x40_crop_subsampling-2.png",
    "modified": "2022-09-27T10:44:38.983Z",
    "source": 1
  }
},
{
  "model": "easy_thumbnails.thumbnail",
  "pk": 13,
  "fields": {
    "storage_hash": "f9bde26a1556cd667f742bd34ec7c55e",
    "name": "filer_public_thumbnails/filer_public/d0/a1/d0a17fd4-39ce-46c4-9489-afb2de3db2c4/gfdg.png__180x180_q85_crop_subsampling-2_upscale.jpg",
    "modified": "2022-09-27T10:45:53.600Z",
    "source": 4
  }
},
{
  "model": "easy_thumbnails.thumbnail",
  "pk": 14,
  "fields": {
    "storage_hash": "f9bde26a1556cd667f742bd34ec7c55e",
    "name": "filer_public_thumbnails/filer_public/d0/a1/d0a17fd4-39ce-46c4-9489-afb2de3db2c4/gfdg.png__40x40_q85_crop_subsampling-2.jpg",
    "modified": "2022-09-27T10:50:38.334Z",
    "source": 4
  }
},
{
  "model": "easy_thumbnails.thumbnail",
  "pk": 15,
  "fields": {
    "storage_hash": "f9bde26a1556cd667f742bd34ec7c55e",
    "name": "filer_public_thumbnails/filer_public/d0/a1/d0a17fd4-39ce-46c4-9489-afb2de3db2c4/gfdg.png__80x80_q85_crop_subsampling-2.jpg",
    "modified": "2022-09-27T10:50:38.350Z",
    "source": 4
  }
},
{
  "model": "easy_thumbnails.thumbnail",
  "pk": 16,
  "fields": {
    "storage_hash": "f9bde26a1556cd667f742bd34ec7c55e",
    "name": "filer_public_thumbnails/filer_public/d0/a1/d0a17fd4-39ce-46c4-9489-afb2de3db2c4/gfdg.png__160x160_q85_crop_subsampling-2.jpg",
    "modified": "2022-09-27T10:59:50.209Z",
    "source": 4
  }
},
{
  "model": "easy_thumbnails.thumbnail",
  "pk": 17,
  "fields": {
    "storage_hash": "f9bde26a1556cd667f742bd34ec7c55e",
    "name": "filer_public_thumbnails/filer_public/77/78/777850e5-1691-490d-8cbc-684393574684/screenshot001.png__180x180_q85_crop_subsampling-2_upscale.jpg",
    "modified": "2022-09-27T13:00:23.550Z",
    "source": 5
  }
},
{
  "model": "easy_thumbnails.thumbnail",
  "pk": 18,
  "fields": {
    "storage_hash": "f9bde26a1556cd667f742bd34ec7c55e",
    "name": "filer_public_thumbnails/filer_public/77/78/777850e5-1691-490d-8cbc-684393574684/screenshot001.png__80x80_q85_crop_subsampling-2.jpg",
    "modified": "2022-09-27T13:01:42.603Z",
    "source": 5
  }
},
{
  "model": "easy_thumbnails.thumbnail",
  "pk": 19,
  "fields": {
    "storage_hash": "f9bde26a1556cd667f742bd34ec7c55e",
    "name": "filer_public_thumbnails/filer_public/77/78/777850e5-1691-490d-8cbc-684393574684/screenshot001.png__160x160_q85_crop_subsampling-2.jpg",
    "modified": "2022-09-27T13:01:42.720Z",
    "source": 5
  }
},
{
  "model": "easy_thumbnails.thumbnail",
  "pk": 20,
  "fields": {
    "storage_hash": "f9bde26a1556cd667f742bd34ec7c55e",
    "name": "filer_public_thumbnails/filer_public/38/1b/381b51cf-3fa8-443b-8fc7-c487169167e8/img_0088cr2.jpeg__180x180_q85_crop_subsampling-2_upscale.jpg",
    "modified": "2022-09-27T13:45:12.009Z",
    "source": 6
  }
},
{
  "model": "easy_thumbnails.thumbnail",
  "pk": 21,
  "fields": {
    "storage_hash": "f9bde26a1556cd667f742bd34ec7c55e",
    "name": "filer_public_thumbnails/filer_public/38/1b/381b51cf-3fa8-443b-8fc7-c487169167e8/img_0088cr2.jpeg__80x80_q85_crop_subsampling-2.jpg",
    "modified": "2022-09-27T13:45:40.456Z",
    "source": 6
  }
},
{
  "model": "easy_thumbnails.thumbnail",
  "pk": 22,
  "fields": {
    "storage_hash": "f9bde26a1556cd667f742bd34ec7c55e",
    "name": "filer_public_thumbnails/filer_public/38/1b/381b51cf-3fa8-443b-8fc7-c487169167e8/img_0088cr2.jpeg__160x160_q85_crop_subsampling-2.jpg",
    "modified": "2022-09-27T13:45:40.723Z",
    "source": 6
  }
},
{
  "model": "easy_thumbnails.thumbnail",
  "pk": 23,
  "fields": {
    "storage_hash": "f9bde26a1556cd667f742bd34ec7c55e",
    "name": "filer_public_thumbnails/filer_public/ea/15/ea151baf-39ff-498f-ac0e-c9391a957430/img_0088cr2.jpeg__180x180_q85_crop_subsampling-2_upscale.jpg",
    "modified": "2022-09-27T13:45:46.946Z",
    "source": 7
  }
},
{
  "model": "easy_thumbnails.thumbnail",
  "pk": 24,
  "fields": {
    "storage_hash": "f9bde26a1556cd667f742bd34ec7c55e",
    "name": "filer_public_thumbnails/filer_public/ea/15/ea151baf-39ff-498f-ac0e-c9391a957430/img_0088cr2.jpeg__80x80_q85_crop_subsampling-2.jpg",
    "modified": "2022-09-27T14:06:24.748Z",
    "source": 7
  }
},
{
  "model": "easy_thumbnails.thumbnail",
  "pk": 25,
  "fields": {
    "storage_hash": "f9bde26a1556cd667f742bd34ec7c55e",
    "name": "filer_public_thumbnails/filer_public/ea/15/ea151baf-39ff-498f-ac0e-c9391a957430/img_0088cr2.jpeg__160x160_q85_crop_subsampling-2.jpg",
    "modified": "2022-09-27T14:06:25.017Z",
    "source": 7
  }
},
{
  "model": "easy_thumbnails.thumbnail",
  "pk": 26,
  "fields": {
    "storage_hash": "f9bde26a1556cd667f742bd34ec7c55e",
    "name": "filer_public_thumbnails/filer_public/1b/a2/1ba2144e-de02-4234-9dd4-c29735439ebf/844424964735521_8824.jpg__180x180_q85_crop_subsampling-2_upscale.jpg",
    "modified": "2022-09-27T18:50:07.617Z",
    "source": 8
  }
},
{
  "model": "easy_thumbnails.thumbnail",
  "pk": 27,
  "fields": {
    "storage_hash": "f9bde26a1556cd667f742bd34ec7c55e",
    "name": "filer_public_thumbnails/filer_public/1b/a2/1ba2144e-de02-4234-9dd4-c29735439ebf/844424964735521_8824.jpg__80x80_q85_crop_subsampling-2.jpg",
    "modified": "2022-09-28T08:09:38.276Z",
    "source": 8
  }
},
{
  "model": "easy_thumbnails.thumbnail",
  "pk": 28,
  "fields": {
    "storage_hash": "f9bde26a1556cd667f742bd34ec7c55e",
    "name": "filer_public_thumbnails/filer_public/1b/a2/1ba2144e-de02-4234-9dd4-c29735439ebf/844424964735521_8824.jpg__160x160_q85_crop_subsampling-2.jpg",
    "modified": "2022-09-28T08:09:38.332Z",
    "source": 8
  }
},
{
  "model": "easy_thumbnails.thumbnail",
  "pk": 29,
  "fields": {
    "storage_hash": "f9bde26a1556cd667f742bd34ec7c55e",
    "name": "filer_public_thumbnails/filer_public/30/3b/303b112c-8065-472c-9430-3a87b3a31f75/bg_3.jpg__180x180_q85_crop_subsampling-2_upscale.jpg",
    "modified": "2022-09-30T12:23:21.014Z",
    "source": 9
  }
},
{
  "model": "easy_thumbnails.thumbnail",
  "pk": 30,
  "fields": {
    "storage_hash": "f9bde26a1556cd667f742bd34ec7c55e",
    "name": "filer_public_thumbnails/filer_public/30/3b/303b112c-8065-472c-9430-3a87b3a31f75/bg_3.jpg__80x80_q85_crop_subsampling-2.jpg",
    "modified": "2022-09-30T13:14:49.955Z",
    "source": 9
  }
},
{
  "model": "easy_thumbnails.thumbnail",
  "pk": 31,
  "fields": {
    "storage_hash": "f9bde26a1556cd667f742bd34ec7c55e",
    "name": "filer_public_thumbnails/filer_public/30/3b/303b112c-8065-472c-9430-3a87b3a31f75/bg_3.jpg__160x160_q85_crop_subsampling-2.jpg",
    "modified": "2022-09-30T13:14:50.038Z",
    "source": 9
  }
},
{
  "model": "easy_thumbnails.thumbnail",
  "pk": 32,
  "fields": {
    "storage_hash": "f9bde26a1556cd667f742bd34ec7c55e",
    "name": "filer_public_thumbnails/filer_public/1b/a2/1ba2144e-de02-4234-9dd4-c29735439ebf/844424964735521_8824.jpg__40x40_q85_crop_subsampling-2.jpg",
    "modified": "2022-09-30T13:19:58.737Z",
    "source": 8
  }
},
{
  "model": "easy_thumbnails.thumbnail",
  "pk": 33,
  "fields": {
    "storage_hash": "f9bde26a1556cd667f742bd34ec7c55e",
    "name": "filer_public_thumbnails/filer_public/30/3b/303b112c-8065-472c-9430-3a87b3a31f75/bg_3.jpg__40x40_q85_crop_subsampling-2.jpg",
    "modified": "2022-09-30T13:19:58.820Z",
    "source": 9
  }
},
{
  "model": "easy_thumbnails.thumbnail",
  "pk": 34,
  "fields": {
    "storage_hash": "f9bde26a1556cd667f742bd34ec7c55e",
    "name": "filer_public_thumbnails/filer_public/38/1b/381b51cf-3fa8-443b-8fc7-c487169167e8/img_0088cr2.jpeg__40x40_q85_crop_subsampling-2.jpg",
    "modified": "2022-09-30T13:19:59.090Z",
    "source": 6
  }
},
{
  "model": "easy_thumbnails.thumbnail",
  "pk": 35,
  "fields": {
    "storage_hash": "f9bde26a1556cd667f742bd34ec7c55e",
    "name": "filer_public_thumbnails/filer_public/ea/15/ea151baf-39ff-498f-ac0e-c9391a957430/img_0088cr2.jpeg__40x40_q85_crop_subsampling-2.jpg",
    "modified": "2022-09-30T13:19:59.347Z",
    "source": 7
  }
},
{
  "model": "easy_thumbnails.thumbnail",
  "pk": 36,
  "fields": {
    "storage_hash": "f9bde26a1556cd667f742bd34ec7c55e",
    "name": "filer_public_thumbnails/filer_public/77/78/777850e5-1691-490d-8cbc-684393574684/screenshot001.png__40x40_q85_crop_subsampling-2.jpg",
    "modified": "2022-09-30T13:19:59.472Z",
    "source": 5
  }
},
{
  "model": "easy_thumbnails.thumbnail",
  "pk": 37,
  "fields": {
    "storage_hash": "f9bde26a1556cd667f742bd34ec7c55e",
    "name": "filer_public_thumbnails/filer_public/e6/73/e6730a94-bd31-4141-bdaa-454288ff256e/844424964735521_8824.jpg__180x180_q85_crop_subsampling-2_upscale.jpg",
    "modified": "2022-10-05T08:19:36.507Z",
    "source": 10
  }
},
{
  "model": "easy_thumbnails.thumbnail",
  "pk": 38,
  "fields": {
    "storage_hash": "f9bde26a1556cd667f742bd34ec7c55e",
    "name": "filer_public_thumbnails/filer_public/de/49/de49a7db-6e2a-4af0-b859-adff65daa4f3/gob5lllbycgwh5aya-botaz1zqbwj8czujiqarlcdn3p6miw2cujyisxikd7ujlo5wwi-ptomb101o-htq8qy0hm.jpg__180x180_q85_crop_subsampling-2_upscale.jpg",
    "modified": "2022-10-05T08:22:14.571Z",
    "source": 11
  }
},
{
  "model": "easy_thumbnails.thumbnail",
  "pk": 39,
  "fields": {
    "storage_hash": "f9bde26a1556cd667f742bd34ec7c55e",
    "name": "filer_public_thumbnails/filer_public/16/0a/160abd97-012c-4a9b-bdf8-911918808178/gob5lllbycgwh5aya-botaz1zqbwj8czujiqarlcdn3p6miw2cujyisxikd7ujlo5wwi-ptomb101o-htq8qy0hm.jpg__180x180_q85_crop_subsampling-2_upscale.jpg",
    "modified": "2022-10-05T08:22:31.724Z",
    "source": 12
  }
},
{
  "model": "easy_thumbnails.thumbnail",
  "pk": 40,
  "fields": {
    "storage_hash": "f9bde26a1556cd667f742bd34ec7c55e",
    "name": "filer_public_thumbnails/filer_public/e6/73/e6730a94-bd31-4141-bdaa-454288ff256e/844424964735521_8824.jpg__80x80_q85_crop_subsampling-2.jpg",
    "modified": "2022-10-05T08:22:52.700Z",
    "source": 10
  }
},
{
  "model": "easy_thumbnails.thumbnail",
  "pk": 41,
  "fields": {
    "storage_hash": "f9bde26a1556cd667f742bd34ec7c55e",
    "name": "filer_public_thumbnails/filer_public/e6/73/e6730a94-bd31-4141-bdaa-454288ff256e/844424964735521_8824.jpg__160x160_q85_crop_subsampling-2.jpg",
    "modified": "2022-10-05T08:22:52.757Z",
    "source": 10
  }
},
{
  "model": "easy_thumbnails.thumbnail",
  "pk": 42,
  "fields": {
    "storage_hash": "f9bde26a1556cd667f742bd34ec7c55e",
    "name": "filer_public_thumbnails/filer_public/de/49/de49a7db-6e2a-4af0-b859-adff65daa4f3/gob5lllbycgwh5aya-botaz1zqbwj8czujiqarlcdn3p6miw2cujyisxikd7ujlo5wwi-ptomb101o-htq8qy0hm.jpg__80x80_q85_crop_subsampling-2.jpg",
    "modified": "2022-10-05T08:22:52.819Z",
    "source": 11
  }
},
{
  "model": "easy_thumbnails.thumbnail",
  "pk": 43,
  "fields": {
    "storage_hash": "f9bde26a1556cd667f742bd34ec7c55e",
    "name": "filer_public_thumbnails/filer_public/de/49/de49a7db-6e2a-4af0-b859-adff65daa4f3/gob5lllbycgwh5aya-botaz1zqbwj8czujiqarlcdn3p6miw2cujyisxikd7ujlo5wwi-ptomb101o-htq8qy0hm.jpg__160x160_q85_crop_subsampling-2.jpg",
    "modified": "2022-10-05T08:22:52.851Z",
    "source": 11
  }
},
{
  "model": "easy_thumbnails.thumbnail",
  "pk": 44,
  "fields": {
    "storage_hash": "f9bde26a1556cd667f742bd34ec7c55e",
    "name": "filer_public_thumbnails/filer_public/16/0a/160abd97-012c-4a9b-bdf8-911918808178/gob5lllbycgwh5aya-botaz1zqbwj8czujiqarlcdn3p6miw2cujyisxikd7ujlo5wwi-ptomb101o-htq8qy0hm.jpg__80x80_q85_crop_subsampling-2.jpg",
    "modified": "2022-10-05T08:22:52.903Z",
    "source": 12
  }
},
{
  "model": "easy_thumbnails.thumbnail",
  "pk": 45,
  "fields": {
    "storage_hash": "f9bde26a1556cd667f742bd34ec7c55e",
    "name": "filer_public_thumbnails/filer_public/16/0a/160abd97-012c-4a9b-bdf8-911918808178/gob5lllbycgwh5aya-botaz1zqbwj8czujiqarlcdn3p6miw2cujyisxikd7ujlo5wwi-ptomb101o-htq8qy0hm.jpg__160x160_q85_crop_subsampling-2.jpg",
    "modified": "2022-10-05T08:22:52.935Z",
    "source": 12
  }
},
{
  "model": "easy_thumbnails.thumbnail",
  "pk": 46,
  "fields": {
    "storage_hash": "f9bde26a1556cd667f742bd34ec7c55e",
    "name": "filer_public_thumbnails/filer_public/7f/b3/7fb31392-daf9-4578-bcdf-8653921093b4/3.jpg__180x180_q85_crop_subsampling-2_upscale.jpg",
    "modified": "2022-10-05T08:27:06.384Z",
    "source": 13
  }
},
{
  "model": "easy_thumbnails.thumbnail",
  "pk": 47,
  "fields": {
    "storage_hash": "f9bde26a1556cd667f742bd34ec7c55e",
    "name": "filer_public_thumbnails/filer_public/51/33/5133716e-ca39-446a-b39f-ed129662aa78/3.jpg__180x180_q85_crop_subsampling-2_upscale.jpg",
    "modified": "2022-10-05T08:28:47.460Z",
    "source": 14
  }
},
{
  "model": "easy_thumbnails.thumbnail",
  "pk": 48,
  "fields": {
    "storage_hash": "f9bde26a1556cd667f742bd34ec7c55e",
    "name": "filer_public_thumbnails/filer_public/58/b3/58b36e26-9cb4-4540-8997-8cd40b23e350/3.jpg__180x180_q85_crop_subsampling-2_upscale.jpg",
    "modified": "2022-10-05T08:28:50.810Z",
    "source": 15
  }
},
{
  "model": "easy_thumbnails.thumbnail",
  "pk": 49,
  "fields": {
    "storage_hash": "f9bde26a1556cd667f742bd34ec7c55e",
    "name": "filer_public_thumbnails/filer_public/ec/87/ec872676-5912-4ed2-8bf5-7151a8aa136e/3.jpg__180x180_q85_crop_subsampling-2_upscale.jpg",
    "modified": "2022-10-05T08:28:53.103Z",
    "source": 16
  }
},
{
  "model": "easy_thumbnails.thumbnail",
  "pk": 50,
  "fields": {
    "storage_hash": "f9bde26a1556cd667f742bd34ec7c55e",
    "name": "filer_public_thumbnails/filer_public/f9/4f/f94fccd5-007d-47cf-9993-6d2a84b5e09e/gob5lllbycgwh5aya-botaz1zqbwj8czujiqarlcdn3p6miw2cujyisxikd7ujlo5wwi-ptomb101o-htq8qy0hm.jpg__180x180_q85_crop_subsampling-2_upscale.jpg",
    "modified": "2022-10-05T08:29:57.904Z",
    "source": 19
  }
},
{
  "model": "easy_thumbnails.thumbnail",
  "pk": 51,
  "fields": {
    "storage_hash": "f9bde26a1556cd667f742bd34ec7c55e",
    "name": "filer_public_thumbnails/filer_public/de/49/de49a7db-6e2a-4af0-b859-adff65daa4f3/gob5lllbycgwh5aya-botaz1zqbwj8czujiqarlcdn3p6miw2cujyisxikd7ujlo5wwi-ptomb101o-htq8qy0hm.jpg__32x32_q85_crop_subsampling-2_upscale.jpg",
    "modified": "2022-10-05T10:59:48.659Z",
    "source": 11
  }
},
{
  "model": "easy_thumbnails.thumbnail",
  "pk": 52,
  "fields": {
    "storage_hash": "f9bde26a1556cd667f742bd34ec7c55e",
    "name": "filer_public_thumbnails/filer_public/f9/4f/f94fccd5-007d-47cf-9993-6d2a84b5e09e/gob5lllbycgwh5aya-botaz1zqbwj8czujiqarlcdn3p6miw2cujyisxikd7ujlo5wwi-ptomb101o-htq8qy0hm.jpg__32x32_q85_crop_subsampling-2_upscale.jpg",
    "modified": "2022-10-05T10:59:48.696Z",
    "source": 19
  }
},
{
  "model": "easy_thumbnails.thumbnail",
  "pk": 53,
  "fields": {
    "storage_hash": "f9bde26a1556cd667f742bd34ec7c55e",
    "name": "filer_public_thumbnails/filer_public/ec/87/ec872676-5912-4ed2-8bf5-7151a8aa136e/3.jpg__32x32_q85_crop_subsampling-2_upscale.jpg",
    "modified": "2022-10-05T10:59:48.726Z",
    "source": 16
  }
},
{
  "model": "easy_thumbnails.thumbnail",
  "pk": 54,
  "fields": {
    "storage_hash": "f9bde26a1556cd667f742bd34ec7c55e",
    "name": "filer_public_thumbnails/filer_public/58/b3/58b36e26-9cb4-4540-8997-8cd40b23e350/3.jpg__32x32_q85_crop_subsampling-2_upscale.jpg",
    "modified": "2022-10-05T10:59:48.753Z",
    "source": 15
  }
},
{
  "model": "easy_thumbnails.thumbnail",
  "pk": 55,
  "fields": {
    "storage_hash": "f9bde26a1556cd667f742bd34ec7c55e",
    "name": "filer_public_thumbnails/filer_public/de/49/de49a7db-6e2a-4af0-b859-adff65daa4f3/gob5lllbycgwh5aya-botaz1zqbwj8czujiqarlcdn3p6miw2cujyisxikd7ujlo5wwi-ptomb101o-htq8qy0hm.jpg__64x64_q85_crop_subsampling-2_upscale.jpg",
    "modified": "2022-10-05T11:12:19.763Z",
    "source": 11
  }
},
{
  "model": "easy_thumbnails.thumbnail",
  "pk": 56,
  "fields": {
    "storage_hash": "f9bde26a1556cd667f742bd34ec7c55e",
    "name": "filer_public_thumbnails/filer_public/f9/4f/f94fccd5-007d-47cf-9993-6d2a84b5e09e/gob5lllbycgwh5aya-botaz1zqbwj8czujiqarlcdn3p6miw2cujyisxikd7ujlo5wwi-ptomb101o-htq8qy0hm.jpg__64x64_q85_crop_subsampling-2_upscale.jpg",
    "modified": "2022-10-05T11:12:19.801Z",
    "source": 19
  }
},
{
  "model": "easy_thumbnails.thumbnail",
  "pk": 57,
  "fields": {
    "storage_hash": "f9bde26a1556cd667f742bd34ec7c55e",
    "name": "filer_public_thumbnails/filer_public/ec/87/ec872676-5912-4ed2-8bf5-7151a8aa136e/3.jpg__64x64_q85_crop_subsampling-2_upscale.jpg",
    "modified": "2022-10-05T11:12:19.837Z",
    "source": 16
  }
},
{
  "model": "easy_thumbnails.thumbnail",
  "pk": 58,
  "fields": {
    "storage_hash": "f9bde26a1556cd667f742bd34ec7c55e",
    "name": "filer_public_thumbnails/filer_public/58/b3/58b36e26-9cb4-4540-8997-8cd40b23e350/3.jpg__64x64_q85_crop_subsampling-2_upscale.jpg",
    "modified": "2022-10-05T11:12:19.866Z",
    "source": 15
  }
},
{
  "model": "easy_thumbnails.thumbnail",
  "pk": 59,
  "fields": {
    "storage_hash": "f9bde26a1556cd667f742bd34ec7c55e",
    "name": "filer_public_thumbnails/filer_public/de/49/de49a7db-6e2a-4af0-b859-adff65daa4f3/gob5lllbycgwh5aya-botaz1zqbwj8czujiqarlcdn3p6miw2cujyisxikd7ujlo5wwi-ptomb101o-htq8qy0hm.jpg__128x128_q85_crop_subsampling-2_upscale.jpg",
    "modified": "2022-10-05T11:12:39.675Z",
    "source": 11
  }
},
{
  "model": "easy_thumbnails.thumbnail",
  "pk": 60,
  "fields": {
    "storage_hash": "f9bde26a1556cd667f742bd34ec7c55e",
    "name": "filer_public_thumbnails/filer_public/f9/4f/f94fccd5-007d-47cf-9993-6d2a84b5e09e/gob5lllbycgwh5aya-botaz1zqbwj8czujiqarlcdn3p6miw2cujyisxikd7ujlo5wwi-ptomb101o-htq8qy0hm.jpg__128x128_q85_crop_subsampling-2_upscale.jpg",
    "modified": "2022-10-05T11:12:39.714Z",
    "source": 19
  }
},
{
  "model": "easy_thumbnails.thumbnail",
  "pk": 61,
  "fields": {
    "storage_hash": "f9bde26a1556cd667f742bd34ec7c55e",
    "name": "filer_public_thumbnails/filer_public/ec/87/ec872676-5912-4ed2-8bf5-7151a8aa136e/3.jpg__128x128_q85_crop_subsampling-2_upscale.jpg",
    "modified": "2022-10-05T11:12:39.745Z",
    "source": 16
  }
},
{
  "model": "easy_thumbnails.thumbnail",
  "pk": 62,
  "fields": {
    "storage_hash": "f9bde26a1556cd667f742bd34ec7c55e",
    "name": "filer_public_thumbnails/filer_public/58/b3/58b36e26-9cb4-4540-8997-8cd40b23e350/3.jpg__128x128_q85_crop_subsampling-2_upscale.jpg",
    "modified": "2022-10-05T11:12:39.774Z",
    "source": 15
  }
},
{
  "model": "easy_thumbnails.thumbnail",
  "pk": 63,
  "fields": {
    "storage_hash": "f9bde26a1556cd667f742bd34ec7c55e",
    "name": "filer_public_thumbnails/filer_public/e6/73/e6730a94-bd31-4141-bdaa-454288ff256e/844424964735521_8824.jpg__128x128_q85_crop_subsampling-2_upscale.jpg",
    "modified": "2022-10-05T11:24:00.679Z",
    "source": 10
  }
},
{
  "model": "easy_thumbnails.thumbnail",
  "pk": 64,
  "fields": {
    "storage_hash": "f9bde26a1556cd667f742bd34ec7c55e",
    "name": "filer_public_thumbnails/filer_public/7f/b3/7fb31392-daf9-4578-bcdf-8653921093b4/3.jpg__128x128_q85_crop_subsampling-2_upscale.jpg",
    "modified": "2022-10-05T11:24:00.712Z",
    "source": 13
  }
},
{
  "model": "easy_thumbnails.thumbnail",
  "pk": 65,
  "fields": {
    "storage_hash": "f9bde26a1556cd667f742bd34ec7c55e",
    "name": "filer_public_thumbnails/filer_public/e6/73/e6730a94-bd31-4141-bdaa-454288ff256e/844424964735521_8824.jpg__250x312_q85_crop_subsampling-2_upscale.jpg",
    "modified": "2022-10-05T11:38:09.385Z",
    "source": 10
  }
},
{
  "model": "easy_thumbnails.thumbnail",
  "pk": 66,
  "fields": {
    "storage_hash": "f9bde26a1556cd667f742bd34ec7c55e",
    "name": "filer_public_thumbnails/filer_public/7f/b3/7fb31392-daf9-4578-bcdf-8653921093b4/3.jpg__250x312_q85_crop_subsampling-2_upscale.jpg",
    "modified": "2022-10-05T11:38:09.428Z",
    "source": 13
  }
},
{
  "model": "easy_thumbnails.thumbnail",
  "pk": 67,
  "fields": {
    "storage_hash": "f9bde26a1556cd667f742bd34ec7c55e",
    "name": "filer_public_thumbnails/filer_public/7f/b3/7fb31392-daf9-4578-bcdf-8653921093b4/3.jpg__80x80_q85_crop_subsampling-2.jpg",
    "modified": "2022-10-05T11:39:36.038Z",
    "source": 13
  }
},
{
  "model": "easy_thumbnails.thumbnail",
  "pk": 68,
  "fields": {
    "storage_hash": "f9bde26a1556cd667f742bd34ec7c55e",
    "name": "filer_public_thumbnails/filer_public/7f/b3/7fb31392-daf9-4578-bcdf-8653921093b4/3.jpg__160x160_q85_crop_subsampling-2.jpg",
    "modified": "2022-10-05T11:39:36.061Z",
    "source": 13
  }
},
{
  "model": "easy_thumbnails.thumbnail",
  "pk": 69,
  "fields": {
    "storage_hash": "f9bde26a1556cd667f742bd34ec7c55e",
    "name": "filer_public_thumbnails/filer_public/ec/87/ec872676-5912-4ed2-8bf5-7151a8aa136e/3.jpg__80x80_q85_crop_subsampling-2.jpg",
    "modified": "2022-10-05T11:39:36.111Z",
    "source": 16
  }
},
{
  "model": "easy_thumbnails.thumbnail",
  "pk": 70,
  "fields": {
    "storage_hash": "f9bde26a1556cd667f742bd34ec7c55e",
    "name": "filer_public_thumbnails/filer_public/ec/87/ec872676-5912-4ed2-8bf5-7151a8aa136e/3.jpg__160x160_q85_crop_subsampling-2.jpg",
    "modified": "2022-10-05T11:39:36.133Z",
    "source": 16
  }
},
{
  "model": "easy_thumbnails.thumbnail",
  "pk": 71,
  "fields": {
    "storage_hash": "f9bde26a1556cd667f742bd34ec7c55e",
    "name": "filer_public_thumbnails/filer_public/58/b3/58b36e26-9cb4-4540-8997-8cd40b23e350/3.jpg__80x80_q85_crop_subsampling-2.jpg",
    "modified": "2022-10-05T11:39:36.174Z",
    "source": 15
  }
},
{
  "model": "easy_thumbnails.thumbnail",
  "pk": 72,
  "fields": {
    "storage_hash": "f9bde26a1556cd667f742bd34ec7c55e",
    "name": "filer_public_thumbnails/filer_public/58/b3/58b36e26-9cb4-4540-8997-8cd40b23e350/3.jpg__160x160_q85_crop_subsampling-2.jpg",
    "modified": "2022-10-05T11:39:36.196Z",
    "source": 15
  }
},
{
  "model": "easy_thumbnails.thumbnail",
  "pk": 73,
  "fields": {
    "storage_hash": "f9bde26a1556cd667f742bd34ec7c55e",
    "name": "filer_public_thumbnails/filer_public/ec/6b/ec6b7331-5d34-429b-9c5b-bb80d9087eae/3.jpg__180x180_q85_crop_subsampling-2_upscale.jpg",
    "modified": "2022-10-05T11:39:56.206Z",
    "source": 20
  }
},
{
  "model": "easy_thumbnails.thumbnail",
  "pk": 74,
  "fields": {
    "storage_hash": "f9bde26a1556cd667f742bd34ec7c55e",
    "name": "filer_public_thumbnails/filer_public/b9/76/b976b7d2-9b3d-4117-a426-f2fdff7e5aef/3.jpg__180x180_q85_crop_subsampling-2_upscale.jpg",
    "modified": "2022-10-05T11:39:57.846Z",
    "source": 21
  }
},
{
  "model": "easy_thumbnails.thumbnail",
  "pk": 75,
  "fields": {
    "storage_hash": "f9bde26a1556cd667f742bd34ec7c55e",
    "name": "filer_public_thumbnails/filer_public/ec/6b/ec6b7331-5d34-429b-9c5b-bb80d9087eae/3.jpg__64x64_q85_crop_subsampling-2_upscale.jpg",
    "modified": "2022-10-05T11:40:08.872Z",
    "source": 20
  }
},
{
  "model": "easy_thumbnails.thumbnail",
  "pk": 76,
  "fields": {
    "storage_hash": "f9bde26a1556cd667f742bd34ec7c55e",
    "name": "filer_public_thumbnails/filer_public/b9/76/b976b7d2-9b3d-4117-a426-f2fdff7e5aef/3.jpg__64x64_q85_crop_subsampling-2_upscale.jpg",
    "modified": "2022-10-05T11:40:08.907Z",
    "source": 21
  }
},
{
  "model": "easy_thumbnails.thumbnail",
  "pk": 77,
  "fields": {
    "storage_hash": "f9bde26a1556cd667f742bd34ec7c55e",
    "name": "filer_public_thumbnails/filer_public/de/49/de49a7db-6e2a-4af0-b859-adff65daa4f3/gob5lllbycgwh5aya-botaz1zqbwj8czujiqarlcdn3p6miw2cujyisxikd7ujlo5wwi-ptomb101o-htq8qy0hm.jpg__83x83_q85_crop_subsampling-2_upscale.jpg",
    "modified": "2022-10-05T11:48:15.757Z",
    "source": 11
  }
},
{
  "model": "easy_thumbnails.thumbnail",
  "pk": 78,
  "fields": {
    "storage_hash": "f9bde26a1556cd667f742bd34ec7c55e",
    "name": "filer_public_thumbnails/filer_public/f9/4f/f94fccd5-007d-47cf-9993-6d2a84b5e09e/gob5lllbycgwh5aya-botaz1zqbwj8czujiqarlcdn3p6miw2cujyisxikd7ujlo5wwi-ptomb101o-htq8qy0hm.jpg__83x83_q85_crop_subsampling-2_upscale.jpg",
    "modified": "2022-10-05T11:48:15.796Z",
    "source": 19
  }
},
{
  "model": "easy_thumbnails.thumbnail",
  "pk": 79,
  "fields": {
    "storage_hash": "f9bde26a1556cd667f742bd34ec7c55e",
    "name": "filer_public_thumbnails/filer_public/ec/87/ec872676-5912-4ed2-8bf5-7151a8aa136e/3.jpg__83x83_q85_crop_subsampling-2_upscale.jpg",
    "modified": "2022-10-05T11:48:15.828Z",
    "source": 16
  }
},
{
  "model": "easy_thumbnails.thumbnail",
  "pk": 80,
  "fields": {
    "storage_hash": "f9bde26a1556cd667f742bd34ec7c55e",
    "name": "filer_public_thumbnails/filer_public/58/b3/58b36e26-9cb4-4540-8997-8cd40b23e350/3.jpg__83x83_q85_crop_subsampling-2_upscale.jpg",
    "modified": "2022-10-05T11:48:15.857Z",
    "source": 15
  }
},
{
  "model": "easy_thumbnails.thumbnail",
  "pk": 81,
  "fields": {
    "storage_hash": "f9bde26a1556cd667f742bd34ec7c55e",
    "name": "filer_public_thumbnails/filer_public/ec/6b/ec6b7331-5d34-429b-9c5b-bb80d9087eae/3.jpg__83x83_q85_crop_subsampling-2_upscale.jpg",
    "modified": "2022-10-05T11:48:15.885Z",
    "source": 20
  }
},
{
  "model": "easy_thumbnails.thumbnail",
  "pk": 82,
  "fields": {
    "storage_hash": "f9bde26a1556cd667f742bd34ec7c55e",
    "name": "filer_public_thumbnails/filer_public/b9/76/b976b7d2-9b3d-4117-a426-f2fdff7e5aef/3.jpg__83x83_q85_crop_subsampling-2_upscale.jpg",
    "modified": "2022-10-05T11:48:15.917Z",
    "source": 21
  }
},
{
  "model": "easy_thumbnails.thumbnail",
  "pk": 83,
  "fields": {
    "storage_hash": "f9bde26a1556cd667f742bd34ec7c55e",
    "name": "filer_public_thumbnails/filer_public/de/49/de49a7db-6e2a-4af0-b859-adff65daa4f3/gob5lllbycgwh5aya-botaz1zqbwj8czujiqarlcdn3p6miw2cujyisxikd7ujlo5wwi-ptomb101o-htq8qy0hm.jpg__80x80_q85_crop_subsampling-2_upscale.jpg",
    "modified": "2022-10-05T11:51:36.182Z",
    "source": 11
  }
},
{
  "model": "easy_thumbnails.thumbnail",
  "pk": 84,
  "fields": {
    "storage_hash": "f9bde26a1556cd667f742bd34ec7c55e",
    "name": "filer_public_thumbnails/filer_public/f9/4f/f94fccd5-007d-47cf-9993-6d2a84b5e09e/gob5lllbycgwh5aya-botaz1zqbwj8czujiqarlcdn3p6miw2cujyisxikd7ujlo5wwi-ptomb101o-htq8qy0hm.jpg__80x80_q85_crop_subsampling-2_upscale.jpg",
    "modified": "2022-10-05T11:51:36.220Z",
    "source": 19
  }
},
{
  "model": "easy_thumbnails.thumbnail",
  "pk": 85,
  "fields": {
    "storage_hash": "f9bde26a1556cd667f742bd34ec7c55e",
    "name": "filer_public_thumbnails/filer_public/ec/87/ec872676-5912-4ed2-8bf5-7151a8aa136e/3.jpg__80x80_q85_crop_subsampling-2_upscale.jpg",
    "modified": "2022-10-05T11:51:36.251Z",
    "source": 16
  }
},
{
  "model": "easy_thumbnails.thumbnail",
  "pk": 86,
  "fields": {
    "storage_hash": "f9bde26a1556cd667f742bd34ec7c55e",
    "name": "filer_public_thumbnails/filer_public/58/b3/58b36e26-9cb4-4540-8997-8cd40b23e350/3.jpg__80x80_q85_crop_subsampling-2_upscale.jpg",
    "modified": "2022-10-05T11:51:36.279Z",
    "source": 15
  }
},
{
  "model": "easy_thumbnails.thumbnail",
  "pk": 87,
  "fields": {
    "storage_hash": "f9bde26a1556cd667f742bd34ec7c55e",
    "name": "filer_public_thumbnails/filer_public/ec/6b/ec6b7331-5d34-429b-9c5b-bb80d9087eae/3.jpg__80x80_q85_crop_subsampling-2_upscale.jpg",
    "modified": "2022-10-05T11:51:36.309Z",
    "source": 20
  }
},
{
  "model": "easy_thumbnails.thumbnail",
  "pk": 88,
  "fields": {
    "storage_hash": "f9bde26a1556cd667f742bd34ec7c55e",
    "name": "filer_public_thumbnails/filer_public/b9/76/b976b7d2-9b3d-4117-a426-f2fdff7e5aef/3.jpg__80x80_q85_crop_subsampling-2_upscale.jpg",
    "modified": "2022-10-05T11:51:36.336Z",
    "source": 21
  }
},
{
  "model": "easy_thumbnails.thumbnail",
  "pk": 89,
  "fields": {
    "storage_hash": "f9bde26a1556cd667f742bd34ec7c55e",
    "name": "filer_public_thumbnails/filer_public/de/49/de49a7db-6e2a-4af0-b859-adff65daa4f3/gob5lllbycgwh5aya-botaz1zqbwj8czujiqarlcdn3p6miw2cujyisxikd7ujlo5wwi-ptomb101o-htq8qy0hm.jpg__90x90_q85_crop_subsampling-2_upscale.jpg",
    "modified": "2022-10-05T11:57:01.577Z",
    "source": 11
  }
},
{
  "model": "easy_thumbnails.thumbnail",
  "pk": 90,
  "fields": {
    "storage_hash": "f9bde26a1556cd667f742bd34ec7c55e",
    "name": "filer_public_thumbnails/filer_public/f9/4f/f94fccd5-007d-47cf-9993-6d2a84b5e09e/gob5lllbycgwh5aya-botaz1zqbwj8czujiqarlcdn3p6miw2cujyisxikd7ujlo5wwi-ptomb101o-htq8qy0hm.jpg__90x90_q85_crop_subsampling-2_upscale.jpg",
    "modified": "2022-10-05T11:57:01.616Z",
    "source": 19
  }
},
{
  "model": "easy_thumbnails.thumbnail",
  "pk": 91,
  "fields": {
    "storage_hash": "f9bde26a1556cd667f742bd34ec7c55e",
    "name": "filer_public_thumbnails/filer_public/ec/87/ec872676-5912-4ed2-8bf5-7151a8aa136e/3.jpg__90x90_q85_crop_subsampling-2_upscale.jpg",
    "modified": "2022-10-05T11:57:01.647Z",
    "source": 16
  }
},
{
  "model": "easy_thumbnails.thumbnail",
  "pk": 92,
  "fields": {
    "storage_hash": "f9bde26a1556cd667f742bd34ec7c55e",
    "name": "filer_public_thumbnails/filer_public/58/b3/58b36e26-9cb4-4540-8997-8cd40b23e350/3.jpg__90x90_q85_crop_subsampling-2_upscale.jpg",
    "modified": "2022-10-05T11:57:01.674Z",
    "source": 15
  }
},
{
  "model": "easy_thumbnails.thumbnail",
  "pk": 93,
  "fields": {
    "storage_hash": "f9bde26a1556cd667f742bd34ec7c55e",
    "name": "filer_public_thumbnails/filer_public/ec/6b/ec6b7331-5d34-429b-9c5b-bb80d9087eae/3.jpg__90x90_q85_crop_subsampling-2_upscale.jpg",
    "modified": "2022-10-05T11:57:01.701Z",
    "source": 20
  }
},
{
  "model": "easy_thumbnails.thumbnail",
  "pk": 94,
  "fields": {
    "storage_hash": "f9bde26a1556cd667f742bd34ec7c55e",
    "name": "filer_public_thumbnails/filer_public/b9/76/b976b7d2-9b3d-4117-a426-f2fdff7e5aef/3.jpg__90x90_q85_crop_subsampling-2_upscale.jpg",
    "modified": "2022-10-05T11:57:01.731Z",
    "source": 21
  }
},
{
  "model": "easy_thumbnails.thumbnail",
  "pk": 95,
  "fields": {
    "storage_hash": "f9bde26a1556cd667f742bd34ec7c55e",
    "name": "filer_public_thumbnails/filer_public/e6/73/e6730a94-bd31-4141-bdaa-454288ff256e/844424964735521_8824.jpg__270x312_q85_crop_subsampling-2_upscale.jpg",
    "modified": "2022-10-05T11:58:57.531Z",
    "source": 10
  }
},
{
  "model": "easy_thumbnails.thumbnail",
  "pk": 96,
  "fields": {
    "storage_hash": "f9bde26a1556cd667f742bd34ec7c55e",
    "name": "filer_public_thumbnails/filer_public/7f/b3/7fb31392-daf9-4578-bcdf-8653921093b4/3.jpg__270x312_q85_crop_subsampling-2_upscale.jpg",
    "modified": "2022-10-05T11:58:57.571Z",
    "source": 13
  }
},
{
  "model": "easy_thumbnails.thumbnail",
  "pk": 97,
  "fields": {
    "storage_hash": "f9bde26a1556cd667f742bd34ec7c55e",
    "name": "filer_public_thumbnails/filer_public/ec/6b/ec6b7331-5d34-429b-9c5b-bb80d9087eae/3.jpg__80x80_q85_crop_subsampling-2.jpg",
    "modified": "2022-10-05T12:01:30.513Z",
    "source": 20
  }
},
{
  "model": "easy_thumbnails.thumbnail",
  "pk": 98,
  "fields": {
    "storage_hash": "f9bde26a1556cd667f742bd34ec7c55e",
    "name": "filer_public_thumbnails/filer_public/ec/6b/ec6b7331-5d34-429b-9c5b-bb80d9087eae/3.jpg__160x160_q85_crop_subsampling-2.jpg",
    "modified": "2022-10-05T12:01:30.536Z",
    "source": 20
  }
},
{
  "model": "easy_thumbnails.thumbnail",
  "pk": 99,
  "fields": {
    "storage_hash": "f9bde26a1556cd667f742bd34ec7c55e",
    "name": "filer_public_thumbnails/filer_public/b9/76/b976b7d2-9b3d-4117-a426-f2fdff7e5aef/3.jpg__80x80_q85_crop_subsampling-2.jpg",
    "modified": "2022-10-05T12:01:30.577Z",
    "source": 21
  }
},
{
  "model": "easy_thumbnails.thumbnail",
  "pk": 100,
  "fields": {
    "storage_hash": "f9bde26a1556cd667f742bd34ec7c55e",
    "name": "filer_public_thumbnails/filer_public/b9/76/b976b7d2-9b3d-4117-a426-f2fdff7e5aef/3.jpg__160x160_q85_crop_subsampling-2.jpg",
    "modified": "2022-10-05T12:01:30.601Z",
    "source": 21
  }
},
{
  "model": "easy_thumbnails.thumbnail",
  "pk": 101,
  "fields": {
    "storage_hash": "f9bde26a1556cd667f742bd34ec7c55e",
    "name": "filer_public_thumbnails/filer_public/7f/b3/7fb31392-daf9-4578-bcdf-8653921093b4/3.jpg__585x500_q85_crop_subsampling-2_upscale.jpg",
    "modified": "2022-10-06T07:46:41.914Z",
    "source": 13
  }
},
{
  "model": "easy_thumbnails.thumbnail",
  "pk": 102,
  "fields": {
    "storage_hash": "f9bde26a1556cd667f742bd34ec7c55e",
    "name": "filer_public_thumbnails/filer_public/ec/87/ec872676-5912-4ed2-8bf5-7151a8aa136e/3.jpg__117x117_q85_crop_subsampling-2_upscale.jpg",
    "modified": "2022-10-06T07:46:41.950Z",
    "source": 16
  }
},
{
  "model": "easy_thumbnails.thumbnail",
  "pk": 103,
  "fields": {
    "storage_hash": "f9bde26a1556cd667f742bd34ec7c55e",
    "name": "filer_public_thumbnails/filer_public/58/b3/58b36e26-9cb4-4540-8997-8cd40b23e350/3.jpg__117x117_q85_crop_subsampling-2_upscale.jpg",
    "modified": "2022-10-06T07:46:41.979Z",
    "source": 15
  }
},
{
  "model": "easy_thumbnails.thumbnail",
  "pk": 104,
  "fields": {
    "storage_hash": "f9bde26a1556cd667f742bd34ec7c55e",
    "name": "filer_public_thumbnails/filer_public/ec/6b/ec6b7331-5d34-429b-9c5b-bb80d9087eae/3.jpg__117x117_q85_crop_subsampling-2_upscale.jpg",
    "modified": "2022-10-06T07:46:42.008Z",
    "source": 20
  }
},
{
  "model": "easy_thumbnails.thumbnail",
  "pk": 105,
  "fields": {
    "storage_hash": "f9bde26a1556cd667f742bd34ec7c55e",
    "name": "filer_public_thumbnails/filer_public/e6/73/e6730a94-bd31-4141-bdaa-454288ff256e/844424964735521_8824.jpg__585x500_q85_crop_subsampling-2_upscale.jpg",
    "modified": "2022-10-06T07:47:03.648Z",
    "source": 10
  }
},
{
  "model": "easy_thumbnails.thumbnail",
  "pk": 106,
  "fields": {
    "storage_hash": "f9bde26a1556cd667f742bd34ec7c55e",
    "name": "filer_public_thumbnails/filer_public/de/49/de49a7db-6e2a-4af0-b859-adff65daa4f3/gob5lllbycgwh5aya-botaz1zqbwj8czujiqarlcdn3p6miw2cujyisxikd7ujlo5wwi-ptomb101o-htq8qy0hm.jpg__117x117_q85_crop_subsampling-2_upscale.jpg",
    "modified": "2022-10-06T07:47:03.689Z",
    "source": 11
  }
},
{
  "model": "easy_thumbnails.thumbnail",
  "pk": 107,
  "fields": {
    "storage_hash": "f9bde26a1556cd667f742bd34ec7c55e",
    "name": "filer_public_thumbnails/filer_public/f9/4f/f94fccd5-007d-47cf-9993-6d2a84b5e09e/gob5lllbycgwh5aya-botaz1zqbwj8czujiqarlcdn3p6miw2cujyisxikd7ujlo5wwi-ptomb101o-htq8qy0hm.jpg__117x117_q85_crop_subsampling-2_upscale.jpg",
    "modified": "2022-10-06T07:47:03.727Z",
    "source": 19
  }
},
{
  "model": "easy_thumbnails.thumbnail",
  "pk": 108,
  "fields": {
    "storage_hash": "f9bde26a1556cd667f742bd34ec7c55e",
    "name": "filer_public_thumbnails/filer_public/f9/4f/f94fccd5-007d-47cf-9993-6d2a84b5e09e/gob5lllbycgwh5aya-botaz1zqbwj8czujiqarlcdn3p6miw2cujyisxikd7ujlo5wwi-ptomb101o-htq8qy0hm.jpg__80x80_q85_crop_subsampling-2.jpg",
    "modified": "2022-10-06T07:54:51.170Z",
    "source": 19
  }
},
{
  "model": "easy_thumbnails.thumbnail",
  "pk": 109,
  "fields": {
    "storage_hash": "f9bde26a1556cd667f742bd34ec7c55e",
    "name": "filer_public_thumbnails/filer_public/f9/4f/f94fccd5-007d-47cf-9993-6d2a84b5e09e/gob5lllbycgwh5aya-botaz1zqbwj8czujiqarlcdn3p6miw2cujyisxikd7ujlo5wwi-ptomb101o-htq8qy0hm.jpg__160x160_q85_crop_subsampling-2.jpg",
    "modified": "2022-10-06T07:54:51.205Z",
    "source": 19
  }
},
{
  "model": "easy_thumbnails.thumbnail",
  "pk": 110,
  "fields": {
    "storage_hash": "f9bde26a1556cd667f742bd34ec7c55e",
    "name": "filer_public_thumbnails/filer_public/cc/68/cc688e8c-5776-48ad-ba42-bf3f155b70a7/21129_1.jpg__180x180_q85_crop_subsampling-2_upscale.jpg",
    "modified": "2022-10-06T09:02:44.038Z",
    "source": 22
  }
},
{
  "model": "easy_thumbnails.thumbnail",
  "pk": 111,
  "fields": {
    "storage_hash": "f9bde26a1556cd667f742bd34ec7c55e",
    "name": "filer_public_thumbnails/filer_public/b7/36/b7365a83-5035-475e-aa4b-ed5b7f6e9f49/844424962943154_fddd.jpg__180x180_q85_crop_subsampling-2_upscale.jpg",
    "modified": "2022-10-06T09:05:19.692Z",
    "source": 24
  }
},
{
  "model": "easy_thumbnails.thumbnail",
  "pk": 112,
  "fields": {
    "storage_hash": "f9bde26a1556cd667f742bd34ec7c55e",
    "name": "filer_public_thumbnails/filer_public/cc/68/cc688e8c-5776-48ad-ba42-bf3f155b70a7/21129_1.jpg__270x312_q85_crop_subsampling-2_upscale.jpg",
    "modified": "2022-10-06T09:07:37.161Z",
    "source": 22
  }
},
{
  "model": "easy_thumbnails.thumbnail",
  "pk": 113,
  "fields": {
    "storage_hash": "f9bde26a1556cd667f742bd34ec7c55e",
    "name": "filer_public_thumbnails/filer_public/b7/36/b7365a83-5035-475e-aa4b-ed5b7f6e9f49/844424962943154_fddd.jpg__270x312_q85_crop_subsampling-2_upscale.jpg",
    "modified": "2022-10-06T09:07:37.228Z",
    "source": 24
  }
},
{
  "model": "easy_thumbnails.thumbnail",
  "pk": 114,
  "fields": {
    "storage_hash": "f9bde26a1556cd667f742bd34ec7c55e",
    "name": "filer_public_thumbnails/filer_public/b7/36/b7365a83-5035-475e-aa4b-ed5b7f6e9f49/844424962943154_fddd.jpg__80x80_q85_crop_subsampling-2.jpg",
    "modified": "2022-10-06T09:54:53.986Z",
    "source": 24
  }
},
{
  "model": "easy_thumbnails.thumbnail",
  "pk": 115,
  "fields": {
    "storage_hash": "f9bde26a1556cd667f742bd34ec7c55e",
    "name": "filer_public_thumbnails/filer_public/b7/36/b7365a83-5035-475e-aa4b-ed5b7f6e9f49/844424962943154_fddd.jpg__160x160_q85_crop_subsampling-2.jpg",
    "modified": "2022-10-06T09:54:54.041Z",
    "source": 24
  }
},
{
  "model": "easy_thumbnails.thumbnail",
  "pk": 116,
  "fields": {
    "storage_hash": "f9bde26a1556cd667f742bd34ec7c55e",
    "name": "filer_public_thumbnails/filer_public/b7/36/b7365a83-5035-475e-aa4b-ed5b7f6e9f49/844424962943154_fddd.jpg__585x500_q85_crop_subsampling-2_upscale.jpg",
    "modified": "2022-10-06T10:13:25.974Z",
    "source": 24
  }
},
{
  "model": "easy_thumbnails.thumbnail",
  "pk": 117,
  "fields": {
    "storage_hash": "f9bde26a1556cd667f742bd34ec7c55e",
    "name": "filer_public_thumbnails/filer_public/e1/f1/e1f12769-eb5d-4a4e-b25b-4664ad8032d0/3_0.jpg__180x180_q85_crop_subsampling-2_upscale.jpg",
    "modified": "2022-10-06T11:24:23.792Z",
    "source": 25
  }
},
{
  "model": "easy_thumbnails.thumbnail",
  "pk": 118,
  "fields": {
    "storage_hash": "f9bde26a1556cd667f742bd34ec7c55e",
    "name": "filer_public_thumbnails/filer_public/e1/f1/e1f12769-eb5d-4a4e-b25b-4664ad8032d0/3_0.jpg__40x40_q85_crop_subsampling-2.jpg",
    "modified": "2022-10-06T11:24:23.968Z",
    "source": 25
  }
},
{
  "model": "easy_thumbnails.thumbnail",
  "pk": 119,
  "fields": {
    "storage_hash": "f9bde26a1556cd667f742bd34ec7c55e",
    "name": "filer_public_thumbnails/filer_public/e1/f1/e1f12769-eb5d-4a4e-b25b-4664ad8032d0/3_0.jpg__80x80_q85_crop_subsampling-2.jpg",
    "modified": "2022-10-06T11:24:24.040Z",
    "source": 25
  }
},
{
  "model": "easy_thumbnails.thumbnail",
  "pk": 120,
  "fields": {
    "storage_hash": "f9bde26a1556cd667f742bd34ec7c55e",
    "name": "filer_public_thumbnails/filer_public/a3/b4/a3b4ccdc-284d-4abd-a95e-d131830d23c7/3.jpg__180x180_q85_crop_subsampling-2_upscale.jpg",
    "modified": "2022-10-06T11:26:12.978Z",
    "source": 26
  }
},
{
  "model": "easy_thumbnails.thumbnail",
  "pk": 121,
  "fields": {
    "storage_hash": "f9bde26a1556cd667f742bd34ec7c55e",
    "name": "filer_public_thumbnails/filer_public/98/57/985751cc-0917-4d5f-a727-1a3a3a62d6de/4.jpg__180x180_q85_crop_subsampling-2_upscale.jpg",
    "modified": "2022-10-06T11:26:13.137Z",
    "source": 27
  }
},
{
  "model": "easy_thumbnails.thumbnail",
  "pk": 122,
  "fields": {
    "storage_hash": "f9bde26a1556cd667f742bd34ec7c55e",
    "name": "filer_public_thumbnails/filer_public/bb/20/bb203db9-0f94-4197-9db1-25d8cbe50ba7/21129_1.jpg__180x180_q85_crop_subsampling-2_upscale.jpg",
    "modified": "2022-10-06T11:26:13.305Z",
    "source": 28
  }
},
{
  "model": "easy_thumbnails.thumbnail",
  "pk": 123,
  "fields": {
    "storage_hash": "f9bde26a1556cd667f742bd34ec7c55e",
    "name": "filer_public_thumbnails/filer_public/d2/8c/d28cabe8-4be8-4635-a3df-add1ae3cf3f8/21131_3.jpg__180x180_q85_crop_subsampling-2_upscale.jpg",
    "modified": "2022-10-06T11:26:13.462Z",
    "source": 29
  }
},
{
  "model": "easy_thumbnails.thumbnail",
  "pk": 124,
  "fields": {
    "storage_hash": "f9bde26a1556cd667f742bd34ec7c55e",
    "name": "filer_public_thumbnails/filer_public/78/28/78288662-7534-437e-9884-6f324796b90e/844424962943154_fddd.jpg__180x180_q85_crop_subsampling-2_upscale.jpg",
    "modified": "2022-10-06T11:26:13.636Z",
    "source": 30
  }
},
{
  "model": "easy_thumbnails.thumbnail",
  "pk": 125,
  "fields": {
    "storage_hash": "f9bde26a1556cd667f742bd34ec7c55e",
    "name": "filer_public_thumbnails/filer_public/a4/41/a441f29c-7a5b-4451-8856-63551e947673/844424964735511_11c4.jpg__180x180_q85_crop_subsampling-2_upscale.jpg",
    "modified": "2022-10-06T11:26:13.796Z",
    "source": 31
  }
},
{
  "model": "easy_thumbnails.thumbnail",
  "pk": 126,
  "fields": {
    "storage_hash": "f9bde26a1556cd667f742bd34ec7c55e",
    "name": "filer_public_thumbnails/filer_public/f8/66/f866ffaa-d0fa-486d-8666-6cc5a827050a/844424964735519_a7ce.jpg__180x180_q85_crop_subsampling-2_upscale.jpg",
    "modified": "2022-10-06T11:26:13.969Z",
    "source": 32
  }
},
{
  "model": "easy_thumbnails.thumbnail",
  "pk": 127,
  "fields": {
    "storage_hash": "f9bde26a1556cd667f742bd34ec7c55e",
    "name": "filer_public_thumbnails/filer_public/50/32/503285a7-745c-479b-86e3-4b32f2cb112e/844424964735521_8824.jpg__180x180_q85_crop_subsampling-2_upscale.jpg",
    "modified": "2022-10-06T11:26:14.188Z",
    "source": 33
  }
},
{
  "model": "easy_thumbnails.thumbnail",
  "pk": 128,
  "fields": {
    "storage_hash": "f9bde26a1556cd667f742bd34ec7c55e",
    "name": "filer_public_thumbnails/filer_public/4b/96/4b96c0b9-0c0e-4094-b5c1-422914c672d5/844424975311335_2d33.jpg__180x180_q85_crop_subsampling-2_upscale.jpg",
    "modified": "2022-10-06T11:26:14.381Z",
    "source": 34
  }
},
{
  "model": "easy_thumbnails.thumbnail",
  "pk": 129,
  "fields": {
    "storage_hash": "f9bde26a1556cd667f742bd34ec7c55e",
    "name": "filer_public_thumbnails/filer_public/93/fe/93feaf89-f31c-4ee8-9c55-f986f58caa8c/gob5lllbycgwh5aya-botaz1zqbwj8czujiqarlcdn3p6miw2cujyisxikd7ujlo5wwi-ptomb101o-htq8qy0hm.jpg__180x180_q85_crop_subsampling-2_upscale.jpg",
    "modified": "2022-10-06T11:26:14.530Z",
    "source": 35
  }
},
{
  "model": "easy_thumbnails.thumbnail",
  "pk": 130,
  "fields": {
    "storage_hash": "f9bde26a1556cd667f742bd34ec7c55e",
    "name": "filer_public_thumbnails/filer_public/bb/20/bb203db9-0f94-4197-9db1-25d8cbe50ba7/21129_1.jpg__40x40_q85_crop_subsampling-2.jpg",
    "modified": "2022-10-06T11:26:14.680Z",
    "source": 28
  }
},
{
  "model": "easy_thumbnails.thumbnail",
  "pk": 131,
  "fields": {
    "storage_hash": "f9bde26a1556cd667f742bd34ec7c55e",
    "name": "filer_public_thumbnails/filer_public/bb/20/bb203db9-0f94-4197-9db1-25d8cbe50ba7/21129_1.jpg__80x80_q85_crop_subsampling-2.jpg",
    "modified": "2022-10-06T11:26:14.720Z",
    "source": 28
  }
},
{
  "model": "easy_thumbnails.thumbnail",
  "pk": 132,
  "fields": {
    "storage_hash": "f9bde26a1556cd667f742bd34ec7c55e",
    "name": "filer_public_thumbnails/filer_public/d2/8c/d28cabe8-4be8-4635-a3df-add1ae3cf3f8/21131_3.jpg__40x40_q85_crop_subsampling-2.jpg",
    "modified": "2022-10-06T11:26:14.768Z",
    "source": 29
  }
},
{
  "model": "easy_thumbnails.thumbnail",
  "pk": 133,
  "fields": {
    "storage_hash": "f9bde26a1556cd667f742bd34ec7c55e",
    "name": "filer_public_thumbnails/filer_public/d2/8c/d28cabe8-4be8-4635-a3df-add1ae3cf3f8/21131_3.jpg__80x80_q85_crop_subsampling-2.jpg",
    "modified": "2022-10-06T11:26:14.807Z",
    "source": 29
  }
},
{
  "model": "easy_thumbnails.thumbnail",
  "pk": 134,
  "fields": {
    "storage_hash": "f9bde26a1556cd667f742bd34ec7c55e",
    "name": "filer_public_thumbnails/filer_public/a3/b4/a3b4ccdc-284d-4abd-a95e-d131830d23c7/3.jpg__40x40_q85_crop_subsampling-2.jpg",
    "modified": "2022-10-06T11:26:14.864Z",
    "source": 26
  }
},
{
  "model": "easy_thumbnails.thumbnail",
  "pk": 135,
  "fields": {
    "storage_hash": "f9bde26a1556cd667f742bd34ec7c55e",
    "name": "filer_public_thumbnails/filer_public/a3/b4/a3b4ccdc-284d-4abd-a95e-d131830d23c7/3.jpg__80x80_q85_crop_subsampling-2.jpg",
    "modified": "2022-10-06T11:26:14.898Z",
    "source": 26
  }
},
{
  "model": "easy_thumbnails.thumbnail",
  "pk": 136,
  "fields": {
    "storage_hash": "f9bde26a1556cd667f742bd34ec7c55e",
    "name": "filer_public_thumbnails/filer_public/98/57/985751cc-0917-4d5f-a727-1a3a3a62d6de/4.jpg__40x40_q85_crop_subsampling-2.jpg",
    "modified": "2022-10-06T11:26:14.940Z",
    "source": 27
  }
},
{
  "model": "easy_thumbnails.thumbnail",
  "pk": 137,
  "fields": {
    "storage_hash": "f9bde26a1556cd667f742bd34ec7c55e",
    "name": "filer_public_thumbnails/filer_public/98/57/985751cc-0917-4d5f-a727-1a3a3a62d6de/4.jpg__80x80_q85_crop_subsampling-2.jpg",
    "modified": "2022-10-06T11:26:14.964Z",
    "source": 27
  }
},
{
  "model": "easy_thumbnails.thumbnail",
  "pk": 138,
  "fields": {
    "storage_hash": "f9bde26a1556cd667f742bd34ec7c55e",
    "name": "filer_public_thumbnails/filer_public/78/28/78288662-7534-437e-9884-6f324796b90e/844424962943154_fddd.jpg__40x40_q85_crop_subsampling-2.jpg",
    "modified": "2022-10-06T11:26:15.020Z",
    "source": 30
  }
},
{
  "model": "easy_thumbnails.thumbnail",
  "pk": 139,
  "fields": {
    "storage_hash": "f9bde26a1556cd667f742bd34ec7c55e",
    "name": "filer_public_thumbnails/filer_public/78/28/78288662-7534-437e-9884-6f324796b90e/844424962943154_fddd.jpg__80x80_q85_crop_subsampling-2.jpg",
    "modified": "2022-10-06T11:26:15.068Z",
    "source": 30
  }
},
{
  "model": "easy_thumbnails.thumbnail",
  "pk": 140,
  "fields": {
    "storage_hash": "f9bde26a1556cd667f742bd34ec7c55e",
    "name": "filer_public_thumbnails/filer_public/a4/41/a441f29c-7a5b-4451-8856-63551e947673/844424964735511_11c4.jpg__40x40_q85_crop_subsampling-2.jpg",
    "modified": "2022-10-06T11:26:15.128Z",
    "source": 31
  }
},
{
  "model": "easy_thumbnails.thumbnail",
  "pk": 141,
  "fields": {
    "storage_hash": "f9bde26a1556cd667f742bd34ec7c55e",
    "name": "filer_public_thumbnails/filer_public/a4/41/a441f29c-7a5b-4451-8856-63551e947673/844424964735511_11c4.jpg__80x80_q85_crop_subsampling-2.jpg",
    "modified": "2022-10-06T11:26:15.179Z",
    "source": 31
  }
},
{
  "model": "easy_thumbnails.thumbnail",
  "pk": 142,
  "fields": {
    "storage_hash": "f9bde26a1556cd667f742bd34ec7c55e",
    "name": "filer_public_thumbnails/filer_public/f8/66/f866ffaa-d0fa-486d-8666-6cc5a827050a/844424964735519_a7ce.jpg__40x40_q85_crop_subsampling-2.jpg",
    "modified": "2022-10-06T11:26:15.240Z",
    "source": 32
  }
},
{
  "model": "easy_thumbnails.thumbnail",
  "pk": 143,
  "fields": {
    "storage_hash": "f9bde26a1556cd667f742bd34ec7c55e",
    "name": "filer_public_thumbnails/filer_public/f8/66/f866ffaa-d0fa-486d-8666-6cc5a827050a/844424964735519_a7ce.jpg__80x80_q85_crop_subsampling-2.jpg",
    "modified": "2022-10-06T11:26:15.297Z",
    "source": 32
  }
},
{
  "model": "easy_thumbnails.thumbnail",
  "pk": 144,
  "fields": {
    "storage_hash": "f9bde26a1556cd667f742bd34ec7c55e",
    "name": "filer_public_thumbnails/filer_public/50/32/503285a7-745c-479b-86e3-4b32f2cb112e/844424964735521_8824.jpg__40x40_q85_crop_subsampling-2.jpg",
    "modified": "2022-10-06T11:26:15.360Z",
    "source": 33
  }
},
{
  "model": "easy_thumbnails.thumbnail",
  "pk": 145,
  "fields": {
    "storage_hash": "f9bde26a1556cd667f742bd34ec7c55e",
    "name": "filer_public_thumbnails/filer_public/50/32/503285a7-745c-479b-86e3-4b32f2cb112e/844424964735521_8824.jpg__80x80_q85_crop_subsampling-2.jpg",
    "modified": "2022-10-06T11:26:15.415Z",
    "source": 33
  }
},
{
  "model": "easy_thumbnails.thumbnail",
  "pk": 146,
  "fields": {
    "storage_hash": "f9bde26a1556cd667f742bd34ec7c55e",
    "name": "filer_public_thumbnails/filer_public/4b/96/4b96c0b9-0c0e-4094-b5c1-422914c672d5/844424975311335_2d33.jpg__40x40_q85_crop_subsampling-2.jpg",
    "modified": "2022-10-06T11:26:15.497Z",
    "source": 34
  }
},
{
  "model": "easy_thumbnails.thumbnail",
  "pk": 147,
  "fields": {
    "storage_hash": "f9bde26a1556cd667f742bd34ec7c55e",
    "name": "filer_public_thumbnails/filer_public/4b/96/4b96c0b9-0c0e-4094-b5c1-422914c672d5/844424975311335_2d33.jpg__80x80_q85_crop_subsampling-2.jpg",
    "modified": "2022-10-06T11:26:15.562Z",
    "source": 34
  }
},
{
  "model": "easy_thumbnails.thumbnail",
  "pk": 148,
  "fields": {
    "storage_hash": "f9bde26a1556cd667f742bd34ec7c55e",
    "name": "filer_public_thumbnails/filer_public/93/fe/93feaf89-f31c-4ee8-9c55-f986f58caa8c/gob5lllbycgwh5aya-botaz1zqbwj8czujiqarlcdn3p6miw2cujyisxikd7ujlo5wwi-ptomb101o-htq8qy0hm.jpg__40x40_q85_crop_subsampling-2.jpg",
    "modified": "2022-10-06T11:26:15.603Z",
    "source": 35
  }
},
{
  "model": "easy_thumbnails.thumbnail",
  "pk": 149,
  "fields": {
    "storage_hash": "f9bde26a1556cd667f742bd34ec7c55e",
    "name": "filer_public_thumbnails/filer_public/93/fe/93feaf89-f31c-4ee8-9c55-f986f58caa8c/gob5lllbycgwh5aya-botaz1zqbwj8czujiqarlcdn3p6miw2cujyisxikd7ujlo5wwi-ptomb101o-htq8qy0hm.jpg__80x80_q85_crop_subsampling-2.jpg",
    "modified": "2022-10-06T11:26:15.636Z",
    "source": 35
  }
},
{
  "model": "easy_thumbnails.thumbnail",
  "pk": 150,
  "fields": {
    "storage_hash": "f9bde26a1556cd667f742bd34ec7c55e",
    "name": "filer_public_thumbnails/filer_public/e1/f1/e1f12769-eb5d-4a4e-b25b-4664ad8032d0/3_0.jpg__300x300_q85_crop_subsampling-2_upscale.jpg",
    "modified": "2022-10-06T11:29:43.358Z",
    "source": 25
  }
},
{
  "model": "easy_thumbnails.thumbnail",
  "pk": 151,
  "fields": {
    "storage_hash": "f9bde26a1556cd667f742bd34ec7c55e",
    "name": "filer_public_thumbnails/filer_public/a3/b4/a3b4ccdc-284d-4abd-a95e-d131830d23c7/3.jpg__300x300_q85_crop_subsampling-2_upscale.jpg",
    "modified": "2022-10-06T11:29:43.392Z",
    "source": 26
  }
},
{
  "model": "easy_thumbnails.thumbnail",
  "pk": 152,
  "fields": {
    "storage_hash": "f9bde26a1556cd667f742bd34ec7c55e",
    "name": "filer_public_thumbnails/filer_public/98/57/985751cc-0917-4d5f-a727-1a3a3a62d6de/4.jpg__300x300_q85_crop_subsampling-2_upscale.jpg",
    "modified": "2022-10-06T11:29:43.425Z",
    "source": 27
  }
},
{
  "model": "easy_thumbnails.thumbnail",
  "pk": 153,
  "fields": {
    "storage_hash": "f9bde26a1556cd667f742bd34ec7c55e",
    "name": "filer_public_thumbnails/filer_public/bb/20/bb203db9-0f94-4197-9db1-25d8cbe50ba7/21129_1.jpg__300x300_q85_crop_subsampling-2_upscale.jpg",
    "modified": "2022-10-06T11:29:43.477Z",
    "source": 28
  }
},
{
  "model": "easy_thumbnails.thumbnail",
  "pk": 154,
  "fields": {
    "storage_hash": "f9bde26a1556cd667f742bd34ec7c55e",
    "name": "filer_public_thumbnails/filer_public/d2/8c/d28cabe8-4be8-4635-a3df-add1ae3cf3f8/21131_3.jpg__300x300_q85_crop_subsampling-2_upscale.jpg",
    "modified": "2022-10-06T11:29:43.532Z",
    "source": 29
  }
},
{
  "model": "easy_thumbnails.thumbnail",
  "pk": 155,
  "fields": {
    "storage_hash": "f9bde26a1556cd667f742bd34ec7c55e",
    "name": "filer_public_thumbnails/filer_public/78/28/78288662-7534-437e-9884-6f324796b90e/844424962943154_fddd.jpg__300x300_q85_crop_subsampling-2_upscale.jpg",
    "modified": "2022-10-06T11:29:43.596Z",
    "source": 30
  }
},
{
  "model": "easy_thumbnails.thumbnail",
  "pk": 156,
  "fields": {
    "storage_hash": "f9bde26a1556cd667f742bd34ec7c55e",
    "name": "filer_public_thumbnails/filer_public/a4/41/a441f29c-7a5b-4451-8856-63551e947673/844424964735511_11c4.jpg__300x300_q85_crop_subsampling-2_upscale.jpg",
    "modified": "2022-10-06T11:29:43.663Z",
    "source": 31
  }
},
{
  "model": "easy_thumbnails.thumbnail",
  "pk": 157,
  "fields": {
    "storage_hash": "f9bde26a1556cd667f742bd34ec7c55e",
    "name": "filer_public_thumbnails/filer_public/f8/66/f866ffaa-d0fa-486d-8666-6cc5a827050a/844424964735519_a7ce.jpg__300x300_q85_crop_subsampling-2_upscale.jpg",
    "modified": "2022-10-06T11:29:43.733Z",
    "source": 32
  }
},
{
  "model": "easy_thumbnails.thumbnail",
  "pk": 158,
  "fields": {
    "storage_hash": "f9bde26a1556cd667f742bd34ec7c55e",
    "name": "filer_public_thumbnails/filer_public/50/32/503285a7-745c-479b-86e3-4b32f2cb112e/844424964735521_8824.jpg__300x300_q85_crop_subsampling-2_upscale.jpg",
    "modified": "2022-10-06T11:29:43.806Z",
    "source": 33
  }
},
{
  "model": "easy_thumbnails.thumbnail",
  "pk": 159,
  "fields": {
    "storage_hash": "f9bde26a1556cd667f742bd34ec7c55e",
    "name": "filer_public_thumbnails/filer_public/4b/96/4b96c0b9-0c0e-4094-b5c1-422914c672d5/844424975311335_2d33.jpg__300x300_q85_crop_subsampling-2_upscale.jpg",
    "modified": "2022-10-06T11:29:43.885Z",
    "source": 34
  }
},
{
  "model": "easy_thumbnails.thumbnail",
  "pk": 160,
  "fields": {
    "storage_hash": "f9bde26a1556cd667f742bd34ec7c55e",
    "name": "filer_public_thumbnails/filer_public/93/fe/93feaf89-f31c-4ee8-9c55-f986f58caa8c/gob5lllbycgwh5aya-botaz1zqbwj8czujiqarlcdn3p6miw2cujyisxikd7ujlo5wwi-ptomb101o-htq8qy0hm.jpg__300x300_q85_crop_subsampling-2_upscale.jpg",
    "modified": "2022-10-06T11:29:43.931Z",
    "source": 35
  }
},
{
  "model": "easy_thumbnails.thumbnail",
  "pk": 161,
  "fields": {
    "storage_hash": "f9bde26a1556cd667f742bd34ec7c55e",
    "name": "filer_public_thumbnails/filer_public/e1/f1/e1f12769-eb5d-4a4e-b25b-4664ad8032d0/3_0.jpg__400x400_q85_crop_subsampling-2_upscale.jpg",
    "modified": "2022-10-06T11:44:23.810Z",
    "source": 25
  }
},
{
  "model": "easy_thumbnails.thumbnail",
  "pk": 162,
  "fields": {
    "storage_hash": "f9bde26a1556cd667f742bd34ec7c55e",
    "name": "filer_public_thumbnails/filer_public/a3/b4/a3b4ccdc-284d-4abd-a95e-d131830d23c7/3.jpg__400x400_q85_crop_subsampling-2_upscale.jpg",
    "modified": "2022-10-06T11:44:23.850Z",
    "source": 26
  }
},
{
  "model": "easy_thumbnails.thumbnail",
  "pk": 163,
  "fields": {
    "storage_hash": "f9bde26a1556cd667f742bd34ec7c55e",
    "name": "filer_public_thumbnails/filer_public/98/57/985751cc-0917-4d5f-a727-1a3a3a62d6de/4.jpg__400x400_q85_crop_subsampling-2_upscale.jpg",
    "modified": "2022-10-06T11:44:23.888Z",
    "source": 27
  }
},
{
  "model": "easy_thumbnails.thumbnail",
  "pk": 164,
  "fields": {
    "storage_hash": "f9bde26a1556cd667f742bd34ec7c55e",
    "name": "filer_public_thumbnails/filer_public/bb/20/bb203db9-0f94-4197-9db1-25d8cbe50ba7/21129_1.jpg__400x400_q85_crop_subsampling-2_upscale.jpg",
    "modified": "2022-10-06T11:44:23.947Z",
    "source": 28
  }
},
{
  "model": "easy_thumbnails.thumbnail",
  "pk": 165,
  "fields": {
    "storage_hash": "f9bde26a1556cd667f742bd34ec7c55e",
    "name": "filer_public_thumbnails/filer_public/d2/8c/d28cabe8-4be8-4635-a3df-add1ae3cf3f8/21131_3.jpg__400x400_q85_crop_subsampling-2_upscale.jpg",
    "modified": "2022-10-06T11:44:24.005Z",
    "source": 29
  }
},
{
  "model": "easy_thumbnails.thumbnail",
  "pk": 166,
  "fields": {
    "storage_hash": "f9bde26a1556cd667f742bd34ec7c55e",
    "name": "filer_public_thumbnails/filer_public/78/28/78288662-7534-437e-9884-6f324796b90e/844424962943154_fddd.jpg__400x400_q85_crop_subsampling-2_upscale.jpg",
    "modified": "2022-10-06T11:44:24.076Z",
    "source": 30
  }
},
{
  "model": "easy_thumbnails.thumbnail",
  "pk": 167,
  "fields": {
    "storage_hash": "f9bde26a1556cd667f742bd34ec7c55e",
    "name": "filer_public_thumbnails/filer_public/a4/41/a441f29c-7a5b-4451-8856-63551e947673/844424964735511_11c4.jpg__400x400_q85_crop_subsampling-2_upscale.jpg",
    "modified": "2022-10-06T11:44:24.144Z",
    "source": 31
  }
},
{
  "model": "easy_thumbnails.thumbnail",
  "pk": 168,
  "fields": {
    "storage_hash": "f9bde26a1556cd667f742bd34ec7c55e",
    "name": "filer_public_thumbnails/filer_public/f8/66/f866ffaa-d0fa-486d-8666-6cc5a827050a/844424964735519_a7ce.jpg__400x400_q85_crop_subsampling-2_upscale.jpg",
    "modified": "2022-10-06T11:44:24.220Z",
    "source": 32
  }
},
{
  "model": "easy_thumbnails.thumbnail",
  "pk": 169,
  "fields": {
    "storage_hash": "f9bde26a1556cd667f742bd34ec7c55e",
    "name": "filer_public_thumbnails/filer_public/50/32/503285a7-745c-479b-86e3-4b32f2cb112e/844424964735521_8824.jpg__400x400_q85_crop_subsampling-2_upscale.jpg",
    "modified": "2022-10-06T11:44:24.298Z",
    "source": 33
  }
},
{
  "model": "easy_thumbnails.thumbnail",
  "pk": 170,
  "fields": {
    "storage_hash": "f9bde26a1556cd667f742bd34ec7c55e",
    "name": "filer_public_thumbnails/filer_public/4b/96/4b96c0b9-0c0e-4094-b5c1-422914c672d5/844424975311335_2d33.jpg__400x400_q85_crop_subsampling-2_upscale.jpg",
    "modified": "2022-10-06T11:44:24.385Z",
    "source": 34
  }
},
{
  "model": "easy_thumbnails.thumbnail",
  "pk": 171,
  "fields": {
    "storage_hash": "f9bde26a1556cd667f742bd34ec7c55e",
    "name": "filer_public_thumbnails/filer_public/93/fe/93feaf89-f31c-4ee8-9c55-f986f58caa8c/gob5lllbycgwh5aya-botaz1zqbwj8czujiqarlcdn3p6miw2cujyisxikd7ujlo5wwi-ptomb101o-htq8qy0hm.jpg__400x400_q85_crop_subsampling-2_upscale.jpg",
    "modified": "2022-10-06T11:44:24.435Z",
    "source": 35
  }
},
{
  "model": "easy_thumbnails.thumbnail",
  "pk": 172,
  "fields": {
    "storage_hash": "f9bde26a1556cd667f742bd34ec7c55e",
    "name": "filer_public_thumbnails/filer_public/e1/f1/e1f12769-eb5d-4a4e-b25b-4664ad8032d0/3_0.jpg__390x390_q85_crop_subsampling-2_upscale.jpg",
    "modified": "2022-10-06T11:46:09.323Z",
    "source": 25
  }
},
{
  "model": "easy_thumbnails.thumbnail",
  "pk": 173,
  "fields": {
    "storage_hash": "f9bde26a1556cd667f742bd34ec7c55e",
    "name": "filer_public_thumbnails/filer_public/a3/b4/a3b4ccdc-284d-4abd-a95e-d131830d23c7/3.jpg__390x390_q85_crop_subsampling-2_upscale.jpg",
    "modified": "2022-10-06T11:46:09.361Z",
    "source": 26
  }
},
{
  "model": "easy_thumbnails.thumbnail",
  "pk": 174,
  "fields": {
    "storage_hash": "f9bde26a1556cd667f742bd34ec7c55e",
    "name": "filer_public_thumbnails/filer_public/98/57/985751cc-0917-4d5f-a727-1a3a3a62d6de/4.jpg__390x390_q85_crop_subsampling-2_upscale.jpg",
    "modified": "2022-10-06T11:46:09.401Z",
    "source": 27
  }
},
{
  "model": "easy_thumbnails.thumbnail",
  "pk": 175,
  "fields": {
    "storage_hash": "f9bde26a1556cd667f742bd34ec7c55e",
    "name": "filer_public_thumbnails/filer_public/bb/20/bb203db9-0f94-4197-9db1-25d8cbe50ba7/21129_1.jpg__390x390_q85_crop_subsampling-2_upscale.jpg",
    "modified": "2022-10-06T11:46:09.460Z",
    "source": 28
  }
},
{
  "model": "easy_thumbnails.thumbnail",
  "pk": 176,
  "fields": {
    "storage_hash": "f9bde26a1556cd667f742bd34ec7c55e",
    "name": "filer_public_thumbnails/filer_public/d2/8c/d28cabe8-4be8-4635-a3df-add1ae3cf3f8/21131_3.jpg__390x390_q85_crop_subsampling-2_upscale.jpg",
    "modified": "2022-10-06T11:46:09.518Z",
    "source": 29
  }
},
{
  "model": "easy_thumbnails.thumbnail",
  "pk": 177,
  "fields": {
    "storage_hash": "f9bde26a1556cd667f742bd34ec7c55e",
    "name": "filer_public_thumbnails/filer_public/78/28/78288662-7534-437e-9884-6f324796b90e/844424962943154_fddd.jpg__390x390_q85_crop_subsampling-2_upscale.jpg",
    "modified": "2022-10-06T11:46:09.586Z",
    "source": 30
  }
},
{
  "model": "easy_thumbnails.thumbnail",
  "pk": 178,
  "fields": {
    "storage_hash": "f9bde26a1556cd667f742bd34ec7c55e",
    "name": "filer_public_thumbnails/filer_public/a4/41/a441f29c-7a5b-4451-8856-63551e947673/844424964735511_11c4.jpg__390x390_q85_crop_subsampling-2_upscale.jpg",
    "modified": "2022-10-06T11:46:09.656Z",
    "source": 31
  }
},
{
  "model": "easy_thumbnails.thumbnail",
  "pk": 179,
  "fields": {
    "storage_hash": "f9bde26a1556cd667f742bd34ec7c55e",
    "name": "filer_public_thumbnails/filer_public/f8/66/f866ffaa-d0fa-486d-8666-6cc5a827050a/844424964735519_a7ce.jpg__390x390_q85_crop_subsampling-2_upscale.jpg",
    "modified": "2022-10-06T11:46:09.727Z",
    "source": 32
  }
},
{
  "model": "easy_thumbnails.thumbnail",
  "pk": 180,
  "fields": {
    "storage_hash": "f9bde26a1556cd667f742bd34ec7c55e",
    "name": "filer_public_thumbnails/filer_public/50/32/503285a7-745c-479b-86e3-4b32f2cb112e/844424964735521_8824.jpg__390x390_q85_crop_subsampling-2_upscale.jpg",
    "modified": "2022-10-06T11:46:09.802Z",
    "source": 33
  }
},
{
  "model": "easy_thumbnails.thumbnail",
  "pk": 181,
  "fields": {
    "storage_hash": "f9bde26a1556cd667f742bd34ec7c55e",
    "name": "filer_public_thumbnails/filer_public/4b/96/4b96c0b9-0c0e-4094-b5c1-422914c672d5/844424975311335_2d33.jpg__390x390_q85_crop_subsampling-2_upscale.jpg",
    "modified": "2022-10-06T11:46:09.889Z",
    "source": 34
  }
},
{
  "model": "easy_thumbnails.thumbnail",
  "pk": 182,
  "fields": {
    "storage_hash": "f9bde26a1556cd667f742bd34ec7c55e",
    "name": "filer_public_thumbnails/filer_public/93/fe/93feaf89-f31c-4ee8-9c55-f986f58caa8c/gob5lllbycgwh5aya-botaz1zqbwj8czujiqarlcdn3p6miw2cujyisxikd7ujlo5wwi-ptomb101o-htq8qy0hm.jpg__390x390_q85_crop_subsampling-2_upscale.jpg",
    "modified": "2022-10-06T11:46:09.940Z",
    "source": 35
  }
},
{
  "model": "easy_thumbnails.thumbnail",
  "pk": 183,
  "fields": {
    "storage_hash": "f9bde26a1556cd667f742bd34ec7c55e",
    "name": "filer_public_thumbnails/filer_public/cc/68/cc688e8c-5776-48ad-ba42-bf3f155b70a7/21129_1.jpg__585x500_q85_crop_subsampling-2_upscale.jpg",
    "modified": "2022-10-06T12:39:11.910Z",
    "source": 22
  }
},
{
  "model": "easy_thumbnails.thumbnail",
  "pk": 184,
  "fields": {
    "storage_hash": "f9bde26a1556cd667f742bd34ec7c55e",
    "name": "filer_public_thumbnails/filer_public/36/94/369462e9-e588-4320-a427-7864493c3c6b/3_0.jpg__180x180_q85_crop_subsampling-2_upscale.jpg",
    "modified": "2022-10-06T12:49:56.905Z",
    "source": 36
  }
},
{
  "model": "easy_thumbnails.thumbnail",
  "pk": 185,
  "fields": {
    "storage_hash": "f9bde26a1556cd667f742bd34ec7c55e",
    "name": "filer_public_thumbnails/filer_public/36/94/369462e9-e588-4320-a427-7864493c3c6b/3_0.jpg__40x40_q85_crop_subsampling-2.jpg",
    "modified": "2022-10-06T12:49:57.055Z",
    "source": 36
  }
},
{
  "model": "easy_thumbnails.thumbnail",
  "pk": 186,
  "fields": {
    "storage_hash": "f9bde26a1556cd667f742bd34ec7c55e",
    "name": "filer_public_thumbnails/filer_public/36/94/369462e9-e588-4320-a427-7864493c3c6b/3_0.jpg__80x80_q85_crop_subsampling-2.jpg",
    "modified": "2022-10-06T12:49:57.130Z",
    "source": 36
  }
},
{
  "model": "easy_thumbnails.thumbnail",
  "pk": 187,
  "fields": {
    "storage_hash": "f9bde26a1556cd667f742bd34ec7c55e",
    "name": "filer_public_thumbnails/filer_public/4d/5a/4d5a90a0-9964-46b5-bfb2-836f46179e54/4.jpg__180x180_q85_crop_subsampling-2_upscale.jpg",
    "modified": "2022-10-06T12:50:09.765Z",
    "source": 37
  }
},
{
  "model": "easy_thumbnails.thumbnail",
  "pk": 188,
  "fields": {
    "storage_hash": "f9bde26a1556cd667f742bd34ec7c55e",
    "name": "filer_public_thumbnails/filer_public/4d/5a/4d5a90a0-9964-46b5-bfb2-836f46179e54/4.jpg__40x40_q85_crop_subsampling-2.jpg",
    "modified": "2022-10-06T12:50:09.891Z",
    "source": 37
  }
},
{
  "model": "easy_thumbnails.thumbnail",
  "pk": 189,
  "fields": {
    "storage_hash": "f9bde26a1556cd667f742bd34ec7c55e",
    "name": "filer_public_thumbnails/filer_public/4d/5a/4d5a90a0-9964-46b5-bfb2-836f46179e54/4.jpg__80x80_q85_crop_subsampling-2.jpg",
    "modified": "2022-10-06T12:50:09.910Z",
    "source": 37
  }
},
{
  "model": "easy_thumbnails.thumbnail",
  "pk": 190,
  "fields": {
    "storage_hash": "f9bde26a1556cd667f742bd34ec7c55e",
    "name": "filer_public_thumbnails/filer_public/be/17/be171a6d-a77e-425e-860e-f1db53617a89/21131_3.jpg__180x180_q85_crop_subsampling-2_upscale.jpg",
    "modified": "2022-10-06T12:51:37.880Z",
    "source": 38
  }
},
{
  "model": "easy_thumbnails.thumbnail",
  "pk": 191,
  "fields": {
    "storage_hash": "f9bde26a1556cd667f742bd34ec7c55e",
    "name": "filer_public_thumbnails/filer_public/ec/8d/ec8d9c04-364d-430b-aefb-81af669fc8d6/844424975311335_2d33.jpg__180x180_q85_crop_subsampling-2_upscale.jpg",
    "modified": "2022-10-06T12:51:38.048Z",
    "source": 39
  }
},
{
  "model": "easy_thumbnails.thumbnail",
  "pk": 192,
  "fields": {
    "storage_hash": "f9bde26a1556cd667f742bd34ec7c55e",
    "name": "filer_public_thumbnails/filer_public/44/74/4474d6d3-5a4b-4c14-8882-8d57da51d770/844424964735511_11c4.jpg__180x180_q85_crop_subsampling-2_upscale.jpg",
    "modified": "2022-10-06T12:51:38.208Z",
    "source": 40
  }
},
{
  "model": "easy_thumbnails.thumbnail",
  "pk": 193,
  "fields": {
    "storage_hash": "f9bde26a1556cd667f742bd34ec7c55e",
    "name": "filer_public_thumbnails/filer_public/c3/5c/c35c18c2-27bd-4128-9c23-e906a6077f4b/21129_1.jpg__180x180_q85_crop_subsampling-2_upscale.jpg",
    "modified": "2022-10-06T12:51:38.364Z",
    "source": 41
  }
},
{
  "model": "easy_thumbnails.thumbnail",
  "pk": 194,
  "fields": {
    "storage_hash": "f9bde26a1556cd667f742bd34ec7c55e",
    "name": "filer_public_thumbnails/filer_public/c3/5c/c35c18c2-27bd-4128-9c23-e906a6077f4b/21129_1.jpg__40x40_q85_crop_subsampling-2.jpg",
    "modified": "2022-10-06T12:51:38.519Z",
    "source": 41
  }
},
{
  "model": "easy_thumbnails.thumbnail",
  "pk": 195,
  "fields": {
    "storage_hash": "f9bde26a1556cd667f742bd34ec7c55e",
    "name": "filer_public_thumbnails/filer_public/c3/5c/c35c18c2-27bd-4128-9c23-e906a6077f4b/21129_1.jpg__80x80_q85_crop_subsampling-2.jpg",
    "modified": "2022-10-06T12:51:38.555Z",
    "source": 41
  }
},
{
  "model": "easy_thumbnails.thumbnail",
  "pk": 196,
  "fields": {
    "storage_hash": "f9bde26a1556cd667f742bd34ec7c55e",
    "name": "filer_public_thumbnails/filer_public/be/17/be171a6d-a77e-425e-860e-f1db53617a89/21131_3.jpg__40x40_q85_crop_subsampling-2.jpg",
    "modified": "2022-10-06T12:51:38.602Z",
    "source": 38
  }
},
{
  "model": "easy_thumbnails.thumbnail",
  "pk": 197,
  "fields": {
    "storage_hash": "f9bde26a1556cd667f742bd34ec7c55e",
    "name": "filer_public_thumbnails/filer_public/be/17/be171a6d-a77e-425e-860e-f1db53617a89/21131_3.jpg__80x80_q85_crop_subsampling-2.jpg",
    "modified": "2022-10-06T12:51:38.639Z",
    "source": 38
  }
},
{
  "model": "easy_thumbnails.thumbnail",
  "pk": 198,
  "fields": {
    "storage_hash": "f9bde26a1556cd667f742bd34ec7c55e",
    "name": "filer_public_thumbnails/filer_public/44/74/4474d6d3-5a4b-4c14-8882-8d57da51d770/844424964735511_11c4.jpg__40x40_q85_crop_subsampling-2.jpg",
    "modified": "2022-10-06T12:51:38.702Z",
    "source": 40
  }
},
{
  "model": "easy_thumbnails.thumbnail",
  "pk": 199,
  "fields": {
    "storage_hash": "f9bde26a1556cd667f742bd34ec7c55e",
    "name": "filer_public_thumbnails/filer_public/44/74/4474d6d3-5a4b-4c14-8882-8d57da51d770/844424964735511_11c4.jpg__80x80_q85_crop_subsampling-2.jpg",
    "modified": "2022-10-06T12:51:38.754Z",
    "source": 40
  }
},
{
  "model": "easy_thumbnails.thumbnail",
  "pk": 200,
  "fields": {
    "storage_hash": "f9bde26a1556cd667f742bd34ec7c55e",
    "name": "filer_public_thumbnails/filer_public/ec/8d/ec8d9c04-364d-430b-aefb-81af669fc8d6/844424975311335_2d33.jpg__40x40_q85_crop_subsampling-2.jpg",
    "modified": "2022-10-06T12:51:38.827Z",
    "source": 39
  }
},
{
  "model": "easy_thumbnails.thumbnail",
  "pk": 201,
  "fields": {
    "storage_hash": "f9bde26a1556cd667f742bd34ec7c55e",
    "name": "filer_public_thumbnails/filer_public/ec/8d/ec8d9c04-364d-430b-aefb-81af669fc8d6/844424975311335_2d33.jpg__80x80_q85_crop_subsampling-2.jpg",
    "modified": "2022-10-06T12:51:38.890Z",
    "source": 39
  }
},
{
  "model": "easy_thumbnails.thumbnail",
  "pk": 202,
  "fields": {
    "storage_hash": "f9bde26a1556cd667f742bd34ec7c55e",
    "name": "filer_public_thumbnails/filer_public/36/94/369462e9-e588-4320-a427-7864493c3c6b/3_0.jpg__390x390_q85_crop_subsampling-2_upscale.jpg",
    "modified": "2022-10-06T12:51:53.943Z",
    "source": 36
  }
},
{
  "model": "easy_thumbnails.thumbnail",
  "pk": 203,
  "fields": {
    "storage_hash": "f9bde26a1556cd667f742bd34ec7c55e",
    "name": "filer_public_thumbnails/filer_public/4d/5a/4d5a90a0-9964-46b5-bfb2-836f46179e54/4.jpg__390x390_q85_crop_subsampling-2_upscale.jpg",
    "modified": "2022-10-06T12:51:53.980Z",
    "source": 37
  }
},
{
  "model": "easy_thumbnails.thumbnail",
  "pk": 204,
  "fields": {
    "storage_hash": "f9bde26a1556cd667f742bd34ec7c55e",
    "name": "filer_public_thumbnails/filer_public/be/17/be171a6d-a77e-425e-860e-f1db53617a89/21131_3.jpg__390x390_q85_crop_subsampling-2_upscale.jpg",
    "modified": "2022-10-06T12:51:54.039Z",
    "source": 38
  }
},
{
  "model": "easy_thumbnails.thumbnail",
  "pk": 205,
  "fields": {
    "storage_hash": "f9bde26a1556cd667f742bd34ec7c55e",
    "name": "filer_public_thumbnails/filer_public/ec/8d/ec8d9c04-364d-430b-aefb-81af669fc8d6/844424975311335_2d33.jpg__390x390_q85_crop_subsampling-2_upscale.jpg",
    "modified": "2022-10-06T12:51:54.128Z",
    "source": 39
  }
},
{
  "model": "easy_thumbnails.thumbnail",
  "pk": 206,
  "fields": {
    "storage_hash": "f9bde26a1556cd667f742bd34ec7c55e",
    "name": "filer_public_thumbnails/filer_public/44/74/4474d6d3-5a4b-4c14-8882-8d57da51d770/844424964735511_11c4.jpg__390x390_q85_crop_subsampling-2_upscale.jpg",
    "modified": "2022-10-06T12:51:54.201Z",
    "source": 40
  }
},
{
  "model": "easy_thumbnails.thumbnail",
  "pk": 207,
  "fields": {
    "storage_hash": "f9bde26a1556cd667f742bd34ec7c55e",
    "name": "filer_public_thumbnails/filer_public/c3/5c/c35c18c2-27bd-4128-9c23-e906a6077f4b/21129_1.jpg__390x390_q85_crop_subsampling-2_upscale.jpg",
    "modified": "2022-10-06T12:51:54.264Z",
    "source": 41
  }
},
{
  "model": "easy_thumbnails.thumbnail",
  "pk": 208,
  "fields": {
    "storage_hash": "f9bde26a1556cd667f742bd34ec7c55e",
    "name": "filer_public_thumbnails/filer_public/38/ee/38ee52a8-0617-47fa-a262-2ec888cbca53/32k54an6go_aroapr_avrapra_uvkp.png__180x180_crop_subsampling-2_upscale.png",
    "modified": "2022-10-10T07:04:20.888Z",
    "source": 42
  }
},
{
  "model": "easy_thumbnails.thumbnail",
  "pk": 209,
  "fields": {
    "storage_hash": "f9bde26a1556cd667f742bd34ec7c55e",
    "name": "filer_public_thumbnails/filer_public/38/ee/38ee52a8-0617-47fa-a262-2ec888cbca53/32k54an6go_aroapr_avrapra_uvkp.png__80x80_crop_subsampling-2.png",
    "modified": "2022-10-10T07:04:26.018Z",
    "source": 42
  }
},
{
  "model": "easy_thumbnails.thumbnail",
  "pk": 210,
  "fields": {
    "storage_hash": "f9bde26a1556cd667f742bd34ec7c55e",
    "name": "filer_public_thumbnails/filer_public/38/ee/38ee52a8-0617-47fa-a262-2ec888cbca53/32k54an6go_aroapr_avrapra_uvkp.png__160x160_crop_subsampling-2.png",
    "modified": "2022-10-10T07:04:26.086Z",
    "source": 42
  }
},
{
  "model": "easy_thumbnails.thumbnail",
  "pk": 211,
  "fields": {
    "storage_hash": "f9bde26a1556cd667f742bd34ec7c55e",
    "name": "filer_public_thumbnails/filer_public/38/ee/38ee52a8-0617-47fa-a262-2ec888cbca53/32k54an6go_aroapr_avrapra_uvkp.png__120x120_crop_subsampling-2.png",
    "modified": "2022-10-10T07:05:22.959Z",
    "source": 42
  }
},
{
  "model": "easy_thumbnails.thumbnail",
  "pk": 212,
  "fields": {
    "storage_hash": "f9bde26a1556cd667f742bd34ec7c55e",
    "name": "filer_public_thumbnails/filer_public/cc/68/cc688e8c-5776-48ad-ba42-bf3f155b70a7/21129_1.jpg__80x80_q85_crop_subsampling-2.jpg",
    "modified": "2022-10-10T07:48:31.849Z",
    "source": 22
  }
},
{
  "model": "easy_thumbnails.thumbnail",
  "pk": 213,
  "fields": {
    "storage_hash": "f9bde26a1556cd667f742bd34ec7c55e",
    "name": "filer_public_thumbnails/filer_public/cc/68/cc688e8c-5776-48ad-ba42-bf3f155b70a7/21129_1.jpg__160x160_q85_crop_subsampling-2.jpg",
    "modified": "2022-10-10T07:48:31.890Z",
    "source": 22
  }
},
{
  "model": "easy_thumbnails.thumbnail",
  "pk": 214,
  "fields": {
    "storage_hash": "f9bde26a1556cd667f742bd34ec7c55e",
    "name": "filer_public_thumbnails/filer_public/cc/68/cc688e8c-5776-48ad-ba42-bf3f155b70a7/21129_1.jpg__40x40_q85_crop_subsampling-2.jpg",
    "modified": "2022-10-10T07:48:31.934Z",
    "source": 22
  }
},
{
  "model": "easy_thumbnails.thumbnail",
  "pk": 215,
  "fields": {
    "storage_hash": "f9bde26a1556cd667f742bd34ec7c55e",
    "name": "filer_public_thumbnails/filer_public/7f/b3/7fb31392-daf9-4578-bcdf-8653921093b4/3.jpg__40x40_q85_crop_subsampling-2.jpg",
    "modified": "2022-10-10T07:48:31.966Z",
    "source": 13
  }
},
{
  "model": "easy_thumbnails.thumbnail",
  "pk": 216,
  "fields": {
    "storage_hash": "f9bde26a1556cd667f742bd34ec7c55e",
    "name": "filer_public_thumbnails/filer_public/51/33/5133716e-ca39-446a-b39f-ed129662aa78/3.jpg__80x80_q85_crop_subsampling-2.jpg",
    "modified": "2022-10-10T07:48:31.995Z",
    "source": 14
  }
},
{
  "model": "easy_thumbnails.thumbnail",
  "pk": 217,
  "fields": {
    "storage_hash": "f9bde26a1556cd667f742bd34ec7c55e",
    "name": "filer_public_thumbnails/filer_public/51/33/5133716e-ca39-446a-b39f-ed129662aa78/3.jpg__160x160_q85_crop_subsampling-2.jpg",
    "modified": "2022-10-10T07:48:32.017Z",
    "source": 14
  }
},
{
  "model": "easy_thumbnails.thumbnail",
  "pk": 218,
  "fields": {
    "storage_hash": "f9bde26a1556cd667f742bd34ec7c55e",
    "name": "filer_public_thumbnails/filer_public/51/33/5133716e-ca39-446a-b39f-ed129662aa78/3.jpg__40x40_q85_crop_subsampling-2.jpg",
    "modified": "2022-10-10T07:48:32.048Z",
    "source": 14
  }
},
{
  "model": "easy_thumbnails.thumbnail",
  "pk": 219,
  "fields": {
    "storage_hash": "f9bde26a1556cd667f742bd34ec7c55e",
    "name": "filer_public_thumbnails/filer_public/58/b3/58b36e26-9cb4-4540-8997-8cd40b23e350/3.jpg__40x40_q85_crop_subsampling-2.jpg",
    "modified": "2022-10-10T07:48:32.078Z",
    "source": 15
  }
},
{
  "model": "easy_thumbnails.thumbnail",
  "pk": 220,
  "fields": {
    "storage_hash": "f9bde26a1556cd667f742bd34ec7c55e",
    "name": "filer_public_thumbnails/filer_public/ec/87/ec872676-5912-4ed2-8bf5-7151a8aa136e/3.jpg__40x40_q85_crop_subsampling-2.jpg",
    "modified": "2022-10-10T07:48:32.108Z",
    "source": 16
  }
},
{
  "model": "easy_thumbnails.thumbnail",
  "pk": 221,
  "fields": {
    "storage_hash": "f9bde26a1556cd667f742bd34ec7c55e",
    "name": "filer_public_thumbnails/filer_public/ec/6b/ec6b7331-5d34-429b-9c5b-bb80d9087eae/3.jpg__40x40_q85_crop_subsampling-2.jpg",
    "modified": "2022-10-10T07:48:32.137Z",
    "source": 20
  }
},
{
  "model": "easy_thumbnails.thumbnail",
  "pk": 222,
  "fields": {
    "storage_hash": "f9bde26a1556cd667f742bd34ec7c55e",
    "name": "filer_public_thumbnails/filer_public/b9/76/b976b7d2-9b3d-4117-a426-f2fdff7e5aef/3.jpg__40x40_q85_crop_subsampling-2.jpg",
    "modified": "2022-10-10T07:48:32.168Z",
    "source": 21
  }
},
{
  "model": "easy_thumbnails.thumbnail",
  "pk": 223,
  "fields": {
    "storage_hash": "f9bde26a1556cd667f742bd34ec7c55e",
    "name": "filer_public_thumbnails/filer_public/38/ee/38ee52a8-0617-47fa-a262-2ec888cbca53/32k54an6go_aroapr_avrapra_uvkp.png__40x40_crop_subsampling-2.png",
    "modified": "2022-10-10T07:48:32.235Z",
    "source": 42
  }
},
{
  "model": "easy_thumbnails.thumbnail",
  "pk": 224,
  "fields": {
    "storage_hash": "f9bde26a1556cd667f742bd34ec7c55e",
    "name": "filer_public_thumbnails/filer_public/b7/36/b7365a83-5035-475e-aa4b-ed5b7f6e9f49/844424962943154_fddd.jpg__40x40_q85_crop_subsampling-2.jpg",
    "modified": "2022-10-10T07:48:32.296Z",
    "source": 24
  }
},
{
  "model": "easy_thumbnails.thumbnail",
  "pk": 225,
  "fields": {
    "storage_hash": "f9bde26a1556cd667f742bd34ec7c55e",
    "name": "filer_public_thumbnails/filer_public/e6/73/e6730a94-bd31-4141-bdaa-454288ff256e/844424964735521_8824.jpg__40x40_q85_crop_subsampling-2.jpg",
    "modified": "2022-10-10T07:48:32.365Z",
    "source": 10
  }
},
{
  "model": "easy_thumbnails.thumbnail",
  "pk": 226,
  "fields": {
    "storage_hash": "f9bde26a1556cd667f742bd34ec7c55e",
    "name": "filer_public_thumbnails/filer_public/de/49/de49a7db-6e2a-4af0-b859-adff65daa4f3/gob5lllbycgwh5aya-botaz1zqbwj8czujiqarlcdn3p6miw2cujyisxikd7ujlo5wwi-ptomb101o-htq8qy0hm.jpg__40x40_q85_crop_subsampling-2.jpg",
    "modified": "2022-10-10T07:48:32.426Z",
    "source": 11
  }
},
{
  "model": "easy_thumbnails.thumbnail",
  "pk": 227,
  "fields": {
    "storage_hash": "f9bde26a1556cd667f742bd34ec7c55e",
    "name": "filer_public_thumbnails/filer_public/16/0a/160abd97-012c-4a9b-bdf8-911918808178/gob5lllbycgwh5aya-botaz1zqbwj8czujiqarlcdn3p6miw2cujyisxikd7ujlo5wwi-ptomb101o-htq8qy0hm.jpg__40x40_q85_crop_subsampling-2.jpg",
    "modified": "2022-10-10T07:48:32.465Z",
    "source": 12
  }
},
{
  "model": "easy_thumbnails.thumbnail",
  "pk": 228,
  "fields": {
    "storage_hash": "f9bde26a1556cd667f742bd34ec7c55e",
    "name": "filer_public_thumbnails/filer_public/f9/4f/f94fccd5-007d-47cf-9993-6d2a84b5e09e/gob5lllbycgwh5aya-botaz1zqbwj8czujiqarlcdn3p6miw2cujyisxikd7ujlo5wwi-ptomb101o-htq8qy0hm.jpg__40x40_q85_crop_subsampling-2.jpg",
    "modified": "2022-10-10T07:48:32.503Z",
    "source": 19
  }
},
{
  "model": "easy_thumbnails.thumbnail",
  "pk": 229,
  "fields": {
    "storage_hash": "f9bde26a1556cd667f742bd34ec7c55e",
    "name": "filer_public_thumbnails/filer_public/58/b3/58b36e26-9cb4-4540-8997-8cd40b23e350/3.jpg__640.0x481.0_q85_subsampling-2.jpg",
    "modified": "2022-10-10T07:48:38.249Z",
    "source": 15
  }
},
{
  "model": "easy_thumbnails.thumbnail",
  "pk": 230,
  "fields": {
    "storage_hash": "f9bde26a1556cd667f742bd34ec7c55e",
    "name": "filer_public_thumbnails/filer_public/3e/0e/3e0e2d64-4a74-414d-ab3f-c73ee1020a5b/tsepochnaya-karusel-vikhr.jpg__180x180_q85_crop_subsampling-2_upscale.jpg",
    "modified": "2022-10-13T03:37:06.781Z",
    "source": 44
  }
},
{
  "model": "easy_thumbnails.thumbnail",
  "pk": 231,
  "fields": {
    "storage_hash": "f9bde26a1556cd667f742bd34ec7c55e",
    "name": "filer_public_thumbnails/filer_public/3e/0e/3e0e2d64-4a74-414d-ab3f-c73ee1020a5b/tsepochnaya-karusel-vikhr.jpg__120x120_q85_crop_subsampling-2.jpg",
    "modified": "2022-10-13T03:37:19.039Z",
    "source": 44
  }
},
{
  "model": "easy_thumbnails.thumbnail",
  "pk": 232,
  "fields": {
    "storage_hash": "f9bde26a1556cd667f742bd34ec7c55e",
    "name": "filer_public_thumbnails/filer_public/3e/0e/3e0e2d64-4a74-414d-ab3f-c73ee1020a5b/tsepochnaya-karusel-vikhr.jpg__80x80_q85_crop_subsampling-2.jpg",
    "modified": "2022-10-13T03:39:51.170Z",
    "source": 44
  }
},
{
  "model": "easy_thumbnails.thumbnail",
  "pk": 233,
  "fields": {
    "storage_hash": "f9bde26a1556cd667f742bd34ec7c55e",
    "name": "filer_public_thumbnails/filer_public/3e/0e/3e0e2d64-4a74-414d-ab3f-c73ee1020a5b/tsepochnaya-karusel-vikhr.jpg__160x160_q85_crop_subsampling-2.jpg",
    "modified": "2022-10-13T03:39:51.187Z",
    "source": 44
  }
},
{
  "model": "easy_thumbnails.thumbnail",
  "pk": 234,
  "fields": {
    "storage_hash": "f9bde26a1556cd667f742bd34ec7c55e",
    "name": "filer_public_thumbnails/filer_public/bf/1a/bf1a6265-9c15-47c1-b57e-cd7944a539be/ff89b9bef090bec93323b783db663086.jpg__180x180_q85_crop_subsampling-2_upscale.jpg",
    "modified": "2022-10-13T06:09:21.043Z",
    "source": 45
  }
},
{
  "model": "easy_thumbnails.thumbnail",
  "pk": 235,
  "fields": {
    "storage_hash": "f9bde26a1556cd667f742bd34ec7c55e",
    "name": "filer_public_thumbnails/filer_public/43/bc/43bc0325-bf52-4ba0-9b58-1c3a1f1dc969/cb8490ece3736d982ae1d67430c503d2.jpg__180x180_q85_crop_subsampling-2_upscale.jpg",
    "modified": "2022-10-13T06:12:05.228Z",
    "source": 46
  }
},
{
  "model": "easy_thumbnails.thumbnail",
  "pk": 236,
  "fields": {
    "storage_hash": "f9bde26a1556cd667f742bd34ec7c55e",
    "name": "filer_public_thumbnails/filer_public/c9/03/c903cd61-54ba-4145-b76a-136b3f24b904/49f7b56c3c3ea046ef8d5057fb190439.jpg__180x180_q85_crop_subsampling-2_upscale.jpg",
    "modified": "2022-10-13T06:12:36.079Z",
    "source": 47
  }
},
{
  "model": "easy_thumbnails.thumbnail",
  "pk": 237,
  "fields": {
    "storage_hash": "f9bde26a1556cd667f742bd34ec7c55e",
    "name": "filer_public_thumbnails/filer_public/0b/07/0b0716ec-913d-428a-9704-73bb5f854304/93bbe1bf6e431459603a8038fb41c72b.jpg__180x180_q85_crop_subsampling-2_upscale.jpg",
    "modified": "2022-10-13T06:13:23.008Z",
    "source": 48
  }
},
{
  "model": "easy_thumbnails.thumbnail",
  "pk": 238,
  "fields": {
    "storage_hash": "f9bde26a1556cd667f742bd34ec7c55e",
    "name": "filer_public_thumbnails/filer_public/bf/1a/bf1a6265-9c15-47c1-b57e-cd7944a539be/ff89b9bef090bec93323b783db663086.jpg__80x80_q85_crop_subsampling-2.jpg",
    "modified": "2022-10-13T07:37:58.175Z",
    "source": 45
  }
},
{
  "model": "easy_thumbnails.thumbnail",
  "pk": 239,
  "fields": {
    "storage_hash": "f9bde26a1556cd667f742bd34ec7c55e",
    "name": "filer_public_thumbnails/filer_public/bf/1a/bf1a6265-9c15-47c1-b57e-cd7944a539be/ff89b9bef090bec93323b783db663086.jpg__160x160_q85_crop_subsampling-2.jpg",
    "modified": "2022-10-13T07:37:58.195Z",
    "source": 45
  }
},
{
  "model": "easy_thumbnails.thumbnail",
  "pk": 240,
  "fields": {
    "storage_hash": "f9bde26a1556cd667f742bd34ec7c55e",
    "name": "filer_public_thumbnails/filer_public/43/bc/43bc0325-bf52-4ba0-9b58-1c3a1f1dc969/cb8490ece3736d982ae1d67430c503d2.jpg__80x80_q85_crop_subsampling-2.jpg",
    "modified": "2022-10-13T08:02:10.555Z",
    "source": 46
  }
},
{
  "model": "easy_thumbnails.thumbnail",
  "pk": 241,
  "fields": {
    "storage_hash": "f9bde26a1556cd667f742bd34ec7c55e",
    "name": "filer_public_thumbnails/filer_public/43/bc/43bc0325-bf52-4ba0-9b58-1c3a1f1dc969/cb8490ece3736d982ae1d67430c503d2.jpg__160x160_q85_crop_subsampling-2.jpg",
    "modified": "2022-10-13T08:02:10.575Z",
    "source": 46
  }
},
{
  "model": "easy_thumbnails.thumbnail",
  "pk": 242,
  "fields": {
    "storage_hash": "f9bde26a1556cd667f742bd34ec7c55e",
    "name": "filer_public_thumbnails/filer_public/1b/a2/1ba2144e-de02-4234-9dd4-c29735439ebf/844424964735521_8824.jpg__1800x600_q85_crop_subsampling-2_upscale.jpg",
    "modified": "2022-10-14T03:40:43.471Z",
    "source": 8
  }
},
{
  "model": "easy_thumbnails.thumbnail",
  "pk": 243,
  "fields": {
    "storage_hash": "f9bde26a1556cd667f742bd34ec7c55e",
    "name": "filer_public_thumbnails/filer_public/ea/15/ea151baf-39ff-498f-ac0e-c9391a957430/img_0088cr2.jpeg__1800x600_q85_crop_subsampling-2_upscale.jpg",
    "modified": "2022-10-14T03:40:43.890Z",
    "source": 7
  }
},
{
  "model": "easy_thumbnails.thumbnail",
  "pk": 244,
  "fields": {
    "storage_hash": "f9bde26a1556cd667f742bd34ec7c55e",
    "name": "filer_public_thumbnails/filer_public/99/0e/990eccb3-fbbe-4deb-a3cd-1bfd902b89bd/tsepochnaya-karusel-vikhr.jpg__180x180_q85_crop_subsampling-2_upscale.jpg",
    "modified": "2022-10-14T03:41:48.660Z",
    "source": 49
  }
},
{
  "model": "easy_thumbnails.thumbnail",
  "pk": 245,
  "fields": {
    "storage_hash": "f9bde26a1556cd667f742bd34ec7c55e",
    "name": "filer_public_thumbnails/filer_public/99/0e/990eccb3-fbbe-4deb-a3cd-1bfd902b89bd/tsepochnaya-karusel-vikhr.jpg__1800x600_q85_crop_subsampling-2_upscale.jpg",
    "modified": "2022-10-14T03:41:53.549Z",
    "source": 49
  }
},
{
  "model": "easy_thumbnails.thumbnail",
  "pk": 246,
  "fields": {
    "storage_hash": "f9bde26a1556cd667f742bd34ec7c55e",
    "name": "filer_public_thumbnails/filer_public/99/0e/990eccb3-fbbe-4deb-a3cd-1bfd902b89bd/tsepochnaya-karusel-vikhr.jpg__80x80_q85_crop_subsampling-2.jpg",
    "modified": "2022-10-14T03:42:23.370Z",
    "source": 49
  }
},
{
  "model": "easy_thumbnails.thumbnail",
  "pk": 247,
  "fields": {
    "storage_hash": "f9bde26a1556cd667f742bd34ec7c55e",
    "name": "filer_public_thumbnails/filer_public/99/0e/990eccb3-fbbe-4deb-a3cd-1bfd902b89bd/tsepochnaya-karusel-vikhr.jpg__160x160_q85_crop_subsampling-2.jpg",
    "modified": "2022-10-14T03:42:23.388Z",
    "source": 49
  }
},
{
  "model": "djangocms_text_ckeditor.text",
  "pk": 857,
  "fields": {
    "cmsplugin_ptr": 857,
    "body": "<p style=\"text-align: center;\"></p>\n\n<p style=\"text-align: center;\"></p>\n\n<p style=\"text-align: center;\"></p>\n\n<p style=\"text-align: center;\">  </p>"
  }
},
{
  "model": "djangocms_text_ckeditor.text",
  "pk": 933,
  "fields": {
    "cmsplugin_ptr": 933,
    "body": "<p style=\"text-align: center;\"></p>\n\n<p style=\"text-align: center;\"></p>\n\n<p style=\"text-align: center;\"></p>\n\n<p style=\"text-align: center;\">  </p>"
  }
},
{
  "model": "djangocms_file.file",
  "pk": 679,
  "fields": {
    "template": "default",
    "file_src": 43,
    "file_name": "",
    "link_target": "",
    "link_title": "",
    "show_file_size": false,
    "attributes": {},
    "cmsplugin_ptr": 679
  }
},
{
  "model": "djangocms_picture.picture",
  "pk": 681,
  "fields": {
    "template": "default",
    "picture": 15,
    "external_picture": null,
    "width": null,
    "height": null,
    "alignment": "",
    "caption_text": "",
    "attributes": {},
    "link_url": null,
    "link_page": null,
    "link_target": "",
    "link_attributes": {},
    "use_automatic_scaling": true,
    "use_no_cropping": false,
    "use_crop": false,
    "use_upscale": false,
    "use_responsive_image": "inherit",
    "thumbnail_options": null,
    "cmsplugin_ptr": 681
  }
},
{
  "model": "djangocms_snippet.snippet",
  "pk": 1,
  "fields": {
    "name": "Breadcrumbs",
    "html": "",
    "template": "core/breadcrumbs.html",
    "slug": "breadcrumbs"
  }
},
{
  "model": "djangocms_snippet.snippet",
  "pk": 3,
  "fields": {
    "name": "",
    "html": "<div class=\"contact-section\">\r\n    <div class=\"row d-flex mb-5 contact-info\">\r\n        <div class=\"col-md-3 d-flex\">\r\n        <div class=\"bg-light align-self-stretch box p-4 text-center\">\r\n            <h3 class=\"mb-4\"></h3>\r\n            <p>,  </p>\r\n            </div>\r\n        </div>\r\n        <div class=\"col-md-3 d-flex\">\r\n        <div class=\"bg-light align-self-stretch box p-4 text-center\">\r\n            <h3 class=\"mb-4\"> </h3>\r\n            <p><a href=\"tel://1234567920\">+7 (3846) 00-00-00</a></p>\r\n            </div>\r\n        </div>\r\n        <div class=\"col-md-3 d-flex\">\r\n        <div class=\"bg-light align-self-stretch box p-4 text-center\">\r\n            <h3 class=\"mb-4\">Email </h3>\r\n            <p><a href=\"mailto:info@yoursite.com\">@</a></p>\r\n            </div>\r\n        </div>\r\n        <div class=\"col-md-3 d-flex\">\r\n        <div class=\"bg-light align-self-stretch box p-4 text-center\">\r\n            <h3 class=\"mb-4\"></h3>\r\n            <p><a href=\"#\">localhost</a></p>\r\n            </div>\r\n        </div>\r\n    </div>\r\n</div>",
    "template": "",
    "slug": "kontakty"
  }
},
{
  "model": "djangocms_snippet.snippet",
  "pk": 4,
  "fields": {
    "name": "  ",
    "html": "<div class=\"py-2 bg-primary\">\r\n    \t<div class=\"container\">\r\n    \t\t<div class=\"row no-gutters d-flex align-items-start align-items-center px-3 px-md-0\">\r\n\t    \t\t<div class=\"col-lg-12 d-block\">\r\n\t\t    \t\t<div class=\"d-flex flex-wrap justify-content-between\">\r\n\t\t\t    \t\t<div class=\"topper d-flex align-items-center\">\r\n\t\t\t\t\t\t\t<a href=\"https://yandex.ru/maps/org/solnechny_gorodok/130637893590/?ll=86.635013%2C53.870652&z=14\" target=\"_blank\">\r\n\t\t\t\t\t\t\t\t<span class=\"text\"><i class=\"bi bi-geo-alt-fill\"></i> ,  </span>\r\n\t\t\t\t\t\t\t</a>\r\n\t\t\t\t\t    </div>\r\n\t\t\t\t\t    <div class=\"topper d-flex align-items-center\">\r\n\t\t\t\t\t\t    <span class=\"text\"><i class=\"bi bi-envelope\"></i> @.ru</span>\r\n\t\t\t\t\t    </div>\r\n\t\t\t\t\t    <div class=\"topper d-flex align-items-center\">\r\n\t\t\t\t\t\t    <span class=\"text\"><i class=\"bi bi-telephone\"></i> +7 (3846) 00-00-00</span>\r\n\t\t\t\t\t    </div>\r\n\t\t\t\t\t    <div class=\"topper d-flex align-items-center\">\r\n\t\t\t\t\t    \t<ul class=\"ftco-footer-social list-unstyled d-flex align-items-center mb-0\">\r\n                                <li class=\"ftco-animate\">\r\n                                    <a href=\"https://vk.com/solnechniy42\" target=\"_blank\" alt=\"\" title=\"\">\r\n                                        <span>\r\n                                            <svg xmlns=\"http://www.w3.org/2000/svg\" x=\"0px\" y=\"0px\"\r\n                                            width=\"16\" height=\"16\"\r\n                                            viewBox=\"0 0 48 48\"\r\n                                            style=\" fill:#fff;\"><path d=\"M45.763,35.202c-1.797-3.234-6.426-7.12-8.337-8.811c-0.523-0.463-0.579-1.264-0.103-1.776 c3.647-3.919,6.564-8.422,7.568-11.143C45.334,12.27,44.417,11,43.125,11l-3.753,0c-1.237,0-1.961,0.444-2.306,1.151 c-3.031,6.211-5.631,8.899-7.451,10.47c-1.019,0.88-2.608,0.151-2.608-1.188c0-2.58,0-5.915,0-8.28 c0-1.147-0.938-2.075-2.095-2.075L18.056,11c-0.863,0-1.356,0.977-0.838,1.662l1.132,1.625c0.426,0.563,0.656,1.248,0.656,1.951 L19,23.556c0,1.273-1.543,1.895-2.459,1.003c-3.099-3.018-5.788-9.181-6.756-12.128C9.505,11.578,8.706,11.002,7.8,11l-3.697-0.009 c-1.387,0-2.401,1.315-2.024,2.639c3.378,11.857,10.309,23.137,22.661,24.36c1.217,0.12,2.267-0.86,2.267-2.073l0-3.846 c0-1.103,0.865-2.051,1.977-2.079c0.039-0.001,0.078-0.001,0.117-0.001c3.267,0,6.926,4.755,8.206,6.979 c0.368,0.64,1.056,1.03,1.8,1.03l4.973,0C45.531,38,46.462,36.461,45.763,35.202z\"></path></svg>\r\n                                        </span>\r\n                                    </a>\r\n                                </li>\r\n                            </ul>\r\n                        </div>\r\n                        <div class=\"topper d-flex align-items-center\">\r\n                            <div id=\"specialButton\" class=\"text-light fs-3 ftco-animate\" alt=\"  \" title=\"  \" style=\"cursor:pointer\">\r\n                                <i class=\"bi bi-eye\"></i>\r\n                            </div>\r\n                        </div>\r\n\t\t\t\t    </div>\r\n\t\t\t    </div>\r\n\t\t    </div>\r\n\t\t</div>\r\n    </div>",
    "template": "",
    "slug": "stroka-s-kontaktami"
  }
},
{
  "model": "djangocms_snippet.snippet",
  "pk": 5,
  "fields": {
    "name": "Footer",
    "html": "{% load menu_tags %}\r\n<div class=\"row mb-5\">\r\n  <div class=\"col-md-6 col-lg-3\">\r\n    <div class=\"ftco-footer-widget mb-5\">\r\n    \t<h2 class=\"ftco-heading-2\">Have a Questions?</h2>\r\n    \t<div class=\"block-23 mb-3\">\r\n          <ul>\r\n            <li><span class=\"icon icon-map-marker\"></span><span class=\"text\">203 Fake St. Mountain View, San Francisco, California, USA</span></li>\r\n            <li><a href=\"#\"><span class=\"icon icon-phone\"></span><span class=\"text\">+2 392 3929 210</span></a></li>\r\n            <li><a href=\"#\"><span class=\"icon icon-envelope\"></span><span class=\"text\">info@yourdomain.com</span></a></li>\r\n          </ul>\r\n        </div>\r\n    </div>\r\n  </div>\r\n  <div class=\"col-md-6 col-lg-3\">\r\n    <div class=\"ftco-footer-widget mb-5\">\r\n      <h2 class=\"ftco-heading-2\">Recent Blog</h2>\r\n      <div class=\"block-21 mb-4 d-flex\">\r\n        <a class=\"blog-img mr-4\" style=\"background-image: url(images/image_1.jpg);\"></a>\r\n        <div class=\"text\">\r\n          <h3 class=\"heading\"><a href=\"#\">Even the all-powerful Pointing has no control about</a></h3>\r\n          <div class=\"meta\">\r\n            <div><a href=\"#\"><span class=\"icon-calendar\"></span> Dec 25, 2018</a></div>\r\n            <div><a href=\"#\"><span class=\"icon-person\"></span> Admin</a></div>\r\n            <div><a href=\"#\"><span class=\"icon-chat\"></span> 19</a></div>\r\n          </div>\r\n        </div>\r\n      </div>\r\n      <div class=\"block-21 mb-5 d-flex\">\r\n        <a class=\"blog-img mr-4\" style=\"background-image: url(images/image_2.jpg);\"></a>\r\n        <div class=\"text\">\r\n          <h3 class=\"heading\"><a href=\"#\">Even the all-powerful Pointing has no control about</a></h3>\r\n          <div class=\"meta\">\r\n            <div><a href=\"#\"><span class=\"icon-calendar\"></span> Dec 25, 2018</a></div>\r\n            <div><a href=\"#\"><span class=\"icon-person\"></span> Admin</a></div>\r\n            <div><a href=\"#\"><span class=\"icon-chat\"></span> 19</a></div>\r\n          </div>\r\n        </div>\r\n      </div>\r\n    </div>\r\n  </div>\r\n  <div class=\"col-md-6 col-lg-3\">\r\n    <div class=\"ftco-footer-widget mb-5 ml-md-4\">\r\n      <h2 class=\"ftco-heading-2\">Links</h2>\r\n      <ul class=\"list-unstyled\">\r\n        {% show_menu 0 0 100 100 %}\r\n      </ul>\r\n    </div>\r\n  </div>\r\n  <div class=\"col-md-6 col-lg-3\">\r\n    <div class=\"ftco-footer-widget mb-5\">\r\n    \t<h2 class=\"ftco-heading-2\">Subscribe Us!</h2>\r\n      <form action=\"#\" class=\"subscribe-form\">\r\n        <div class=\"form-group\">\r\n          <input type=\"text\" class=\"form-control mb-2 text-center\" placeholder=\"Enter email address\">\r\n          <input type=\"submit\" value=\"Subscribe\" class=\"form-control submit px-3\">\r\n        </div>\r\n      </form>\r\n    </div>\r\n    <div class=\"ftco-footer-widget mb-5\">\r\n    \t<h2 class=\"ftco-heading-2 mb-0\">Connect With Us</h2>\r\n    \t<ul class=\"ftco-footer-social list-unstyled float-md-left float-lft mt-3\">\r\n        <li class=\"ftco-animate\"><a href=\"#\"><span class=\"icon-twitter\"></span></a></li>\r\n        <li class=\"ftco-animate\"><a href=\"#\"><span class=\"icon-facebook\"></span></a></li>\r\n        <li class=\"ftco-animate\"><a href=\"#\"><span class=\"icon-instagram\"></span></a></li>\r\n      </ul>\r\n    </div>\r\n  </div>\r\n</div>",
    "template": "",
    "slug": "footer"
  }
},
{
  "model": "djangocms_snippet.snippet",
  "pk": 6,
  "fields": {
    "name": "Footer_2_column",
    "html": "<div class=\"ftco-footer-widget mb-5\">\r\n\t<h2 class=\"ftco-heading-2\"></h2>\r\n\t<div class=\"block-23 mb-3\">\r\n      <ul>\r\n        <li><span class=\"icon icon-map-marker\"></span><span class=\"text\">.,  </span></li>\r\n        <li><span class=\"icon icon-phone\"></span><span class=\"text\">+7 (3846) 00-00-00</span></li>\r\n        <li><span class=\"icon icon-envelope\"></span><span class=\"text\">@.ru</span></li>\r\n      </ul>\r\n    </div>\r\n</div>\r\n<div class=\"ftco-footer-widget mb-5\">\r\n    <h2 class=\"ftco-heading-2 mb-0\">    </h2>\r\n    <ul class=\"ftco-footer-social list-unstyled float-md-left float-lft mt-3\">\r\n        <li class=\"ftco-animate\">\r\n            <a href=\"https://vk.com/solnechniy42\" target=\"_blank\">\r\n                <span>\r\n                    <svg xmlns=\"http://www.w3.org/2000/svg\" x=\"0px\" y=\"0px\"\r\n                    width=\"16\" height=\"16\"\r\n                    viewBox=\"0 0 48 48\"\r\n                    style=\" fill:#fff;\"><path d=\"M45.763,35.202c-1.797-3.234-6.426-7.12-8.337-8.811c-0.523-0.463-0.579-1.264-0.103-1.776 c3.647-3.919,6.564-8.422,7.568-11.143C45.334,12.27,44.417,11,43.125,11l-3.753,0c-1.237,0-1.961,0.444-2.306,1.151 c-3.031,6.211-5.631,8.899-7.451,10.47c-1.019,0.88-2.608,0.151-2.608-1.188c0-2.58,0-5.915,0-8.28 c0-1.147-0.938-2.075-2.095-2.075L18.056,11c-0.863,0-1.356,0.977-0.838,1.662l1.132,1.625c0.426,0.563,0.656,1.248,0.656,1.951 L19,23.556c0,1.273-1.543,1.895-2.459,1.003c-3.099-3.018-5.788-9.181-6.756-12.128C9.505,11.578,8.706,11.002,7.8,11l-3.697-0.009 c-1.387,0-2.401,1.315-2.024,2.639c3.378,11.857,10.309,23.137,22.661,24.36c1.217,0.12,2.267-0.86,2.267-2.073l0-3.846 c0-1.103,0.865-2.051,1.977-2.079c0.039-0.001,0.078-0.001,0.117-0.001c3.267,0,6.926,4.755,8.206,6.979 c0.368,0.64,1.056,1.03,1.8,1.03l4.973,0C45.531,38,46.462,36.461,45.763,35.202z\"></path></svg>\r\n                </span>\r\n            </a>\r\n        </li>\r\n    </ul>\r\n</div>",
    "template": "",
    "slug": "footer_2_column"
  }
},
{
  "model": "djangocms_snippet.snippet",
  "pk": 7,
  "fields": {
    "name": "Footer_3_column",
    "html": "<div class=\"ftco-footer-widget mb-5\">\r\n\t<h2 class=\"ftco-heading-2 mb-2\"> </h2>\r\n  <div class=\"d-flex\">\r\n    <p class=\"ms-auto pb-0\"> </p>\r\n  </div>\r\n  <div class=\"d-flex justify-content-between\">\r\n    <div>\r\n        <p class=\"mb-0\"></p>\r\n        <p class=\"mb-0\"></p>\r\n        <p class=\"mb-0\"></p>\r\n        <p class=\"mb-0\"></p>\r\n        <p class=\"mb-0\"></p>\r\n        <p class=\"mb-0\"></p>\r\n        <p class=\"mb-0\"></p>\r\n    </div>\r\n    <div>\r\n    <p class=\"mb-0\">09:00 - 21:00</p>\r\n    <p class=\"mb-0\">09:00 - 21:00</p>\r\n    <p class=\"mb-0\">09:00 - 21:00</p>\r\n    <p class=\"mb-0\">09:00 - 21:00</p>\r\n    <p class=\"mb-0\">09:00 - 21:00</p>\r\n    <p class=\"mb-0\">09:00 - 21:00</p>\r\n    <p class=\"mb-0\">09:00 - 21:00</p>\r\n    </div>\r\n\r\n  </div>\r\n</div>",
    "template": "",
    "slug": "footer_3_column"
  }
},
{
  "model": "djangocms_snippet.snippetptr",
  "pk": 54,
  "fields": {
    "cmsplugin_ptr": 54,
    "snippet": 1
  }
},
{
  "model": "djangocms_snippet.snippetptr",
  "pk": 57,
  "fields": {
    "cmsplugin_ptr": 57,
    "snippet": 1
  }
},
{
  "model": "djangocms_snippet.snippetptr",
  "pk": 62,
  "fields": {
    "cmsplugin_ptr": 62,
    "snippet": 1
  }
},
{
  "model": "djangocms_snippet.snippetptr",
  "pk": 63,
  "fields": {
    "cmsplugin_ptr": 63,
    "snippet": 1
  }
},
{
  "model": "djangocms_snippet.snippetptr",
  "pk": 587,
  "fields": {
    "cmsplugin_ptr": 587,
    "snippet": 1
  }
},
{
  "model": "djangocms_snippet.snippetptr",
  "pk": 644,
  "fields": {
    "cmsplugin_ptr": 644,
    "snippet": 1
  }
},
{
  "model": "djangocms_snippet.snippetptr",
  "pk": 817,
  "fields": {
    "cmsplugin_ptr": 817,
    "snippet": 1
  }
},
{
  "model": "djangocms_snippet.snippetptr",
  "pk": 821,
  "fields": {
    "cmsplugin_ptr": 821,
    "snippet": 3
  }
},
{
  "model": "djangocms_snippet.snippetptr",
  "pk": 890,
  "fields": {
    "cmsplugin_ptr": 890,
    "snippet": 4
  }
},
{
  "model": "djangocms_snippet.snippetptr",
  "pk": 932,
  "fields": {
    "cmsplugin_ptr": 932,
    "snippet": 3
  }
},
{
  "model": "djangocms_snippet.snippetptr",
  "pk": 934,
  "fields": {
    "cmsplugin_ptr": 934,
    "snippet": 1
  }
},
{
  "model": "djangocms_snippet.snippetptr",
  "pk": 999,
  "fields": {
    "cmsplugin_ptr": 999,
    "snippet": 6
  }
},
{
  "model": "djangocms_snippet.snippetptr",
  "pk": 1000,
  "fields": {
    "cmsplugin_ptr": 1000,
    "snippet": 7
  }
},
{
  "model": "djangocms_snippet.snippetptr",
  "pk": 1014,
  "fields": {
    "cmsplugin_ptr": 1014,
    "snippet": 7
  }
},
{
  "model": "djangocms_snippet.snippetptr",
  "pk": 1194,
  "fields": {
    "cmsplugin_ptr": 1194,
    "snippet": 6
  }
},
{
  "model": "djangocms_snippet.snippetptr",
  "pk": 1272,
  "fields": {
    "cmsplugin_ptr": 1272,
    "snippet": 4
  }
},
{
  "model": "light_gallery.lightgallery",
  "pk": 394,
  "fields": {
    "cmsplugin_ptr": 394,
    "folder": 2,
    "pageThumbWidth": "390",
    "pageThumbHeight": "390",
    "pageThumbMarginHorizontal": "0px",
    "pageThumbMarginVertical": "5px",
    "mode": "lg-slide",
    "cssEasing": "ease",
    "easing": "linear",
    "speed": 600,
    "height": "100%",
    "width": "100%",
    "addClass": "",
    "startClass": "lg-start-zoom",
    "backdropDuration": 150,
    "hideBarsDelay": 6000,
    "useLeft": false,
    "closable": true,
    "loop": true,
    "escKey": true,
    "keyPress": true,
    "controls": true,
    "slideEndAnimation": true,
    "hideControlOnEnd": false,
    "mousewheel": true,
    "preload": 1,
    "showAfterLoad": true,
    "nextHtml": "",
    "prevHtml": "",
    "index": 0,
    "iframeMaxWidth": "100%",
    "download": true,
    "counter": true,
    "appendCounterTo": ".lg-toolbar",
    "enableDrag": true,
    "enableSwipe": true,
    "thumbnails": true,
    "animateThumb": true,
    "currentPagerPosition": "middle",
    "thumbWidth": 100,
    "thumbContHeight": 100,
    "thumbMargin": 5,
    "showThumbByDefault": true,
    "toggleThumb": true,
    "pullCaptionUp": true,
    "enableThumbDrag": true,
    "enableThumbSwipe": true,
    "swipeThreshold": 50,
    "zoom": false,
    "zoomScale": 1,
    "zoomEnableZoomAfter": 50,
    "zoomActualSize": true,
    "fullscreen": false,
    "pager": false,
    "hash": false,
    "galleryId": 1,
    "share": false,
    "facebook": false,
    "facebookDropdownText": "Facebook",
    "twitter": false,
    "twitterDropdownText": "Twitter",
    "googlePlus": false,
    "googlePlusDropdownText": "GooglePlus",
    "pinterest": true,
    "pinterestDropdownText": "Pinterest"
  }
},
{
  "model": "light_gallery.lightgallery",
  "pk": 585,
  "fields": {
    "cmsplugin_ptr": 585,
    "folder": 1,
    "pageThumbWidth": "390",
    "pageThumbHeight": "390",
    "pageThumbMarginHorizontal": "0px",
    "pageThumbMarginVertical": "3px",
    "mode": "lg-slide",
    "cssEasing": "ease",
    "easing": "linear",
    "speed": 600,
    "height": "100%",
    "width": "100%",
    "addClass": "",
    "startClass": "lg-start-zoom",
    "backdropDuration": 150,
    "hideBarsDelay": 6000,
    "useLeft": false,
    "closable": true,
    "loop": true,
    "escKey": true,
    "keyPress": true,
    "controls": true,
    "slideEndAnimation": true,
    "hideControlOnEnd": false,
    "mousewheel": true,
    "preload": 1,
    "showAfterLoad": true,
    "nextHtml": "",
    "prevHtml": "",
    "index": 0,
    "iframeMaxWidth": "100%",
    "download": true,
    "counter": true,
    "appendCounterTo": ".lg-toolbar",
    "enableDrag": true,
    "enableSwipe": true,
    "thumbnails": true,
    "animateThumb": true,
    "currentPagerPosition": "middle",
    "thumbWidth": 100,
    "thumbContHeight": 100,
    "thumbMargin": 5,
    "showThumbByDefault": true,
    "toggleThumb": true,
    "pullCaptionUp": true,
    "enableThumbDrag": true,
    "enableThumbSwipe": true,
    "swipeThreshold": 50,
    "zoom": false,
    "zoomScale": 1,
    "zoomEnableZoomAfter": 50,
    "zoomActualSize": true,
    "fullscreen": false,
    "pager": false,
    "hash": false,
    "galleryId": 1,
    "share": true,
    "facebook": true,
    "facebookDropdownText": "Facebook",
    "twitter": true,
    "twitterDropdownText": "Twitter",
    "googlePlus": true,
    "googlePlusDropdownText": "GooglePlus",
    "pinterest": true,
    "pinterestDropdownText": "Pinterest"
  }
},
{
  "model": "light_gallery.lightgallery",
  "pk": 646,
  "fields": {
    "cmsplugin_ptr": 646,
    "folder": 1,
    "pageThumbWidth": "390",
    "pageThumbHeight": "390",
    "pageThumbMarginHorizontal": "0px",
    "pageThumbMarginVertical": "3px",
    "mode": "lg-slide",
    "cssEasing": "ease",
    "easing": "linear",
    "speed": 600,
    "height": "100%",
    "width": "100%",
    "addClass": "",
    "startClass": "lg-start-zoom",
    "backdropDuration": 150,
    "hideBarsDelay": 6000,
    "useLeft": false,
    "closable": true,
    "loop": true,
    "escKey": true,
    "keyPress": true,
    "controls": true,
    "slideEndAnimation": true,
    "hideControlOnEnd": false,
    "mousewheel": true,
    "preload": 1,
    "showAfterLoad": true,
    "nextHtml": "",
    "prevHtml": "",
    "index": 0,
    "iframeMaxWidth": "100%",
    "download": true,
    "counter": true,
    "appendCounterTo": ".lg-toolbar",
    "enableDrag": true,
    "enableSwipe": true,
    "thumbnails": true,
    "animateThumb": true,
    "currentPagerPosition": "middle",
    "thumbWidth": 100,
    "thumbContHeight": 100,
    "thumbMargin": 5,
    "showThumbByDefault": true,
    "toggleThumb": true,
    "pullCaptionUp": true,
    "enableThumbDrag": true,
    "enableThumbSwipe": true,
    "swipeThreshold": 50,
    "zoom": false,
    "zoomScale": 1,
    "zoomEnableZoomAfter": 50,
    "zoomActualSize": true,
    "fullscreen": false,
    "pager": false,
    "hash": false,
    "galleryId": 1,
    "share": true,
    "facebook": true,
    "facebookDropdownText": "Facebook",
    "twitter": true,
    "twitterDropdownText": "Twitter",
    "googlePlus": true,
    "googlePlusDropdownText": "GooglePlus",
    "pinterest": true,
    "pinterestDropdownText": "Pinterest"
  }
},
{
  "model": "light_gallery.lightgallery",
  "pk": 1282,
  "fields": {
    "cmsplugin_ptr": 1282,
    "folder": 2,
    "pageThumbWidth": "390",
    "pageThumbHeight": "390",
    "pageThumbMarginHorizontal": "0px",
    "pageThumbMarginVertical": "5px",
    "mode": "lg-slide",
    "cssEasing": "ease",
    "easing": "linear",
    "speed": 600,
    "height": "100%",
    "width": "100%",
    "addClass": "",
    "startClass": "lg-start-zoom",
    "backdropDuration": 150,
    "hideBarsDelay": 6000,
    "useLeft": false,
    "closable": true,
    "loop": true,
    "escKey": true,
    "keyPress": true,
    "controls": true,
    "slideEndAnimation": true,
    "hideControlOnEnd": false,
    "mousewheel": true,
    "preload": 1,
    "showAfterLoad": true,
    "nextHtml": "",
    "prevHtml": "",
    "index": 0,
    "iframeMaxWidth": "100%",
    "download": true,
    "counter": true,
    "appendCounterTo": ".lg-toolbar",
    "enableDrag": true,
    "enableSwipe": true,
    "thumbnails": true,
    "animateThumb": true,
    "currentPagerPosition": "middle",
    "thumbWidth": 100,
    "thumbContHeight": 100,
    "thumbMargin": 5,
    "showThumbByDefault": true,
    "toggleThumb": true,
    "pullCaptionUp": true,
    "enableThumbDrag": true,
    "enableThumbSwipe": true,
    "swipeThreshold": 50,
    "zoom": false,
    "zoomScale": 1,
    "zoomEnableZoomAfter": 50,
    "zoomActualSize": true,
    "fullscreen": false,
    "pager": false,
    "hash": false,
    "galleryId": 1,
    "share": false,
    "facebook": false,
    "facebookDropdownText": "Facebook",
    "twitter": false,
    "twitterDropdownText": "Twitter",
    "googlePlus": false,
    "googlePlusDropdownText": "GooglePlus",
    "pinterest": true,
    "pinterestDropdownText": "Pinterest"
  }
},
{
  "model": "djangocms_slider.slider",
  "pk": 13,
  "fields": {
    "cmsplugin_ptr": 13
  }
},
{
  "model": "djangocms_slider.slider",
  "pk": 1273,
  "fields": {
    "cmsplugin_ptr": 1273
  }
},
{
  "model": "djangocms_slider.slide",
  "pk": 7,
  "fields": {
    "slider": 13,
    "title": "    !",
    "subtitle": null,
    "image": 8
  }
},
{
  "model": "djangocms_slider.slide",
  "pk": 22,
  "fields": {
    "slider": 13,
    "title": "   !",
    "subtitle": "  ",
    "image": 7
  }
},
{
  "model": "djangocms_slider.slide",
  "pk": 322,
  "fields": {
    "slider": 1273,
    "title": "    !",
    "subtitle": null,
    "image": 8
  }
},
{
  "model": "djangocms_slider.slide",
  "pk": 323,
  "fields": {
    "slider": 1273,
    "title": "   !",
    "subtitle": "  ",
    "image": 7
  }
},
{
  "model": "djangocms_colorblocks.colorblocksmodel",
  "pk": 27,
  "fields": {
    "cmsplugin_ptr": 27
  }
},
{
  "model": "djangocms_colorblocks.colorblocksmodel",
  "pk": 1274,
  "fields": {
    "cmsplugin_ptr": 1274
  }
},
{
  "model": "djangocms_colorblocks.colorblock",
  "pk": 1,
  "fields": {
    "plugin": 27,
    "title": " 1",
    "text": "",
    "icon": "activity",
    "color": "#009100",
    "order": 4
  }
},
{
  "model": "djangocms_colorblocks.colorblock",
  "pk": 2,
  "fields": {
    "plugin": 27,
    "title": " ",
    "text": "        ,       .",
    "icon": "heart",
    "color": "#E5E31C",
    "order": 3
  }
},
{
  "model": "djangocms_colorblocks.colorblock",
  "pk": 3,
  "fields": {
    "plugin": 27,
    "title": "",
    "text": "  .          .",
    "icon": "shield",
    "color": "#3671AE",
    "order": 2
  }
},
{
  "model": "djangocms_colorblocks.colorblock",
  "pk": 34,
  "fields": {
    "plugin": 27,
    "title": "",
    "text": "      16     ,    .        .",
    "icon": "cursor",
    "color": "#E80000",
    "order": 1
  }
},
{
  "model": "djangocms_colorblocks.colorblock",
  "pk": 567,
  "fields": {
    "plugin": 1274,
    "title": "",
    "text": "      16     ,    .        .",
    "icon": "cursor",
    "color": "#E80000",
    "order": 1
  }
},
{
  "model": "djangocms_colorblocks.colorblock",
  "pk": 568,
  "fields": {
    "plugin": 1274,
    "title": "",
    "text": "  .          .",
    "icon": "shield",
    "color": "#3671AE",
    "order": 2
  }
},
{
  "model": "djangocms_colorblocks.colorblock",
  "pk": 569,
  "fields": {
    "plugin": 1274,
    "title": " ",
    "text": "        ,       .",
    "icon": "heart",
    "color": "#E5E31C",
    "order": 3
  }
},
{
  "model": "djangocms_colorblocks.colorblock",
  "pk": 570,
  "fields": {
    "plugin": 1274,
    "title": " 1",
    "text": "",
    "icon": "activity",
    "color": "#009100",
    "order": 4
  }
},
{
  "model": "djangocms_reviews.reviews",
  "pk": 64,
  "fields": {
    "cmsplugin_ptr": 64
  }
},
{
  "model": "djangocms_reviews.reviews",
  "pk": 1278,
  "fields": {
    "cmsplugin_ptr": 1278
  }
},
{
  "model": "djangocms_reviews.review",
  "pk": 1,
  "fields": {
    "author": " ",
    "text": "      !   . , .  .     . , ,   .  ,        .          ,    !"
  }
},
{
  "model": "djangocms_reviews.review",
  "pk": 2,
  "fields": {
    "author": " ",
    "text": " !!!!     . ,    , ... , , "
  }
},
{
  "model": "djangocms_reviews.review",
  "pk": 3,
  "fields": {
    "author": " ",
    "text": "    .     \", \"\"  \"\".     ."
  }
},
{
  "model": "djangocms_reviews.review",
  "pk": 4,
  "fields": {
    "author": " ",
    "text": "     .     ,     ,    .          ."
  }
},
{
  "model": "djangocms_animated_numbers.animatednumbers",
  "pk": 104,
  "fields": {
    "cmsplugin_ptr": 104,
    "duration": 5000
  }
},
{
  "model": "djangocms_animated_numbers.animatednumbers",
  "pk": 1276,
  "fields": {
    "cmsplugin_ptr": 1276,
    "duration": 5000
  }
},
{
  "model": "djangocms_animated_numbers.number",
  "pk": 1,
  "fields": {
    "plugin": 104,
    "number": 16,
    "title": " "
  }
},
{
  "model": "djangocms_animated_numbers.number",
  "pk": 3,
  "fields": {
    "plugin": 104,
    "number": 18571,
    "title": " "
  }
},
{
  "model": "djangocms_animated_numbers.number",
  "pk": 4,
  "fields": {
    "plugin": 104,
    "number": 29653,
    "title": ""
  }
},
{
  "model": "djangocms_animated_numbers.number",
  "pk": 5,
  "fields": {
    "plugin": 104,
    "number": 9,
    "title": " "
  }
},
{
  "model": "djangocms_animated_numbers.number",
  "pk": 470,
  "fields": {
    "plugin": 1276,
    "number": 16,
    "title": " "
  }
},
{
  "model": "djangocms_animated_numbers.number",
  "pk": 471,
  "fields": {
    "plugin": 1276,
    "number": 18571,
    "title": " "
  }
},
{
  "model": "djangocms_animated_numbers.number",
  "pk": 472,
  "fields": {
    "plugin": 1276,
    "number": 29653,
    "title": ""
  }
},
{
  "model": "djangocms_animated_numbers.number",
  "pk": 473,
  "fields": {
    "plugin": 1276,
    "number": 9,
    "title": " "
  }
},
{
  "model": "background_section.backgroundsection",
  "pk": 145,
  "fields": {
    "cmsplugin_ptr": 145,
    "title": "20  ",
    "text": "<h5>        20 !</h5>",
    "text_bottom": "",
    "background_image": 9,
    "background_color": "#0413FF",
    "css_classes": null,
    "use_parallax": true,
    "use_overlay": true,
    "overlay_color": "#FFFFFF",
    "overlay_opacity": ".5"
  }
},
{
  "model": "background_section.backgroundsection",
  "pk": 308,
  "fields": {
    "cmsplugin_ptr": 308,
    "title": "    ",
    "text": "<p>     \" \"  <a href=\"https://yandex.ru/maps/org/solnechny_gorodok/130637893590/reviews/?ll=86.635013%2C53.870652&amp;z=14\" target=\"_blank\">maps.yandex.ru</a></p>",
    "text_bottom": "",
    "background_image": null,
    "background_color": "#FFFFFF",
    "css_classes": null,
    "use_parallax": false,
    "use_overlay": false,
    "overlay_color": "#FFFFFF",
    "overlay_opacity": ".5"
  }
},
{
  "model": "background_section.backgroundsection",
  "pk": 339,
  "fields": {
    "cmsplugin_ptr": 339,
    "title": "fdf",
    "text": "",
    "text_bottom": "",
    "background_image": null,
    "background_color": "#00BB00",
    "css_classes": null,
    "use_parallax": false,
    "use_overlay": true,
    "overlay_color": "#FFFFFF",
    "overlay_opacity": ".5"
  }
},
{
  "model": "background_section.backgroundsection",
  "pk": 343,
  "fields": {
    "cmsplugin_ptr": 343,
    "title": "fdf",
    "text": "",
    "text_bottom": "",
    "background_image": null,
    "background_color": "#00BB00",
    "css_classes": null,
    "use_parallax": false,
    "use_overlay": true,
    "overlay_color": "#FFFFFF",
    "overlay_opacity": ".5"
  }
},
{
  "model": "background_section.backgroundsection",
  "pk": 352,
  "fields": {
    "cmsplugin_ptr": 352,
    "title": "",
    "text": "<p>       .     .</p>",
    "text_bottom": "",
    "background_image": null,
    "background_color": "#FFFFFF",
    "css_classes": null,
    "use_parallax": false,
    "use_overlay": false,
    "overlay_color": "#FFFFFF",
    "overlay_opacity": ".5"
  }
},
{
  "model": "background_section.backgroundsection",
  "pk": 404,
  "fields": {
    "cmsplugin_ptr": 404,
    "title": "",
    "text": "<p>    .</p>",
    "text_bottom": "<p><a class=\"btn btn-outline-primary btn-lg py-3 my-3 w-100\" href=\"/gallery\">  </a></p>",
    "background_image": null,
    "background_color": "#F4F3FF",
    "css_classes": null,
    "use_parallax": false,
    "use_overlay": false,
    "overlay_color": "#FFFFFF",
    "overlay_opacity": ".5"
  }
},
{
  "model": "background_section.backgroundsection",
  "pk": 588,
  "fields": {
    "cmsplugin_ptr": 588,
    "title": null,
    "text": "<p>    .</p>",
    "text_bottom": "",
    "background_image": null,
    "background_color": "#FFFFFF",
    "css_classes": "py-5",
    "use_parallax": false,
    "use_overlay": false,
    "overlay_color": "#FFFFFF",
    "overlay_opacity": ".5"
  }
},
{
  "model": "background_section.backgroundsection",
  "pk": 645,
  "fields": {
    "cmsplugin_ptr": 645,
    "title": null,
    "text": "<p>    .</p>",
    "text_bottom": "",
    "background_image": null,
    "background_color": "#FFFFFF",
    "css_classes": "py-5",
    "use_parallax": false,
    "use_overlay": false,
    "overlay_color": "#FFFFFF",
    "overlay_opacity": ".5"
  }
},
{
  "model": "background_section.backgroundsection",
  "pk": 730,
  "fields": {
    "cmsplugin_ptr": 730,
    "title": "  ",
    "text": "",
    "text_bottom": "",
    "background_image": null,
    "background_color": "#FFFFFF",
    "css_classes": "bg-light",
    "use_parallax": false,
    "use_overlay": false,
    "overlay_color": "#FFFFFF",
    "overlay_opacity": ".5"
  }
},
{
  "model": "background_section.backgroundsection",
  "pk": 816,
  "fields": {
    "cmsplugin_ptr": 816,
    "title": null,
    "text": "",
    "text_bottom": "",
    "background_image": null,
    "background_color": "#FFFFFF",
    "css_classes": "pt-0",
    "use_parallax": false,
    "use_overlay": false,
    "overlay_color": "#FFFFFF",
    "overlay_opacity": ".5"
  }
},
{
  "model": "background_section.backgroundsection",
  "pk": 931,
  "fields": {
    "cmsplugin_ptr": 931,
    "title": null,
    "text": "",
    "text_bottom": "",
    "background_image": null,
    "background_color": "#FFFFFF",
    "css_classes": "pt-0",
    "use_parallax": false,
    "use_overlay": false,
    "overlay_color": "#FFFFFF",
    "overlay_opacity": ".5"
  }
},
{
  "model": "background_section.backgroundsection",
  "pk": 1275,
  "fields": {
    "cmsplugin_ptr": 1275,
    "title": "20  ",
    "text": "<h5>        20 !</h5>",
    "text_bottom": "",
    "background_image": 9,
    "background_color": "#0413FF",
    "css_classes": null,
    "use_parallax": true,
    "use_overlay": true,
    "overlay_color": "#FFFFFF",
    "overlay_opacity": ".5"
  }
},
{
  "model": "background_section.backgroundsection",
  "pk": 1277,
  "fields": {
    "cmsplugin_ptr": 1277,
    "title": "    ",
    "text": "<p>     \" \"  <a href=\"https://yandex.ru/maps/org/solnechny_gorodok/130637893590/reviews/?ll=86.635013%2C53.870652&amp;z=14\" target=\"_blank\">maps.yandex.ru</a></p>",
    "text_bottom": "",
    "background_image": null,
    "background_color": "#FFFFFF",
    "css_classes": null,
    "use_parallax": false,
    "use_overlay": false,
    "overlay_color": "#FFFFFF",
    "overlay_opacity": ".5"
  }
},
{
  "model": "background_section.backgroundsection",
  "pk": 1279,
  "fields": {
    "cmsplugin_ptr": 1279,
    "title": "",
    "text": "<p>       .     .</p>",
    "text_bottom": "",
    "background_image": null,
    "background_color": "#FFFFFF",
    "css_classes": null,
    "use_parallax": false,
    "use_overlay": false,
    "overlay_color": "#FFFFFF",
    "overlay_opacity": ".5"
  }
},
{
  "model": "background_section.backgroundsection",
  "pk": 1281,
  "fields": {
    "cmsplugin_ptr": 1281,
    "title": "",
    "text": "<p>    .</p>",
    "text_bottom": "<p><a class=\"btn btn-outline-primary btn-lg py-3 my-3 w-100\" href=\"/gallery\">  </a></p>",
    "background_image": null,
    "background_color": "#F4F3FF",
    "css_classes": null,
    "use_parallax": false,
    "use_overlay": false,
    "overlay_color": "#FFFFFF",
    "overlay_opacity": ".5"
  }
},
{
  "model": "background_section.backgroundsection",
  "pk": 1283,
  "fields": {
    "cmsplugin_ptr": 1283,
    "title": "  ",
    "text": "",
    "text_bottom": "",
    "background_image": null,
    "background_color": "#FFFFFF",
    "css_classes": "bg-light",
    "use_parallax": false,
    "use_overlay": false,
    "overlay_color": "#FFFFFF",
    "overlay_opacity": ".5"
  }
},
{
  "model": "attractions.attraction",
  "pk": 1,
  "fields": {
    "title": " ",
    "price_card": 999,
    "price_nocard": 9999,
    "short_description": ":   100  140        (  ).  12  .",
    "description": "<p>  </p>\n\n<ul>\n\t<li>1  </li>\n\t<li>2  </li>\n\t<li>3  </li>\n</ul>\n\n<h2><span style=\"color: #2ecc71;\"><u>  </u></span></h2>\n\n<p></p>",
    "placeholder_top": 32,
    "placeholder_bottom": 33,
    "main_photo": 10
  }
},
{
  "model": "attractions.attraction",
  "pk": 2,
  "fields": {
    "title": "",
    "price_card": 555,
    "price_nocard": 5555,
    "short_description": ":    3  7    ",
    "description": "<p>                                                                                                             </p>",
    "placeholder_top": 31,
    "placeholder_bottom": null,
    "main_photo": 13
  }
},
{
  "model": "attractions.attraction",
  "pk": 3,
  "fields": {
    "title": "",
    "price_card": 777,
    "price_nocard": 7777,
    "short_description": ":    2-   .",
    "description": "<p>                                      </p>",
    "placeholder_top": null,
    "placeholder_bottom": null,
    "main_photo": 22
  }
},
{
  "model": "attractions.attraction",
  "pk": 4,
  "fields": {
    "title": " ",
    "price_card": 666,
    "price_nocard": 6666,
    "short_description": ": ",
    "description": "<p>                                        </p>",
    "placeholder_top": null,
    "placeholder_bottom": null,
    "main_photo": 24
  }
},
{
  "model": "attractions.photo",
  "pk": 1,
  "fields": {
    "attraction": 1,
    "image": 11
  }
},
{
  "model": "attractions.photo",
  "pk": 2,
  "fields": {
    "attraction": 1,
    "image": 19
  }
},
{
  "model": "attractions.photo",
  "pk": 3,
  "fields": {
    "attraction": 2,
    "image": 16
  }
},
{
  "model": "attractions.photo",
  "pk": 4,
  "fields": {
    "attraction": 2,
    "image": 15
  }
},
{
  "model": "attractions.photo",
  "pk": 5,
  "fields": {
    "attraction": 2,
    "image": 20
  }
},
{
  "model": "attractions.attractionsplugin",
  "pk": 361,
  "fields": {
    "cmsplugin_ptr": 361,
    "num_objects": 2
  }
},
{
  "model": "attractions.attractionsplugin",
  "pk": 680,
  "fields": {
    "cmsplugin_ptr": 680,
    "num_objects": 2
  }
},
{
  "model": "attractions.attractionsplugin",
  "pk": 1280,
  "fields": {
    "cmsplugin_ptr": 1280,
    "num_objects": 2
  }
},
{
  "model": "news.post",
  "pk": 1,
  "fields": {
    "title": "      ",
    "alias": "kak-proshel-festival-den-rozhdeniya-zmeya-gorynycha",
    "published": true,
    "published_at": "2022-10-13",
    "created_at": "2022-10-13T06:09:28.370Z",
    "updated_at": "2022-10-13T07:41:45.473Z",
    "text": "<p>  !              .    !</p>\n\n<p>           ,     -.      ,      ,    ,           ,       .</p>",
    "image": 45,
    "image_position": "stretch",
    "placeholder_top": 36,
    "placeholder_bottom": 37
  }
},
{
  "model": "news.post",
  "pk": 2,
  "fields": {
    "title": "  ",
    "alias": "zakazhi-professionalnuyu-fotosessiyu",
    "published": true,
    "published_at": "2022-10-13",
    "created_at": "2022-10-13T06:12:07.191Z",
    "updated_at": "2022-10-13T08:05:58.250Z",
    "text": "<p>, ,  !   ,     .             ,             .</p>\n\n<p>    :    30 ,    3 .         ,      .       <a href=\"https://www.sochipark.ru/spoffers/zakazhi-professionalnuyu-fotosessiyu-v-sochi-parke/\" target=\"_blank\"></a>.</p>\n\n<p></p>",
    "image": 46,
    "image_position": "stretch",
    "placeholder_top": 38,
    "placeholder_bottom": 39
  }
},
{
  "model": "news.post",
  "pk": 3,
  "fields": {
    "title": "   ",
    "alias": "attraktsion-buyan-vremenno-otdyhaet",
    "published": true,
    "published_at": "2022-10-13",
    "created_at": "2022-10-13T06:12:43.777Z",
    "updated_at": "2022-10-13T06:12:43.777Z",
    "text": "<p>             ,             .          4 ,        ,  .</p>\n\n<p>   10          .</p>\n\n<p>  ,      !</p>",
    "image": 47,
    "image_position": "left",
    "placeholder_top": 40,
    "placeholder_bottom": 41
  }
},
{
  "model": "news.post",
  "pk": 4,
  "fields": {
    "title": "   ",
    "alias": "otdyhaite-vkusno-i-bezopasno",
    "published": true,
    "published_at": "2022-10-13",
    "created_at": "2022-10-13T06:13:26.529Z",
    "updated_at": "2022-10-13T06:13:26.529Z",
    "text": "<p>    .            ,     .          2 ,      30       .     ,         .            ,          ,  ,       .</p>\n\n<p> ,                   .       ,   ,      ,                  .</p>\n\n<p> ,        .       , . .    <a href=\"https://www.sochipark.ru/restaurants/\" target=\"_blank\">7   </a>,        .          -     .   ,        ,       ,  ,     .</p>\n\n<p>   !</p>",
    "image": 48,
    "image_position": "stretch",
    "placeholder_top": 42,
    "placeholder_bottom": 43
  }
},
{
  "model": "news.newsplugin",
  "pk": 766,
  "fields": {
    "cmsplugin_ptr": 766,
    "num_objects": 3
  }
},
{
  "model": "news.newsplugin",
  "pk": 1284,
  "fields": {
    "cmsplugin_ptr": 1284,
    "num_objects": 3
  }
},
{
  "model": "auth.permission",
  "fields": {
    "name": "Can use Structure mode",
    "content_type": [
      "cms",
      "placeholder"
    ],
    "codename": "use_structure"
  }
},
{
  "model": "auth.permission",
  "fields": {
    "name": "Can change page",
    "content_type": [
      "cms",
      "page"
    ],
    "codename": "change_page"
  }
},
{
  "model": "auth.permission",
  "fields": {
    "name": "Can add log entry",
    "content_type": [
      "admin",
      "logentry"
    ],
    "codename": "add_logentry"
  }
},
{
  "model": "auth.permission",
  "fields": {
    "name": "Can change log entry",
    "content_type": [
      "admin",
      "logentry"
    ],
    "codename": "change_logentry"
  }
},
{
  "model": "auth.permission",
  "fields": {
    "name": "Can delete log entry",
    "content_type": [
      "admin",
      "logentry"
    ],
    "codename": "delete_logentry"
  }
},
{
  "model": "auth.permission",
  "fields": {
    "name": "Can view log entry",
    "content_type": [
      "admin",
      "logentry"
    ],
    "codename": "view_logentry"
  }
},
{
  "model": "auth.permission",
  "fields": {
    "name": "Can add permission",
    "content_type": [
      "auth",
      "permission"
    ],
    "codename": "add_permission"
  }
},
{
  "model": "auth.permission",
  "fields": {
    "name": "Can change permission",
    "content_type": [
      "auth",
      "permission"
    ],
    "codename": "change_permission"
  }
},
{
  "model": "auth.permission",
  "fields": {
    "name": "Can delete permission",
    "content_type": [
      "auth",
      "permission"
    ],
    "codename": "delete_permission"
  }
},
{
  "model": "auth.permission",
  "fields": {
    "name": "Can view permission",
    "content_type": [
      "auth",
      "permission"
    ],
    "codename": "view_permission"
  }
},
{
  "model": "auth.permission",
  "fields": {
    "name": "Can add group",
    "content_type": [
      "auth",
      "group"
    ],
    "codename": "add_group"
  }
},
{
  "model": "auth.permission",
  "fields": {
    "name": "Can change group",
    "content_type": [
      "auth",
      "group"
    ],
    "codename": "change_group"
  }
},
{
  "model": "auth.permission",
  "fields": {
    "name": "Can delete group",
    "content_type": [
      "auth",
      "group"
    ],
    "codename": "delete_group"
  }
},
{
  "model": "auth.permission",
  "fields": {
    "name": "Can view group",
    "content_type": [
      "auth",
      "group"
    ],
    "codename": "view_group"
  }
},
{
  "model": "auth.permission",
  "fields": {
    "name": "Can add user",
    "content_type": [
      "auth",
      "user"
    ],
    "codename": "add_user"
  }
},
{
  "model": "auth.permission",
  "fields": {
    "name": "Can change user",
    "content_type": [
      "auth",
      "user"
    ],
    "codename": "change_user"
  }
},
{
  "model": "auth.permission",
  "fields": {
    "name": "Can delete user",
    "content_type": [
      "auth",
      "user"
    ],
    "codename": "delete_user"
  }
},
{
  "model": "auth.permission",
  "fields": {
    "name": "Can view user",
    "content_type": [
      "auth",
      "user"
    ],
    "codename": "view_user"
  }
},
{
  "model": "auth.permission",
  "fields": {
    "name": "Can add content type",
    "content_type": [
      "contenttypes",
      "contenttype"
    ],
    "codename": "add_contenttype"
  }
},
{
  "model": "auth.permission",
  "fields": {
    "name": "Can change content type",
    "content_type": [
      "contenttypes",
      "contenttype"
    ],
    "codename": "change_contenttype"
  }
},
{
  "model": "auth.permission",
  "fields": {
    "name": "Can delete content type",
    "content_type": [
      "contenttypes",
      "contenttype"
    ],
    "codename": "delete_contenttype"
  }
},
{
  "model": "auth.permission",
  "fields": {
    "name": "Can view content type",
    "content_type": [
      "contenttypes",
      "contenttype"
    ],
    "codename": "view_contenttype"
  }
},
{
  "model": "auth.permission",
  "fields": {
    "name": "Can add session",
    "content_type": [
      "sessions",
      "session"
    ],
    "codename": "add_session"
  }
},
{
  "model": "auth.permission",
  "fields": {
    "name": "Can change session",
    "content_type": [
      "sessions",
      "session"
    ],
    "codename": "change_session"
  }
},
{
  "model": "auth.permission",
  "fields": {
    "name": "Can delete session",
    "content_type": [
      "sessions",
      "session"
    ],
    "codename": "delete_session"
  }
},
{
  "model": "auth.permission",
  "fields": {
    "name": "Can view session",
    "content_type": [
      "sessions",
      "session"
    ],
    "codename": "view_session"
  }
},
{
  "model": "auth.permission",
  "fields": {
    "name": "Can add site",
    "content_type": [
      "sites",
      "site"
    ],
    "codename": "add_site"
  }
},
{
  "model": "auth.permission",
  "fields": {
    "name": "Can change site",
    "content_type": [
      "sites",
      "site"
    ],
    "codename": "change_site"
  }
},
{
  "model": "auth.permission",
  "fields": {
    "name": "Can delete site",
    "content_type": [
      "sites",
      "site"
    ],
    "codename": "delete_site"
  }
},
{
  "model": "auth.permission",
  "fields": {
    "name": "Can view site",
    "content_type": [
      "sites",
      "site"
    ],
    "codename": "view_site"
  }
},
{
  "model": "auth.permission",
  "fields": {
    "name": "Can add cms plugin",
    "content_type": [
      "cms",
      "cmsplugin"
    ],
    "codename": "add_cmsplugin"
  }
},
{
  "model": "auth.permission",
  "fields": {
    "name": "Can change cms plugin",
    "content_type": [
      "cms",
      "cmsplugin"
    ],
    "codename": "change_cmsplugin"
  }
},
{
  "model": "auth.permission",
  "fields": {
    "name": "Can delete cms plugin",
    "content_type": [
      "cms",
      "cmsplugin"
    ],
    "codename": "delete_cmsplugin"
  }
},
{
  "model": "auth.permission",
  "fields": {
    "name": "Can view cms plugin",
    "content_type": [
      "cms",
      "cmsplugin"
    ],
    "codename": "view_cmsplugin"
  }
},
{
  "model": "auth.permission",
  "fields": {
    "name": "Can add alias plugin model",
    "content_type": [
      "cms",
      "aliaspluginmodel"
    ],
    "codename": "add_aliaspluginmodel"
  }
},
{
  "model": "auth.permission",
  "fields": {
    "name": "Can change alias plugin model",
    "content_type": [
      "cms",
      "aliaspluginmodel"
    ],
    "codename": "change_aliaspluginmodel"
  }
},
{
  "model": "auth.permission",
  "fields": {
    "name": "Can delete alias plugin model",
    "content_type": [
      "cms",
      "aliaspluginmodel"
    ],
    "codename": "delete_aliaspluginmodel"
  }
},
{
  "model": "auth.permission",
  "fields": {
    "name": "Can view alias plugin model",
    "content_type": [
      "cms",
      "aliaspluginmodel"
    ],
    "codename": "view_aliaspluginmodel"
  }
},
{
  "model": "auth.permission",
  "fields": {
    "name": "Can add Page global permission",
    "content_type": [
      "cms",
      "globalpagepermission"
    ],
    "codename": "add_globalpagepermission"
  }
},
{
  "model": "auth.permission",
  "fields": {
    "name": "Can change Page global permission",
    "content_type": [
      "cms",
      "globalpagepermission"
    ],
    "codename": "change_globalpagepermission"
  }
},
{
  "model": "auth.permission",
  "fields": {
    "name": "Can delete Page global permission",
    "content_type": [
      "cms",
      "globalpagepermission"
    ],
    "codename": "delete_globalpagepermission"
  }
},
{
  "model": "auth.permission",
  "fields": {
    "name": "Can view Page global permission",
    "content_type": [
      "cms",
      "globalpagepermission"
    ],
    "codename": "view_globalpagepermission"
  }
},
{
  "model": "auth.permission",
  "fields": {
    "name": "Can add page",
    "content_type": [
      "cms",
      "page"
    ],
    "codename": "add_page"
  }
},
{
  "model": "auth.permission",
  "fields": {
    "name": "Can delete page",
    "content_type": [
      "cms",
      "page"
    ],
    "codename": "delete_page"
  }
},
{
  "model": "auth.permission",
  "fields": {
    "name": "Can view page",
    "content_type": [
      "cms",
      "page"
    ],
    "codename": "view_page"
  }
},
{
  "model": "auth.permission",
  "fields": {
    "name": "Can publish page",
    "content_type": [
      "cms",
      "page"
    ],
    "codename": "publish_page"
  }
},
{
  "model": "auth.permission",
  "fields": {
    "name": "Can edit static placeholders",
    "content_type": [
      "cms",
      "page"
    ],
    "codename": "edit_static_placeholder"
  }
},
{
  "model": "auth.permission",
  "fields": {
    "name": "Can add Page permission",
    "content_type": [
      "cms",
      "pagepermission"
    ],
    "codename": "add_pagepermission"
  }
},
{
  "model": "auth.permission",
  "fields": {
    "name": "Can change Page permission",
    "content_type": [
      "cms",
      "pagepermission"
    ],
    "codename": "change_pagepermission"
  }
},
{
  "model": "auth.permission",
  "fields": {
    "name": "Can delete Page permission",
    "content_type": [
      "cms",
      "pagepermission"
    ],
    "codename": "delete_pagepermission"
  }
},
{
  "model": "auth.permission",
  "fields": {
    "name": "Can view Page permission",
    "content_type": [
      "cms",
      "pagepermission"
    ],
    "codename": "view_pagepermission"
  }
},
{
  "model": "auth.permission",
  "fields": {
    "name": "Can add User (page)",
    "content_type": [
      "cms",
      "pageuser"
    ],
    "codename": "add_pageuser"
  }
},
{
  "model": "auth.permission",
  "fields": {
    "name": "Can change User (page)",
    "content_type": [
      "cms",
      "pageuser"
    ],
    "codename": "change_pageuser"
  }
},
{
  "model": "auth.permission",
  "fields": {
    "name": "Can delete User (page)",
    "content_type": [
      "cms",
      "pageuser"
    ],
    "codename": "delete_pageuser"
  }
},
{
  "model": "auth.permission",
  "fields": {
    "name": "Can view User (page)",
    "content_type": [
      "cms",
      "pageuser"
    ],
    "codename": "view_pageuser"
  }
},
{
  "model": "auth.permission",
  "fields": {
    "name": "Can add User group (page)",
    "content_type": [
      "cms",
      "pageusergroup"
    ],
    "codename": "add_pageusergroup"
  }
},
{
  "model": "auth.permission",
  "fields": {
    "name": "Can change User group (page)",
    "content_type": [
      "cms",
      "pageusergroup"
    ],
    "codename": "change_pageusergroup"
  }
},
{
  "model": "auth.permission",
  "fields": {
    "name": "Can delete User group (page)",
    "content_type": [
      "cms",
      "pageusergroup"
    ],
    "codename": "delete_pageusergroup"
  }
},
{
  "model": "auth.permission",
  "fields": {
    "name": "Can view User group (page)",
    "content_type": [
      "cms",
      "pageusergroup"
    ],
    "codename": "view_pageusergroup"
  }
},
{
  "model": "auth.permission",
  "fields": {
    "name": "Can add placeholder",
    "content_type": [
      "cms",
      "placeholder"
    ],
    "codename": "add_placeholder"
  }
},
{
  "model": "auth.permission",
  "fields": {
    "name": "Can change placeholder",
    "content_type": [
      "cms",
      "placeholder"
    ],
    "codename": "change_placeholder"
  }
},
{
  "model": "auth.permission",
  "fields": {
    "name": "Can delete placeholder",
    "content_type": [
      "cms",
      "placeholder"
    ],
    "codename": "delete_placeholder"
  }
},
{
  "model": "auth.permission",
  "fields": {
    "name": "Can view placeholder",
    "content_type": [
      "cms",
      "placeholder"
    ],
    "codename": "view_placeholder"
  }
},
{
  "model": "auth.permission",
  "fields": {
    "name": "Can add placeholder reference",
    "content_type": [
      "cms",
      "placeholderreference"
    ],
    "codename": "add_placeholderreference"
  }
},
{
  "model": "auth.permission",
  "fields": {
    "name": "Can change placeholder reference",
    "content_type": [
      "cms",
      "placeholderreference"
    ],
    "codename": "change_placeholderreference"
  }
},
{
  "model": "auth.permission",
  "fields": {
    "name": "Can delete placeholder reference",
    "content_type": [
      "cms",
      "placeholderreference"
    ],
    "codename": "delete_placeholderreference"
  }
},
{
  "model": "auth.permission",
  "fields": {
    "name": "Can view placeholder reference",
    "content_type": [
      "cms",
      "placeholderreference"
    ],
    "codename": "view_placeholderreference"
  }
},
{
  "model": "auth.permission",
  "fields": {
    "name": "Can add static placeholder",
    "content_type": [
      "cms",
      "staticplaceholder"
    ],
    "codename": "add_staticplaceholder"
  }
},
{
  "model": "auth.permission",
  "fields": {
    "name": "Can change static placeholder",
    "content_type": [
      "cms",
      "staticplaceholder"
    ],
    "codename": "change_staticplaceholder"
  }
},
{
  "model": "auth.permission",
  "fields": {
    "name": "Can delete static placeholder",
    "content_type": [
      "cms",
      "staticplaceholder"
    ],
    "codename": "delete_staticplaceholder"
  }
},
{
  "model": "auth.permission",
  "fields": {
    "name": "Can view static placeholder",
    "content_type": [
      "cms",
      "staticplaceholder"
    ],
    "codename": "view_staticplaceholder"
  }
},
{
  "model": "auth.permission",
  "fields": {
    "name": "Can add title",
    "content_type": [
      "cms",
      "title"
    ],
    "codename": "add_title"
  }
},
{
  "model": "auth.permission",
  "fields": {
    "name": "Can change title",
    "content_type": [
      "cms",
      "title"
    ],
    "codename": "change_title"
  }
},
{
  "model": "auth.permission",
  "fields": {
    "name": "Can delete title",
    "content_type": [
      "cms",
      "title"
    ],
    "codename": "delete_title"
  }
},
{
  "model": "auth.permission",
  "fields": {
    "name": "Can view title",
    "content_type": [
      "cms",
      "title"
    ],
    "codename": "view_title"
  }
},
{
  "model": "auth.permission",
  "fields": {
    "name": "Can add user setting",
    "content_type": [
      "cms",
      "usersettings"
    ],
    "codename": "add_usersettings"
  }
},
{
  "model": "auth.permission",
  "fields": {
    "name": "Can change user setting",
    "content_type": [
      "cms",
      "usersettings"
    ],
    "codename": "change_usersettings"
  }
},
{
  "model": "auth.permission",
  "fields": {
    "name": "Can delete user setting",
    "content_type": [
      "cms",
      "usersettings"
    ],
    "codename": "delete_usersettings"
  }
},
{
  "model": "auth.permission",
  "fields": {
    "name": "Can view user setting",
    "content_type": [
      "cms",
      "usersettings"
    ],
    "codename": "view_usersettings"
  }
},
{
  "model": "auth.permission",
  "fields": {
    "name": "Can add urlconf revision",
    "content_type": [
      "cms",
      "urlconfrevision"
    ],
    "codename": "add_urlconfrevision"
  }
},
{
  "model": "auth.permission",
  "fields": {
    "name": "Can change urlconf revision",
    "content_type": [
      "cms",
      "urlconfrevision"
    ],
    "codename": "change_urlconfrevision"
  }
},
{
  "model": "auth.permission",
  "fields": {
    "name": "Can delete urlconf revision",
    "content_type": [
      "cms",
      "urlconfrevision"
    ],
    "codename": "delete_urlconfrevision"
  }
},
{
  "model": "auth.permission",
  "fields": {
    "name": "Can view urlconf revision",
    "content_type": [
      "cms",
      "urlconfrevision"
    ],
    "codename": "view_urlconfrevision"
  }
},
{
  "model": "auth.permission",
  "fields": {
    "name": "Can add cache key",
    "content_type": [
      "menus",
      "cachekey"
    ],
    "codename": "add_cachekey"
  }
},
{
  "model": "auth.permission",
  "fields": {
    "name": "Can change cache key",
    "content_type": [
      "menus",
      "cachekey"
    ],
    "codename": "change_cachekey"
  }
},
{
  "model": "auth.permission",
  "fields": {
    "name": "Can delete cache key",
    "content_type": [
      "menus",
      "cachekey"
    ],
    "codename": "delete_cachekey"
  }
},
{
  "model": "auth.permission",
  "fields": {
    "name": "Can view cache key",
    "content_type": [
      "menus",
      "cachekey"
    ],
    "codename": "view_cachekey"
  }
},
{
  "model": "auth.permission",
  "fields": {
    "name": "Can add clipboard",
    "content_type": [
      "filer",
      "clipboard"
    ],
    "codename": "add_clipboard"
  }
},
{
  "model": "auth.permission",
  "fields": {
    "name": "Can change clipboard",
    "content_type": [
      "filer",
      "clipboard"
    ],
    "codename": "change_clipboard"
  }
},
{
  "model": "auth.permission",
  "fields": {
    "name": "Can delete clipboard",
    "content_type": [
      "filer",
      "clipboard"
    ],
    "codename": "delete_clipboard"
  }
},
{
  "model": "auth.permission",
  "fields": {
    "name": "Can view clipboard",
    "content_type": [
      "filer",
      "clipboard"
    ],
    "codename": "view_clipboard"
  }
},
{
  "model": "auth.permission",
  "fields": {
    "name": "Can add clipboard item",
    "content_type": [
      "filer",
      "clipboarditem"
    ],
    "codename": "add_clipboarditem"
  }
},
{
  "model": "auth.permission",
  "fields": {
    "name": "Can change clipboard item",
    "content_type": [
      "filer",
      "clipboarditem"
    ],
    "codename": "change_clipboarditem"
  }
},
{
  "model": "auth.permission",
  "fields": {
    "name": "Can delete clipboard item",
    "content_type": [
      "filer",
      "clipboarditem"
    ],
    "codename": "delete_clipboarditem"
  }
},
{
  "model": "auth.permission",
  "fields": {
    "name": "Can view clipboard item",
    "content_type": [
      "filer",
      "clipboarditem"
    ],
    "codename": "view_clipboarditem"
  }
},
{
  "model": "auth.permission",
  "fields": {
    "name": "Can add file",
    "content_type": [
      "filer",
      "file"
    ],
    "codename": "add_file"
  }
},
{
  "model": "auth.permission",
  "fields": {
    "name": "Can change file",
    "content_type": [
      "filer",
      "file"
    ],
    "codename": "change_file"
  }
},
{
  "model": "auth.permission",
  "fields": {
    "name": "Can delete file",
    "content_type": [
      "filer",
      "file"
    ],
    "codename": "delete_file"
  }
},
{
  "model": "auth.permission",
  "fields": {
    "name": "Can view file",
    "content_type": [
      "filer",
      "file"
    ],
    "codename": "view_file"
  }
},
{
  "model": "auth.permission",
  "fields": {
    "name": "Can add Folder",
    "content_type": [
      "filer",
      "folder"
    ],
    "codename": "add_folder"
  }
},
{
  "model": "auth.permission",
  "fields": {
    "name": "Can change Folder",
    "content_type": [
      "filer",
      "folder"
    ],
    "codename": "change_folder"
  }
},
{
  "model": "auth.permission",
  "fields": {
    "name": "Can delete Folder",
    "content_type": [
      "filer",
      "folder"
    ],
    "codename": "delete_folder"
  }
},
{
  "model": "auth.permission",
  "fields": {
    "name": "Can view Folder",
    "content_type": [
      "filer",
      "folder"
    ],
    "codename": "view_folder"
  }
},
{
  "model": "auth.permission",
  "fields": {
    "name": "Can use directory listing",
    "content_type": [
      "filer",
      "folder"
    ],
    "codename": "can_use_directory_listing"
  }
},
{
  "model": "auth.permission",
  "fields": {
    "name": "Can add folder permission",
    "content_type": [
      "filer",
      "folderpermission"
    ],
    "codename": "add_folderpermission"
  }
},
{
  "model": "auth.permission",
  "fields": {
    "name": "Can change folder permission",
    "content_type": [
      "filer",
      "folderpermission"
    ],
    "codename": "change_folderpermission"
  }
},
{
  "model": "auth.permission",
  "fields": {
    "name": "Can delete folder permission",
    "content_type": [
      "filer",
      "folderpermission"
    ],
    "codename": "delete_folderpermission"
  }
},
{
  "model": "auth.permission",
  "fields": {
    "name": "Can view folder permission",
    "content_type": [
      "filer",
      "folderpermission"
    ],
    "codename": "view_folderpermission"
  }
},
{
  "model": "auth.permission",
  "fields": {
    "name": "Can add image",
    "content_type": [
      "filer",
      "image"
    ],
    "codename": "add_image"
  }
},
{
  "model": "auth.permission",
  "fields": {
    "name": "Can change image",
    "content_type": [
      "filer",
      "image"
    ],
    "codename": "change_image"
  }
},
{
  "model": "auth.permission",
  "fields": {
    "name": "Can delete image",
    "content_type": [
      "filer",
      "image"
    ],
    "codename": "delete_image"
  }
},
{
  "model": "auth.permission",
  "fields": {
    "name": "Can view image",
    "content_type": [
      "filer",
      "image"
    ],
    "codename": "view_image"
  }
},
{
  "model": "auth.permission",
  "fields": {
    "name": "Can add thumbnail option",
    "content_type": [
      "filer",
      "thumbnailoption"
    ],
    "codename": "add_thumbnailoption"
  }
},
{
  "model": "auth.permission",
  "fields": {
    "name": "Can change thumbnail option",
    "content_type": [
      "filer",
      "thumbnailoption"
    ],
    "codename": "change_thumbnailoption"
  }
},
{
  "model": "auth.permission",
  "fields": {
    "name": "Can delete thumbnail option",
    "content_type": [
      "filer",
      "thumbnailoption"
    ],
    "codename": "delete_thumbnailoption"
  }
},
{
  "model": "auth.permission",
  "fields": {
    "name": "Can view thumbnail option",
    "content_type": [
      "filer",
      "thumbnailoption"
    ],
    "codename": "view_thumbnailoption"
  }
},
{
  "model": "auth.permission",
  "fields": {
    "name": "Can add source",
    "content_type": [
      "easy_thumbnails",
      "source"
    ],
    "codename": "add_source"
  }
},
{
  "model": "auth.permission",
  "fields": {
    "name": "Can change source",
    "content_type": [
      "easy_thumbnails",
      "source"
    ],
    "codename": "change_source"
  }
},
{
  "model": "auth.permission",
  "fields": {
    "name": "Can delete source",
    "content_type": [
      "easy_thumbnails",
      "source"
    ],
    "codename": "delete_source"
  }
},
{
  "model": "auth.permission",
  "fields": {
    "name": "Can view source",
    "content_type": [
      "easy_thumbnails",
      "source"
    ],
    "codename": "view_source"
  }
},
{
  "model": "auth.permission",
  "fields": {
    "name": "Can add thumbnail",
    "content_type": [
      "easy_thumbnails",
      "thumbnail"
    ],
    "codename": "add_thumbnail"
  }
},
{
  "model": "auth.permission",
  "fields": {
    "name": "Can change thumbnail",
    "content_type": [
      "easy_thumbnails",
      "thumbnail"
    ],
    "codename": "change_thumbnail"
  }
},
{
  "model": "auth.permission",
  "fields": {
    "name": "Can delete thumbnail",
    "content_type": [
      "easy_thumbnails",
      "thumbnail"
    ],
    "codename": "delete_thumbnail"
  }
},
{
  "model": "auth.permission",
  "fields": {
    "name": "Can view thumbnail",
    "content_type": [
      "easy_thumbnails",
      "thumbnail"
    ],
    "codename": "view_thumbnail"
  }
},
{
  "model": "auth.permission",
  "fields": {
    "name": "Can add thumbnail dimensions",
    "content_type": [
      "easy_thumbnails",
      "thumbnaildimensions"
    ],
    "codename": "add_thumbnaildimensions"
  }
},
{
  "model": "auth.permission",
  "fields": {
    "name": "Can change thumbnail dimensions",
    "content_type": [
      "easy_thumbnails",
      "thumbnaildimensions"
    ],
    "codename": "change_thumbnaildimensions"
  }
},
{
  "model": "auth.permission",
  "fields": {
    "name": "Can delete thumbnail dimensions",
    "content_type": [
      "easy_thumbnails",
      "thumbnaildimensions"
    ],
    "codename": "delete_thumbnaildimensions"
  }
},
{
  "model": "auth.permission",
  "fields": {
    "name": "Can view thumbnail dimensions",
    "content_type": [
      "easy_thumbnails",
      "thumbnaildimensions"
    ],
    "codename": "view_thumbnaildimensions"
  }
},
{
  "model": "auth.permission",
  "fields": {
    "name": "Can add text",
    "content_type": [
      "djangocms_text_ckeditor",
      "text"
    ],
    "codename": "add_text"
  }
},
{
  "model": "auth.permission",
  "fields": {
    "name": "Can change text",
    "content_type": [
      "djangocms_text_ckeditor",
      "text"
    ],
    "codename": "change_text"
  }
},
{
  "model": "auth.permission",
  "fields": {
    "name": "Can delete text",
    "content_type": [
      "djangocms_text_ckeditor",
      "text"
    ],
    "codename": "delete_text"
  }
},
{
  "model": "auth.permission",
  "fields": {
    "name": "Can view text",
    "content_type": [
      "djangocms_text_ckeditor",
      "text"
    ],
    "codename": "view_text"
  }
},
{
  "model": "auth.permission",
  "fields": {
    "name": "Can add link",
    "content_type": [
      "djangocms_link",
      "link"
    ],
    "codename": "add_link"
  }
},
{
  "model": "auth.permission",
  "fields": {
    "name": "Can change link",
    "content_type": [
      "djangocms_link",
      "link"
    ],
    "codename": "change_link"
  }
},
{
  "model": "auth.permission",
  "fields": {
    "name": "Can delete link",
    "content_type": [
      "djangocms_link",
      "link"
    ],
    "codename": "delete_link"
  }
},
{
  "model": "auth.permission",
  "fields": {
    "name": "Can view link",
    "content_type": [
      "djangocms_link",
      "link"
    ],
    "codename": "view_link"
  }
},
{
  "model": "auth.permission",
  "fields": {
    "name": "Can add file",
    "content_type": [
      "djangocms_file",
      "file"
    ],
    "codename": "add_file"
  }
},
{
  "model": "auth.permission",
  "fields": {
    "name": "Can change file",
    "content_type": [
      "djangocms_file",
      "file"
    ],
    "codename": "change_file"
  }
},
{
  "model": "auth.permission",
  "fields": {
    "name": "Can delete file",
    "content_type": [
      "djangocms_file",
      "file"
    ],
    "codename": "delete_file"
  }
},
{
  "model": "auth.permission",
  "fields": {
    "name": "Can view file",
    "content_type": [
      "djangocms_file",
      "file"
    ],
    "codename": "view_file"
  }
},
{
  "model": "auth.permission",
  "fields": {
    "name": "Can add folder",
    "content_type": [
      "djangocms_file",
      "folder"
    ],
    "codename": "add_folder"
  }
},
{
  "model": "auth.permission",
  "fields": {
    "name": "Can change folder",
    "content_type": [
      "djangocms_file",
      "folder"
    ],
    "codename": "change_folder"
  }
},
{
  "model": "auth.permission",
  "fields": {
    "name": "Can delete folder",
    "content_type": [
      "djangocms_file",
      "folder"
    ],
    "codename": "delete_folder"
  }
},
{
  "model": "auth.permission",
  "fields": {
    "name": "Can view folder",
    "content_type": [
      "djangocms_file",
      "folder"
    ],
    "codename": "view_folder"
  }
},
{
  "model": "auth.permission",
  "fields": {
    "name": "Can add picture",
    "content_type": [
      "djangocms_picture",
      "picture"
    ],
    "codename": "add_picture"
  }
},
{
  "model": "auth.permission",
  "fields": {
    "name": "Can change picture",
    "content_type": [
      "djangocms_picture",
      "picture"
    ],
    "codename": "change_picture"
  }
},
{
  "model": "auth.permission",
  "fields": {
    "name": "Can delete picture",
    "content_type": [
      "djangocms_picture",
      "picture"
    ],
    "codename": "delete_picture"
  }
},
{
  "model": "auth.permission",
  "fields": {
    "name": "Can view picture",
    "content_type": [
      "djangocms_picture",
      "picture"
    ],
    "codename": "view_picture"
  }
},
{
  "model": "auth.permission",
  "fields": {
    "name": "Can add video player",
    "content_type": [
      "djangocms_video",
      "videoplayer"
    ],
    "codename": "add_videoplayer"
  }
},
{
  "model": "auth.permission",
  "fields": {
    "name": "Can change video player",
    "content_type": [
      "djangocms_video",
      "videoplayer"
    ],
    "codename": "change_videoplayer"
  }
},
{
  "model": "auth.permission",
  "fields": {
    "name": "Can delete video player",
    "content_type": [
      "djangocms_video",
      "videoplayer"
    ],
    "codename": "delete_videoplayer"
  }
},
{
  "model": "auth.permission",
  "fields": {
    "name": "Can view video player",
    "content_type": [
      "djangocms_video",
      "videoplayer"
    ],
    "codename": "view_videoplayer"
  }
},
{
  "model": "auth.permission",
  "fields": {
    "name": "Can add video source",
    "content_type": [
      "djangocms_video",
      "videosource"
    ],
    "codename": "add_videosource"
  }
},
{
  "model": "auth.permission",
  "fields": {
    "name": "Can change video source",
    "content_type": [
      "djangocms_video",
      "videosource"
    ],
    "codename": "change_videosource"
  }
},
{
  "model": "auth.permission",
  "fields": {
    "name": "Can delete video source",
    "content_type": [
      "djangocms_video",
      "videosource"
    ],
    "codename": "delete_videosource"
  }
},
{
  "model": "auth.permission",
  "fields": {
    "name": "Can view video source",
    "content_type": [
      "djangocms_video",
      "videosource"
    ],
    "codename": "view_videosource"
  }
},
{
  "model": "auth.permission",
  "fields": {
    "name": "Can add video track",
    "content_type": [
      "djangocms_video",
      "videotrack"
    ],
    "codename": "add_videotrack"
  }
},
{
  "model": "auth.permission",
  "fields": {
    "name": "Can change video track",
    "content_type": [
      "djangocms_video",
      "videotrack"
    ],
    "codename": "change_videotrack"
  }
},
{
  "model": "auth.permission",
  "fields": {
    "name": "Can delete video track",
    "content_type": [
      "djangocms_video",
      "videotrack"
    ],
    "codename": "delete_videotrack"
  }
},
{
  "model": "auth.permission",
  "fields": {
    "name": "Can view video track",
    "content_type": [
      "djangocms_video",
      "videotrack"
    ],
    "codename": "view_videotrack"
  }
},
{
  "model": "auth.permission",
  "fields": {
    "name": "Can add google map",
    "content_type": [
      "djangocms_googlemap",
      "googlemap"
    ],
    "codename": "add_googlemap"
  }
},
{
  "model": "auth.permission",
  "fields": {
    "name": "Can change google map",
    "content_type": [
      "djangocms_googlemap",
      "googlemap"
    ],
    "codename": "change_googlemap"
  }
},
{
  "model": "auth.permission",
  "fields": {
    "name": "Can delete google map",
    "content_type": [
      "djangocms_googlemap",
      "googlemap"
    ],
    "codename": "delete_googlemap"
  }
},
{
  "model": "auth.permission",
  "fields": {
    "name": "Can view google map",
    "content_type": [
      "djangocms_googlemap",
      "googlemap"
    ],
    "codename": "view_googlemap"
  }
},
{
  "model": "auth.permission",
  "fields": {
    "name": "Can add google map marker",
    "content_type": [
      "djangocms_googlemap",
      "googlemapmarker"
    ],
    "codename": "add_googlemapmarker"
  }
},
{
  "model": "auth.permission",
  "fields": {
    "name": "Can change google map marker",
    "content_type": [
      "djangocms_googlemap",
      "googlemapmarker"
    ],
    "codename": "change_googlemapmarker"
  }
},
{
  "model": "auth.permission",
  "fields": {
    "name": "Can delete google map marker",
    "content_type": [
      "djangocms_googlemap",
      "googlemapmarker"
    ],
    "codename": "delete_googlemapmarker"
  }
},
{
  "model": "auth.permission",
  "fields": {
    "name": "Can view google map marker",
    "content_type": [
      "djangocms_googlemap",
      "googlemapmarker"
    ],
    "codename": "view_googlemapmarker"
  }
},
{
  "model": "auth.permission",
  "fields": {
    "name": "Can add google map route",
    "content_type": [
      "djangocms_googlemap",
      "googlemaproute"
    ],
    "codename": "add_googlemaproute"
  }
},
{
  "model": "auth.permission",
  "fields": {
    "name": "Can change google map route",
    "content_type": [
      "djangocms_googlemap",
      "googlemaproute"
    ],
    "codename": "change_googlemaproute"
  }
},
{
  "model": "auth.permission",
  "fields": {
    "name": "Can delete google map route",
    "content_type": [
      "djangocms_googlemap",
      "googlemaproute"
    ],
    "codename": "delete_googlemaproute"
  }
},
{
  "model": "auth.permission",
  "fields": {
    "name": "Can view google map route",
    "content_type": [
      "djangocms_googlemap",
      "googlemaproute"
    ],
    "codename": "view_googlemaproute"
  }
},
{
  "model": "auth.permission",
  "fields": {
    "name": "Can add Snippet",
    "content_type": [
      "djangocms_snippet",
      "snippet"
    ],
    "codename": "add_snippet"
  }
},
{
  "model": "auth.permission",
  "fields": {
    "name": "Can change Snippet",
    "content_type": [
      "djangocms_snippet",
      "snippet"
    ],
    "codename": "change_snippet"
  }
},
{
  "model": "auth.permission",
  "fields": {
    "name": "Can delete Snippet",
    "content_type": [
      "djangocms_snippet",
      "snippet"
    ],
    "codename": "delete_snippet"
  }
},
{
  "model": "auth.permission",
  "fields": {
    "name": "Can view Snippet",
    "content_type": [
      "djangocms_snippet",
      "snippet"
    ],
    "codename": "view_snippet"
  }
},
{
  "model": "auth.permission",
  "fields": {
    "name": "Can add Snippet Ptr",
    "content_type": [
      "djangocms_snippet",
      "snippetptr"
    ],
    "codename": "add_snippetptr"
  }
},
{
  "model": "auth.permission",
  "fields": {
    "name": "Can change Snippet Ptr",
    "content_type": [
      "djangocms_snippet",
      "snippetptr"
    ],
    "codename": "change_snippetptr"
  }
},
{
  "model": "auth.permission",
  "fields": {
    "name": "Can delete Snippet Ptr",
    "content_type": [
      "djangocms_snippet",
      "snippetptr"
    ],
    "codename": "delete_snippetptr"
  }
},
{
  "model": "auth.permission",
  "fields": {
    "name": "Can view Snippet Ptr",
    "content_type": [
      "djangocms_snippet",
      "snippetptr"
    ],
    "codename": "view_snippetptr"
  }
},
{
  "model": "auth.permission",
  "fields": {
    "name": "Can add style",
    "content_type": [
      "djangocms_style",
      "style"
    ],
    "codename": "add_style"
  }
},
{
  "model": "auth.permission",
  "fields": {
    "name": "Can change style",
    "content_type": [
      "djangocms_style",
      "style"
    ],
    "codename": "change_style"
  }
},
{
  "model": "auth.permission",
  "fields": {
    "name": "Can delete style",
    "content_type": [
      "djangocms_style",
      "style"
    ],
    "codename": "delete_style"
  }
},
{
  "model": "auth.permission",
  "fields": {
    "name": "Can view style",
    "content_type": [
      "djangocms_style",
      "style"
    ],
    "codename": "view_style"
  }
},
{
  "model": "auth.permission",
  "fields": {
    "name": "Can add light gallery",
    "content_type": [
      "light_gallery",
      "lightgallery"
    ],
    "codename": "add_lightgallery"
  }
},
{
  "model": "auth.permission",
  "fields": {
    "name": "Can change light gallery",
    "content_type": [
      "light_gallery",
      "lightgallery"
    ],
    "codename": "change_lightgallery"
  }
},
{
  "model": "auth.permission",
  "fields": {
    "name": "Can delete light gallery",
    "content_type": [
      "light_gallery",
      "lightgallery"
    ],
    "codename": "delete_lightgallery"
  }
},
{
  "model": "auth.permission",
  "fields": {
    "name": "Can view light gallery",
    "content_type": [
      "light_gallery",
      "lightgallery"
    ],
    "codename": "view_lightgallery"
  }
},
{
  "model": "auth.permission",
  "fields": {
    "name": "Can add slider",
    "content_type": [
      "djangocms_slider",
      "slider"
    ],
    "codename": "add_slider"
  }
},
{
  "model": "auth.permission",
  "fields": {
    "name": "Can change slider",
    "content_type": [
      "djangocms_slider",
      "slider"
    ],
    "codename": "change_slider"
  }
},
{
  "model": "auth.permission",
  "fields": {
    "name": "Can delete slider",
    "content_type": [
      "djangocms_slider",
      "slider"
    ],
    "codename": "delete_slider"
  }
},
{
  "model": "auth.permission",
  "fields": {
    "name": "Can view slider",
    "content_type": [
      "djangocms_slider",
      "slider"
    ],
    "codename": "view_slider"
  }
},
{
  "model": "auth.permission",
  "fields": {
    "name": "Can add ",
    "content_type": [
      "djangocms_slider",
      "slide"
    ],
    "codename": "add_slideritem"
  }
},
{
  "model": "auth.permission",
  "fields": {
    "name": "Can change ",
    "content_type": [
      "djangocms_slider",
      "slide"
    ],
    "codename": "change_slideritem"
  }
},
{
  "model": "auth.permission",
  "fields": {
    "name": "Can delete ",
    "content_type": [
      "djangocms_slider",
      "slide"
    ],
    "codename": "delete_slideritem"
  }
},
{
  "model": "auth.permission",
  "fields": {
    "name": "Can view ",
    "content_type": [
      "djangocms_slider",
      "slide"
    ],
    "codename": "view_slideritem"
  }
},
{
  "model": "auth.permission",
  "fields": {
    "name": "Can add ",
    "content_type": [
      "djangocms_slider",
      "slide"
    ],
    "codename": "add_slide"
  }
},
{
  "model": "auth.permission",
  "fields": {
    "name": "Can change ",
    "content_type": [
      "djangocms_slider",
      "slide"
    ],
    "codename": "change_slide"
  }
},
{
  "model": "auth.permission",
  "fields": {
    "name": "Can delete ",
    "content_type": [
      "djangocms_slider",
      "slide"
    ],
    "codename": "delete_slide"
  }
},
{
  "model": "auth.permission",
  "fields": {
    "name": "Can view ",
    "content_type": [
      "djangocms_slider",
      "slide"
    ],
    "codename": "view_slide"
  }
},
{
  "model": "auth.permission",
  "fields": {
    "name": "Can add  ",
    "content_type": [
      "djangocms_colorblocks",
      "colorblock"
    ],
    "codename": "add_colorblock"
  }
},
{
  "model": "auth.permission",
  "fields": {
    "name": "Can change  ",
    "content_type": [
      "djangocms_colorblocks",
      "colorblock"
    ],
    "codename": "change_colorblock"
  }
},
{
  "model": "auth.permission",
  "fields": {
    "name": "Can delete  ",
    "content_type": [
      "djangocms_colorblocks",
      "colorblock"
    ],
    "codename": "delete_colorblock"
  }
},
{
  "model": "auth.permission",
  "fields": {
    "name": "Can view  ",
    "content_type": [
      "djangocms_colorblocks",
      "colorblock"
    ],
    "codename": "view_colorblock"
  }
},
{
  "model": "auth.permission",
  "fields": {
    "name": "Can add color blocks model",
    "content_type": [
      "djangocms_colorblocks",
      "colorblocksmodel"
    ],
    "codename": "add_colorblocksmodel"
  }
},
{
  "model": "auth.permission",
  "fields": {
    "name": "Can change color blocks model",
    "content_type": [
      "djangocms_colorblocks",
      "colorblocksmodel"
    ],
    "codename": "change_colorblocksmodel"
  }
},
{
  "model": "auth.permission",
  "fields": {
    "name": "Can delete color blocks model",
    "content_type": [
      "djangocms_colorblocks",
      "colorblocksmodel"
    ],
    "codename": "delete_colorblocksmodel"
  }
},
{
  "model": "auth.permission",
  "fields": {
    "name": "Can view color blocks model",
    "content_type": [
      "djangocms_colorblocks",
      "colorblocksmodel"
    ],
    "codename": "view_colorblocksmodel"
  }
},
{
  "model": "auth.permission",
  "fields": {
    "name": "Can add reviews",
    "content_type": [
      "djangocms_reviews",
      "reviews"
    ],
    "codename": "add_reviews"
  }
},
{
  "model": "auth.permission",
  "fields": {
    "name": "Can change reviews",
    "content_type": [
      "djangocms_reviews",
      "reviews"
    ],
    "codename": "change_reviews"
  }
},
{
  "model": "auth.permission",
  "fields": {
    "name": "Can delete reviews",
    "content_type": [
      "djangocms_reviews",
      "reviews"
    ],
    "codename": "delete_reviews"
  }
},
{
  "model": "auth.permission",
  "fields": {
    "name": "Can view reviews",
    "content_type": [
      "djangocms_reviews",
      "reviews"
    ],
    "codename": "view_reviews"
  }
},
{
  "model": "auth.permission",
  "fields": {
    "name": "Can add ",
    "content_type": [
      "djangocms_reviews",
      "review"
    ],
    "codename": "add_review"
  }
},
{
  "model": "auth.permission",
  "fields": {
    "name": "Can change ",
    "content_type": [
      "djangocms_reviews",
      "review"
    ],
    "codename": "change_review"
  }
},
{
  "model": "auth.permission",
  "fields": {
    "name": "Can delete ",
    "content_type": [
      "djangocms_reviews",
      "review"
    ],
    "codename": "delete_review"
  }
},
{
  "model": "auth.permission",
  "fields": {
    "name": "Can view ",
    "content_type": [
      "djangocms_reviews",
      "review"
    ],
    "codename": "view_review"
  }
},
{
  "model": "auth.permission",
  "fields": {
    "name": "Can add  ",
    "content_type": [
      "djangocms_animated_numbers",
      "number"
    ],
    "codename": "add_number"
  }
},
{
  "model": "auth.permission",
  "fields": {
    "name": "Can change  ",
    "content_type": [
      "djangocms_animated_numbers",
      "number"
    ],
    "codename": "change_number"
  }
},
{
  "model": "auth.permission",
  "fields": {
    "name": "Can delete  ",
    "content_type": [
      "djangocms_animated_numbers",
      "number"
    ],
    "codename": "delete_number"
  }
},
{
  "model": "auth.permission",
  "fields": {
    "name": "Can view  ",
    "content_type": [
      "djangocms_animated_numbers",
      "number"
    ],
    "codename": "view_number"
  }
},
{
  "model": "auth.permission",
  "fields": {
    "name": "Can add animated numbers",
    "content_type": [
      "djangocms_animated_numbers",
      "animatednumbers"
    ],
    "codename": "add_animatednumbers"
  }
},
{
  "model": "auth.permission",
  "fields": {
    "name": "Can change animated numbers",
    "content_type": [
      "djangocms_animated_numbers",
      "animatednumbers"
    ],
    "codename": "change_animatednumbers"
  }
},
{
  "model": "auth.permission",
  "fields": {
    "name": "Can delete animated numbers",
    "content_type": [
      "djangocms_animated_numbers",
      "animatednumbers"
    ],
    "codename": "delete_animatednumbers"
  }
},
{
  "model": "auth.permission",
  "fields": {
    "name": "Can view animated numbers",
    "content_type": [
      "djangocms_animated_numbers",
      "animatednumbers"
    ],
    "codename": "view_animatednumbers"
  }
},
{
  "model": "auth.permission",
  "fields": {
    "name": "Can add background section",
    "content_type": [
      "background_section",
      "backgroundsection"
    ],
    "codename": "add_backgroundsection"
  }
},
{
  "model": "auth.permission",
  "fields": {
    "name": "Can change background section",
    "content_type": [
      "background_section",
      "backgroundsection"
    ],
    "codename": "change_backgroundsection"
  }
},
{
  "model": "auth.permission",
  "fields": {
    "name": "Can delete background section",
    "content_type": [
      "background_section",
      "backgroundsection"
    ],
    "codename": "delete_backgroundsection"
  }
},
{
  "model": "auth.permission",
  "fields": {
    "name": "Can view background section",
    "content_type": [
      "background_section",
      "backgroundsection"
    ],
    "codename": "view_backgroundsection"
  }
},
{
  "model": "auth.permission",
  "fields": {
    "name": "Can add attraction",
    "content_type": [
      "attractions",
      "attraction"
    ],
    "codename": "add_attraction"
  }
},
{
  "model": "auth.permission",
  "fields": {
    "name": "Can change attraction",
    "content_type": [
      "attractions",
      "attraction"
    ],
    "codename": "change_attraction"
  }
},
{
  "model": "auth.permission",
  "fields": {
    "name": "Can delete attraction",
    "content_type": [
      "attractions",
      "attraction"
    ],
    "codename": "delete_attraction"
  }
},
{
  "model": "auth.permission",
  "fields": {
    "name": "Can view attraction",
    "content_type": [
      "attractions",
      "attraction"
    ],
    "codename": "view_attraction"
  }
},
{
  "model": "auth.permission",
  "fields": {
    "name": "Can add photo attraction",
    "content_type": [
      "attractions",
      "photo"
    ],
    "codename": "add_photoattraction"
  }
},
{
  "model": "auth.permission",
  "fields": {
    "name": "Can change photo attraction",
    "content_type": [
      "attractions",
      "photo"
    ],
    "codename": "change_photoattraction"
  }
},
{
  "model": "auth.permission",
  "fields": {
    "name": "Can delete photo attraction",
    "content_type": [
      "attractions",
      "photo"
    ],
    "codename": "delete_photoattraction"
  }
},
{
  "model": "auth.permission",
  "fields": {
    "name": "Can view photo attraction",
    "content_type": [
      "attractions",
      "photo"
    ],
    "codename": "view_photoattraction"
  }
},
{
  "model": "auth.permission",
  "fields": {
    "name": "Can add photo",
    "content_type": [
      "attractions",
      "photo"
    ],
    "codename": "add_photo"
  }
},
{
  "model": "auth.permission",
  "fields": {
    "name": "Can change photo",
    "content_type": [
      "attractions",
      "photo"
    ],
    "codename": "change_photo"
  }
},
{
  "model": "auth.permission",
  "fields": {
    "name": "Can delete photo",
    "content_type": [
      "attractions",
      "photo"
    ],
    "codename": "delete_photo"
  }
},
{
  "model": "auth.permission",
  "fields": {
    "name": "Can view photo",
    "content_type": [
      "attractions",
      "photo"
    ],
    "codename": "view_photo"
  }
},
{
  "model": "auth.permission",
  "fields": {
    "name": "Can add attractions plugin",
    "content_type": [
      "attractions",
      "attractionsplugin"
    ],
    "codename": "add_attractionsplugin"
  }
},
{
  "model": "auth.permission",
  "fields": {
    "name": "Can change attractions plugin",
    "content_type": [
      "attractions",
      "attractionsplugin"
    ],
    "codename": "change_attractionsplugin"
  }
},
{
  "model": "auth.permission",
  "fields": {
    "name": "Can delete attractions plugin",
    "content_type": [
      "attractions",
      "attractionsplugin"
    ],
    "codename": "delete_attractionsplugin"
  }
},
{
  "model": "auth.permission",
  "fields": {
    "name": "Can view attractions plugin",
    "content_type": [
      "attractions",
      "attractionsplugin"
    ],
    "codename": "view_attractionsplugin"
  }
},
{
  "model": "auth.permission",
  "fields": {
    "name": "Can add article",
    "content_type": [
      "newsletter",
      "article"
    ],
    "codename": "add_article"
  }
},
{
  "model": "auth.permission",
  "fields": {
    "name": "Can change article",
    "content_type": [
      "newsletter",
      "article"
    ],
    "codename": "change_article"
  }
},
{
  "model": "auth.permission",
  "fields": {
    "name": "Can delete article",
    "content_type": [
      "newsletter",
      "article"
    ],
    "codename": "delete_article"
  }
},
{
  "model": "auth.permission",
  "fields": {
    "name": "Can view article",
    "content_type": [
      "newsletter",
      "article"
    ],
    "codename": "view_article"
  }
},
{
  "model": "auth.permission",
  "fields": {
    "name": "Can add message",
    "content_type": [
      "newsletter",
      "message"
    ],
    "codename": "add_message"
  }
},
{
  "model": "auth.permission",
  "fields": {
    "name": "Can change message",
    "content_type": [
      "newsletter",
      "message"
    ],
    "codename": "change_message"
  }
},
{
  "model": "auth.permission",
  "fields": {
    "name": "Can delete message",
    "content_type": [
      "newsletter",
      "message"
    ],
    "codename": "delete_message"
  }
},
{
  "model": "auth.permission",
  "fields": {
    "name": "Can view message",
    "content_type": [
      "newsletter",
      "message"
    ],
    "codename": "view_message"
  }
},
{
  "model": "auth.permission",
  "fields": {
    "name": "Can add newsletter",
    "content_type": [
      "newsletter",
      "newsletter"
    ],
    "codename": "add_newsletter"
  }
},
{
  "model": "auth.permission",
  "fields": {
    "name": "Can change newsletter",
    "content_type": [
      "newsletter",
      "newsletter"
    ],
    "codename": "change_newsletter"
  }
},
{
  "model": "auth.permission",
  "fields": {
    "name": "Can delete newsletter",
    "content_type": [
      "newsletter",
      "newsletter"
    ],
    "codename": "delete_newsletter"
  }
},
{
  "model": "auth.permission",
  "fields": {
    "name": "Can view newsletter",
    "content_type": [
      "newsletter",
      "newsletter"
    ],
    "codename": "view_newsletter"
  }
},
{
  "model": "auth.permission",
  "fields": {
    "name": "Can add submission",
    "content_type": [
      "newsletter",
      "submission"
    ],
    "codename": "add_submission"
  }
},
{
  "model": "auth.permission",
  "fields": {
    "name": "Can change submission",
    "content_type": [
      "newsletter",
      "submission"
    ],
    "codename": "change_submission"
  }
},
{
  "model": "auth.permission",
  "fields": {
    "name": "Can delete submission",
    "content_type": [
      "newsletter",
      "submission"
    ],
    "codename": "delete_submission"
  }
},
{
  "model": "auth.permission",
  "fields": {
    "name": "Can view submission",
    "content_type": [
      "newsletter",
      "submission"
    ],
    "codename": "view_submission"
  }
},
{
  "model": "auth.permission",
  "fields": {
    "name": "Can add subscription",
    "content_type": [
      "newsletter",
      "subscription"
    ],
    "codename": "add_subscription"
  }
},
{
  "model": "auth.permission",
  "fields": {
    "name": "Can change subscription",
    "content_type": [
      "newsletter",
      "subscription"
    ],
    "codename": "change_subscription"
  }
},
{
  "model": "auth.permission",
  "fields": {
    "name": "Can delete subscription",
    "content_type": [
      "newsletter",
      "subscription"
    ],
    "codename": "delete_subscription"
  }
},
{
  "model": "auth.permission",
  "fields": {
    "name": "Can view subscription",
    "content_type": [
      "newsletter",
      "subscription"
    ],
    "codename": "view_subscription"
  }
},
{
  "model": "auth.permission",
  "fields": {
    "name": "Can add tag",
    "content_type": [
      "taggit",
      "tag"
    ],
    "codename": "add_tag"
  }
},
{
  "model": "auth.permission",
  "fields": {
    "name": "Can change tag",
    "content_type": [
      "taggit",
      "tag"
    ],
    "codename": "change_tag"
  }
},
{
  "model": "auth.permission",
  "fields": {
    "name": "Can delete tag",
    "content_type": [
      "taggit",
      "tag"
    ],
    "codename": "delete_tag"
  }
},
{
  "model": "auth.permission",
  "fields": {
    "name": "Can view tag",
    "content_type": [
      "taggit",
      "tag"
    ],
    "codename": "view_tag"
  }
},
{
  "model": "auth.permission",
  "fields": {
    "name": "Can add tagged item",
    "content_type": [
      "taggit",
      "taggeditem"
    ],
    "codename": "add_taggeditem"
  }
},
{
  "model": "auth.permission",
  "fields": {
    "name": "Can change tagged item",
    "content_type": [
      "taggit",
      "taggeditem"
    ],
    "codename": "change_taggeditem"
  }
},
{
  "model": "auth.permission",
  "fields": {
    "name": "Can delete tagged item",
    "content_type": [
      "taggit",
      "taggeditem"
    ],
    "codename": "delete_taggeditem"
  }
},
{
  "model": "auth.permission",
  "fields": {
    "name": "Can view tagged item",
    "content_type": [
      "taggit",
      "taggeditem"
    ],
    "codename": "view_taggeditem"
  }
},
{
  "model": "auth.permission",
  "fields": {
    "name": "Can add author entries plugin",
    "content_type": [
      "djangocms_blog",
      "authorentriesplugin"
    ],
    "codename": "add_authorentriesplugin"
  }
},
{
  "model": "auth.permission",
  "fields": {
    "name": "Can change author entries plugin",
    "content_type": [
      "djangocms_blog",
      "authorentriesplugin"
    ],
    "codename": "change_authorentriesplugin"
  }
},
{
  "model": "auth.permission",
  "fields": {
    "name": "Can delete author entries plugin",
    "content_type": [
      "djangocms_blog",
      "authorentriesplugin"
    ],
    "codename": "delete_authorentriesplugin"
  }
},
{
  "model": "auth.permission",
  "fields": {
    "name": "Can view author entries plugin",
    "content_type": [
      "djangocms_blog",
      "authorentriesplugin"
    ],
    "codename": "view_authorentriesplugin"
  }
},
{
  "model": "auth.permission",
  "fields": {
    "name": "Can add blog category",
    "content_type": [
      "djangocms_blog",
      "blogcategory"
    ],
    "codename": "add_blogcategory"
  }
},
{
  "model": "auth.permission",
  "fields": {
    "name": "Can change blog category",
    "content_type": [
      "djangocms_blog",
      "blogcategory"
    ],
    "codename": "change_blogcategory"
  }
},
{
  "model": "auth.permission",
  "fields": {
    "name": "Can delete blog category",
    "content_type": [
      "djangocms_blog",
      "blogcategory"
    ],
    "codename": "delete_blogcategory"
  }
},
{
  "model": "auth.permission",
  "fields": {
    "name": "Can view blog category",
    "content_type": [
      "djangocms_blog",
      "blogcategory"
    ],
    "codename": "view_blogcategory"
  }
},
{
  "model": "auth.permission",
  "fields": {
    "name": "Can add latest posts plugin",
    "content_type": [
      "djangocms_blog",
      "latestpostsplugin"
    ],
    "codename": "add_latestpostsplugin"
  }
},
{
  "model": "auth.permission",
  "fields": {
    "name": "Can change latest posts plugin",
    "content_type": [
      "djangocms_blog",
      "latestpostsplugin"
    ],
    "codename": "change_latestpostsplugin"
  }
},
{
  "model": "auth.permission",
  "fields": {
    "name": "Can delete latest posts plugin",
    "content_type": [
      "djangocms_blog",
      "latestpostsplugin"
    ],
    "codename": "delete_latestpostsplugin"
  }
},
{
  "model": "auth.permission",
  "fields": {
    "name": "Can view latest posts plugin",
    "content_type": [
      "djangocms_blog",
      "latestpostsplugin"
    ],
    "codename": "view_latestpostsplugin"
  }
},
{
  "model": "auth.permission",
  "fields": {
    "name": "Can add blog article",
    "content_type": [
      "djangocms_blog",
      "post"
    ],
    "codename": "add_post"
  }
},
{
  "model": "auth.permission",
  "fields": {
    "name": "Can change blog article",
    "content_type": [
      "djangocms_blog",
      "post"
    ],
    "codename": "change_post"
  }
},
{
  "model": "auth.permission",
  "fields": {
    "name": "Can delete blog article",
    "content_type": [
      "djangocms_blog",
      "post"
    ],
    "codename": "delete_post"
  }
},
{
  "model": "auth.permission",
  "fields": {
    "name": "Can view blog article",
    "content_type": [
      "djangocms_blog",
      "post"
    ],
    "codename": "view_post"
  }
},
{
  "model": "auth.permission",
  "fields": {
    "name": "Can add blog config",
    "content_type": [
      "djangocms_blog",
      "blogconfig"
    ],
    "codename": "add_blogconfig"
  }
},
{
  "model": "auth.permission",
  "fields": {
    "name": "Can change blog config",
    "content_type": [
      "djangocms_blog",
      "blogconfig"
    ],
    "codename": "change_blogconfig"
  }
},
{
  "model": "auth.permission",
  "fields": {
    "name": "Can delete blog config",
    "content_type": [
      "djangocms_blog",
      "blogconfig"
    ],
    "codename": "delete_blogconfig"
  }
},
{
  "model": "auth.permission",
  "fields": {
    "name": "Can view blog config",
    "content_type": [
      "djangocms_blog",
      "blogconfig"
    ],
    "codename": "view_blogconfig"
  }
},
{
  "model": "auth.permission",
  "fields": {
    "name": "Can add generic blog plugin",
    "content_type": [
      "djangocms_blog",
      "genericblogplugin"
    ],
    "codename": "add_genericblogplugin"
  }
},
{
  "model": "auth.permission",
  "fields": {
    "name": "Can change generic blog plugin",
    "content_type": [
      "djangocms_blog",
      "genericblogplugin"
    ],
    "codename": "change_genericblogplugin"
  }
},
{
  "model": "auth.permission",
  "fields": {
    "name": "Can delete generic blog plugin",
    "content_type": [
      "djangocms_blog",
      "genericblogplugin"
    ],
    "codename": "delete_genericblogplugin"
  }
},
{
  "model": "auth.permission",
  "fields": {
    "name": "Can view generic blog plugin",
    "content_type": [
      "djangocms_blog",
      "genericblogplugin"
    ],
    "codename": "view_genericblogplugin"
  }
},
{
  "model": "auth.permission",
  "fields": {
    "name": "Can add ",
    "content_type": [
      "news",
      "post"
    ],
    "codename": "add_post"
  }
},
{
  "model": "auth.permission",
  "fields": {
    "name": "Can change ",
    "content_type": [
      "news",
      "post"
    ],
    "codename": "change_post"
  }
},
{
  "model": "auth.permission",
  "fields": {
    "name": "Can delete ",
    "content_type": [
      "news",
      "post"
    ],
    "codename": "delete_post"
  }
},
{
  "model": "auth.permission",
  "fields": {
    "name": "Can view ",
    "content_type": [
      "news",
      "post"
    ],
    "codename": "view_post"
  }
},
{
  "model": "auth.permission",
  "fields": {
    "name": "Can add news plugin",
    "content_type": [
      "news",
      "newsplugin"
    ],
    "codename": "add_newsplugin"
  }
},
{
  "model": "auth.permission",
  "fields": {
    "name": "Can change news plugin",
    "content_type": [
      "news",
      "newsplugin"
    ],
    "codename": "change_newsplugin"
  }
},
{
  "model": "auth.permission",
  "fields": {
    "name": "Can delete news plugin",
    "content_type": [
      "news",
      "newsplugin"
    ],
    "codename": "delete_newsplugin"
  }
},
{
  "model": "auth.permission",
  "fields": {
    "name": "Can view news plugin",
    "content_type": [
      "news",
      "newsplugin"
    ],
    "codename": "view_newsplugin"
  }
},
{
  "model": "auth.permission",
  "fields": {
    "name": "Can add yandex map",
    "content_type": [
      "cmsplugin_yandexmap",
      "yandexmap"
    ],
    "codename": "add_yandexmap"
  }
},
{
  "model": "auth.permission",
  "fields": {
    "name": "Can change yandex map",
    "content_type": [
      "cmsplugin_yandexmap",
      "yandexmap"
    ],
    "codename": "change_yandexmap"
  }
},
{
  "model": "auth.permission",
  "fields": {
    "name": "Can delete yandex map",
    "content_type": [
      "cmsplugin_yandexmap",
      "yandexmap"
    ],
    "codename": "delete_yandexmap"
  }
},
{
  "model": "auth.permission",
  "fields": {
    "name": "Can view yandex map",
    "content_type": [
      "cmsplugin_yandexmap",
      "yandexmap"
    ],
    "codename": "view_yandexmap"
  }
},
{
  "model": "auth.permission",
  "fields": {
    "name": "Can add contact form cms",
    "content_type": [
      "cmsplugin_contact_form",
      "contactformcms"
    ],
    "codename": "add_contactformcms"
  }
},
{
  "model": "auth.permission",
  "fields": {
    "name": "Can change contact form cms",
    "content_type": [
      "cmsplugin_contact_form",
      "contactformcms"
    ],
    "codename": "change_contactformcms"
  }
},
{
  "model": "auth.permission",
  "fields": {
    "name": "Can delete contact form cms",
    "content_type": [
      "cmsplugin_contact_form",
      "contactformcms"
    ],
    "codename": "delete_contactformcms"
  }
},
{
  "model": "auth.permission",
  "fields": {
    "name": "Can view contact form cms",
    "content_type": [
      "cmsplugin_contact_form",
      "contactformcms"
    ],
    "codename": "view_contactformcms"
  }
},
{
  "model": "auth.permission",
  "fields": {
    "name": "Can add contact form base field cms",
    "content_type": [
      "cmsplugin_contact_form",
      "contactformbasefieldcms"
    ],
    "codename": "add_contactformbasefieldcms"
  }
},
{
  "model": "auth.permission",
  "fields": {
    "name": "Can change contact form base field cms",
    "content_type": [
      "cmsplugin_contact_form",
      "contactformbasefieldcms"
    ],
    "codename": "change_contactformbasefieldcms"
  }
},
{
  "model": "auth.permission",
  "fields": {
    "name": "Can delete contact form base field cms",
    "content_type": [
      "cmsplugin_contact_form",
      "contactformbasefieldcms"
    ],
    "codename": "delete_contactformbasefieldcms"
  }
},
{
  "model": "auth.permission",
  "fields": {
    "name": "Can view contact form base field cms",
    "content_type": [
      "cmsplugin_contact_form",
      "contactformbasefieldcms"
    ],
    "codename": "view_contactformbasefieldcms"
  }
},
{
  "model": "auth.permission",
  "fields": {
    "name": "Can add contact form text field cms",
    "content_type": [
      "cmsplugin_contact_form",
      "contactformtextfieldcms"
    ],
    "codename": "add_contactformtextfieldcms"
  }
},
{
  "model": "auth.permission",
  "fields": {
    "name": "Can change contact form text field cms",
    "content_type": [
      "cmsplugin_contact_form",
      "contactformtextfieldcms"
    ],
    "codename": "change_contactformtextfieldcms"
  }
},
{
  "model": "auth.permission",
  "fields": {
    "name": "Can delete contact form text field cms",
    "content_type": [
      "cmsplugin_contact_form",
      "contactformtextfieldcms"
    ],
    "codename": "delete_contactformtextfieldcms"
  }
},
{
  "model": "auth.permission",
  "fields": {
    "name": "Can view contact form text field cms",
    "content_type": [
      "cmsplugin_contact_form",
      "contactformtextfieldcms"
    ],
    "codename": "view_contactformtextfieldcms"
  }
},
{
  "model": "auth.permission",
  "fields": {
    "name": "Can add contact form email field cms",
    "content_type": [
      "cmsplugin_contact_form",
      "contactformemailfieldcms"
    ],
    "codename": "add_contactformemailfieldcms"
  }
},
{
  "model": "auth.permission",
  "fields": {
    "name": "Can change contact form email field cms",
    "content_type": [
      "cmsplugin_contact_form",
      "contactformemailfieldcms"
    ],
    "codename": "change_contactformemailfieldcms"
  }
},
{
  "model": "auth.permission",
  "fields": {
    "name": "Can delete contact form email field cms",
    "content_type": [
      "cmsplugin_contact_form",
      "contactformemailfieldcms"
    ],
    "codename": "delete_contactformemailfieldcms"
  }
},
{
  "model": "auth.permission",
  "fields": {
    "name": "Can view contact form email field cms",
    "content_type": [
      "cmsplugin_contact_form",
      "contactformemailfieldcms"
    ],
    "codename": "view_contactformemailfieldcms"
  }
},
{
  "model": "auth.permission",
  "fields": {
    "name": "Can add contact form phone field cms",
    "content_type": [
      "cmsplugin_contact_form",
      "contactformphonefieldcms"
    ],
    "codename": "add_contactformphonefieldcms"
  }
},
{
  "model": "auth.permission",
  "fields": {
    "name": "Can change contact form phone field cms",
    "content_type": [
      "cmsplugin_contact_form",
      "contactformphonefieldcms"
    ],
    "codename": "change_contactformphonefieldcms"
  }
},
{
  "model": "auth.permission",
  "fields": {
    "name": "Can delete contact form phone field cms",
    "content_type": [
      "cmsplugin_contact_form",
      "contactformphonefieldcms"
    ],
    "codename": "delete_contactformphonefieldcms"
  }
},
{
  "model": "auth.permission",
  "fields": {
    "name": "Can view contact form phone field cms",
    "content_type": [
      "cmsplugin_contact_form",
      "contactformphonefieldcms"
    ],
    "codename": "view_contactformphonefieldcms"
  }
},
{
  "model": "auth.permission",
  "fields": {
    "name": "Can add contact form text area field cms",
    "content_type": [
      "cmsplugin_contact_form",
      "contactformtextareafieldcms"
    ],
    "codename": "add_contactformtextareafieldcms"
  }
},
{
  "model": "auth.permission",
  "fields": {
    "name": "Can change contact form text area field cms",
    "content_type": [
      "cmsplugin_contact_form",
      "contactformtextareafieldcms"
    ],
    "codename": "change_contactformtextareafieldcms"
  }
},
{
  "model": "auth.permission",
  "fields": {
    "name": "Can delete contact form text area field cms",
    "content_type": [
      "cmsplugin_contact_form",
      "contactformtextareafieldcms"
    ],
    "codename": "delete_contactformtextareafieldcms"
  }
},
{
  "model": "auth.permission",
  "fields": {
    "name": "Can view contact form text area field cms",
    "content_type": [
      "cmsplugin_contact_form",
      "contactformtextareafieldcms"
    ],
    "codename": "view_contactformtextareafieldcms"
  }
},
{
  "model": "auth.permission",
  "fields": {
    "name": "Can add contact form checkbox field cms",
    "content_type": [
      "cmsplugin_contact_form",
      "contactformcheckboxfieldcms"
    ],
    "codename": "add_contactformcheckboxfieldcms"
  }
},
{
  "model": "auth.permission",
  "fields": {
    "name": "Can change contact form checkbox field cms",
    "content_type": [
      "cmsplugin_contact_form",
      "contactformcheckboxfieldcms"
    ],
    "codename": "change_contactformcheckboxfieldcms"
  }
},
{
  "model": "auth.permission",
  "fields": {
    "name": "Can delete contact form checkbox field cms",
    "content_type": [
      "cmsplugin_contact_form",
      "contactformcheckboxfieldcms"
    ],
    "codename": "delete_contactformcheckboxfieldcms"
  }
},
{
  "model": "auth.permission",
  "fields": {
    "name": "Can view contact form checkbox field cms",
    "content_type": [
      "cmsplugin_contact_form",
      "contactformcheckboxfieldcms"
    ],
    "codename": "view_contactformcheckboxfieldcms"
  }
},
{
  "model": "auth.permission",
  "fields": {
    "name": "Can add contact form submit field cms",
    "content_type": [
      "cmsplugin_contact_form",
      "contactformsubmitfieldcms"
    ],
    "codename": "add_contactformsubmitfieldcms"
  }
},
{
  "model": "auth.permission",
  "fields": {
    "name": "Can change contact form submit field cms",
    "content_type": [
      "cmsplugin_contact_form",
      "contactformsubmitfieldcms"
    ],
    "codename": "change_contactformsubmitfieldcms"
  }
},
{
  "model": "auth.permission",
  "fields": {
    "name": "Can delete contact form submit field cms",
    "content_type": [
      "cmsplugin_contact_form",
      "contactformsubmitfieldcms"
    ],
    "codename": "delete_contactformsubmitfieldcms"
  }
},
{
  "model": "auth.permission",
  "fields": {
    "name": "Can view contact form submit field cms",
    "content_type": [
      "cmsplugin_contact_form",
      "contactformsubmitfieldcms"
    ],
    "codename": "view_contactformsubmitfieldcms"
  }
},
{
  "model": "auth.permission",
  "fields": {
    "name": "Can add contact",
    "content_type": [
      "cmsplugin_contact",
      "contact"
    ],
    "codename": "add_contact"
  }
},
{
  "model": "auth.permission",
  "fields": {
    "name": "Can change contact",
    "content_type": [
      "cmsplugin_contact",
      "contact"
    ],
    "codename": "change_contact"
  }
},
{
  "model": "auth.permission",
  "fields": {
    "name": "Can delete contact",
    "content_type": [
      "cmsplugin_contact",
      "contact"
    ],
    "codename": "delete_contact"
  }
},
{
  "model": "auth.permission",
  "fields": {
    "name": "Can view contact",
    "content_type": [
      "cmsplugin_contact",
      "contact"
    ],
    "codename": "view_contact"
  }
},
{
  "model": "auth.user",
  "fields": {
    "password": "pbkdf2_sha256$260000$r6oAWyCLrSxvtbvdYdmuLC$B/uf4aXJJbj9lkEr3vQjeE5N8aboFDbxnGw5HqpIu24=",
    "last_login": "2022-10-17T05:59:47.798Z",
    "is_superuser": true,
    "username": "admin",
    "first_name": "",
    "last_name": "",
    "email": "",
    "is_staff": true,
    "is_active": true,
    "date_joined": "2022-09-27T10:01:56.751Z",
    "groups": [],
    "user_permissions": []
  }
},
{
  "model": "cms.usersettings",
  "pk": 1,
  "fields": {
    "user": [
      "admin"
    ],
    "language": "ru-ru",
    "clipboard": 1
  }
},
{
  "model": "filer.folder",
  "pk": 1,
  "fields": {
    "level": 0,
    "lft": 1,
    "rght": 2,
    "parent": null,
    "name": "gallery",
    "owner": [
      "admin"
    ],
    "uploaded_at": "2022-10-06T11:23:33.446Z",
    "created_at": "2022-10-06T11:23:33.446Z",
    "modified_at": "2022-10-06T11:28:26.687Z",
    "tree_id": 1
  }
},
{
  "model": "filer.folder",
  "pk": 2,
  "fields": {
    "level": 0,
    "lft": 1,
    "rght": 2,
    "parent": null,
    "name": "mini-gallery",
    "owner": [
      "admin"
    ],
    "uploaded_at": "2022-10-06T12:49:44.821Z",
    "created_at": "2022-10-06T12:49:44.821Z",
    "modified_at": "2022-10-06T12:49:44.821Z",
    "tree_id": 2
  }
},
{
  "model": "filer.file",
  "pk": 1,
  "fields": {
    "polymorphic_ctype": [
      "filer",
      "image"
    ],
    "folder": null,
    "file": "filer_public/ef/70/ef70366e-c768-4422-a0a1-40f486d2b867/unknown.png",
    "_file_size": 6821554,
    "sha1": "25679d2b231a7f89d617780f098746a9b1dbfc7d",
    "has_all_mandatory_data": false,
    "original_filename": "unknown.png",
    "name": "",
    "description": null,
    "owner": [
      "admin"
    ],
    "uploaded_at": "2022-09-27T10:03:34.891Z",
    "modified_at": "2022-09-27T10:03:34.891Z",
    "is_public": true,
    "mime_type": "image/png"
  }
},
{
  "model": "filer.file",
  "pk": 2,
  "fields": {
    "polymorphic_ctype": [
      "filer",
      "image"
    ],
    "folder": null,
    "file": "filer_public/6a/cb/6acbdf56-a7f8-4e0a-8b37-6afd774aa52c/eni_base.png",
    "_file_size": 294613,
    "sha1": "7016a0b75825f782409f7478925c992402ecb03f",
    "has_all_mandatory_data": false,
    "original_filename": "eni base.png",
    "name": "",
    "description": null,
    "owner": [
      "admin"
    ],
    "uploaded_at": "2022-09-27T10:41:42.851Z",
    "modified_at": "2022-09-27T10:41:42.851Z",
    "is_public": true,
    "mime_type": "image/png"
  }
},
{
  "model": "filer.file",
  "pk": 3,
  "fields": {
    "polymorphic_ctype": [
      "filer",
      "image"
    ],
    "folder": null,
    "file": "filer_public/ea/29/ea295d4c-ff18-4120-959f-2258a0a16eff/eni_base.png",
    "_file_size": 294613,
    "sha1": "7016a0b75825f782409f7478925c992402ecb03f",
    "has_all_mandatory_data": false,
    "original_filename": "eni base.png",
    "name": "",
    "description": null,
    "owner": [
      "admin"
    ],
    "uploaded_at": "2022-09-27T10:42:28.001Z",
    "modified_at": "2022-09-27T10:42:28.001Z",
    "is_public": true,
    "mime_type": "image/png"
  }
},
{
  "model": "filer.file",
  "pk": 4,
  "fields": {
    "polymorphic_ctype": [
      "filer",
      "image"
    ],
    "folder": null,
    "file": "filer_public/d0/a1/d0a17fd4-39ce-46c4-9489-afb2de3db2c4/gfdg.png",
    "_file_size": 294613,
    "sha1": "7016a0b75825f782409f7478925c992402ecb03f",
    "has_all_mandatory_data": false,
    "original_filename": "gfdg.png",
    "name": "",
    "description": null,
    "owner": [
      "admin"
    ],
    "uploaded_at": "2022-09-27T10:45:53.568Z",
    "modified_at": "2022-09-27T10:45:53.568Z",
    "is_public": true,
    "mime_type": "image/png"
  }
},
{
  "model": "filer.file",
  "pk": 5,
  "fields": {
    "polymorphic_ctype": [
      "filer",
      "image"
    ],
    "folder": null,
    "file": "filer_public/77/78/777850e5-1691-490d-8cbc-684393574684/screenshot001.png",
    "_file_size": 4831569,
    "sha1": "2b4ed25eee3a71b9817e979faea84589db893d04",
    "has_all_mandatory_data": false,
    "original_filename": "Screenshot001.png",
    "name": "",
    "description": null,
    "owner": [
      "admin"
    ],
    "uploaded_at": "2022-09-27T13:00:23.389Z",
    "modified_at": "2022-09-27T13:00:23.389Z",
    "is_public": true,
    "mime_type": "image/png"
  }
},
{
  "model": "filer.file",
  "pk": 6,
  "fields": {
    "polymorphic_ctype": [
      "filer",
      "image"
    ],
    "folder": null,
    "file": "filer_public/38/1b/381b51cf-3fa8-443b-8fc7-c487169167e8/img_0088cr2.jpeg",
    "_file_size": 2626358,
    "sha1": "d0c23d4d84153203d85dccf27ebe4e17a98a476e",
    "has_all_mandatory_data": false,
    "original_filename": "IMG_0088.CR2.jpeg",
    "name": "",
    "description": null,
    "owner": [
      "admin"
    ],
    "uploaded_at": "2022-09-27T13:45:11.732Z",
    "modified_at": "2022-09-27T13:45:11.732Z",
    "is_public": true,
    "mime_type": "image/jpeg"
  }
},
{
  "model": "filer.file",
  "pk": 7,
  "fields": {
    "polymorphic_ctype": [
      "filer",
      "image"
    ],
    "folder": null,
    "file": "filer_public/ea/15/ea151baf-39ff-498f-ac0e-c9391a957430/img_0088cr2.jpeg",
    "_file_size": 2626358,
    "sha1": "d0c23d4d84153203d85dccf27ebe4e17a98a476e",
    "has_all_mandatory_data": false,
    "original_filename": "IMG_0088.CR2.jpeg",
    "name": "",
    "description": null,
    "owner": [
      "admin"
    ],
    "uploaded_at": "2022-09-27T13:45:46.669Z",
    "modified_at": "2022-09-27T13:45:46.669Z",
    "is_public": true,
    "mime_type": "image/jpeg"
  }
},
{
  "model": "filer.file",
  "pk": 8,
  "fields": {
    "polymorphic_ctype": [
      "filer",
      "image"
    ],
    "folder": null,
    "file": "filer_public/1b/a2/1ba2144e-de02-4234-9dd4-c29735439ebf/844424964735521_8824.jpg",
    "_file_size": 494702,
    "sha1": "db2d3ffaae282dbf3fb7412aa9a07f4113de1b81",
    "has_all_mandatory_data": false,
    "original_filename": "844424964735521_8824.jpg",
    "name": "",
    "description": null,
    "owner": [
      "admin"
    ],
    "uploaded_at": "2022-09-27T18:50:07.549Z",
    "modified_at": "2022-09-27T18:50:07.550Z",
    "is_public": true,
    "mime_type": "image/jpeg"
  }
},
{
  "model": "filer.file",
  "pk": 9,
  "fields": {
    "polymorphic_ctype": [
      "filer",
      "image"
    ],
    "folder": null,
    "file": "filer_public/30/3b/303b112c-8065-472c-9430-3a87b3a31f75/bg_3.jpg",
    "_file_size": 628796,
    "sha1": "c2125772df319bf7813aa38d1725ca80946eee1f",
    "has_all_mandatory_data": false,
    "original_filename": "bg_3.jpg",
    "name": "",
    "description": null,
    "owner": [
      "admin"
    ],
    "uploaded_at": "2022-09-30T12:23:20.885Z",
    "modified_at": "2022-09-30T12:23:20.885Z",
    "is_public": true,
    "mime_type": "image/jpeg"
  }
},
{
  "model": "filer.file",
  "pk": 10,
  "fields": {
    "polymorphic_ctype": [
      "filer",
      "image"
    ],
    "folder": null,
    "file": "filer_public/e6/73/e6730a94-bd31-4141-bdaa-454288ff256e/844424964735521_8824.jpg",
    "_file_size": 494702,
    "sha1": "db2d3ffaae282dbf3fb7412aa9a07f4113de1b81",
    "has_all_mandatory_data": false,
    "original_filename": "844424964735521_8824.jpg",
    "name": "",
    "description": null,
    "owner": [
      "admin"
    ],
    "uploaded_at": "2022-10-05T08:19:36.413Z",
    "modified_at": "2022-10-05T08:19:36.413Z",
    "is_public": true,
    "mime_type": "image/jpeg"
  }
},
{
  "model": "filer.file",
  "pk": 11,
  "fields": {
    "polymorphic_ctype": [
      "filer",
      "image"
    ],
    "folder": null,
    "file": "filer_public/de/49/de49a7db-6e2a-4af0-b859-adff65daa4f3/gob5lllbycgwh5aya-botaz1zqbwj8czujiqarlcdn3p6miw2cujyisxikd7ujlo5wwi-ptomb101o-htq8qy0hm.jpg",
    "_file_size": 275855,
    "sha1": "f8ea661b37930bcc11d00c353d956cae331f1eae",
    "has_all_mandatory_data": false,
    "original_filename": "gOb5LlLBycgwh5aYa-bOtaz1zQbWj8CZUjiQARLcDn3p6MIw2CUJyiSxiKd7UJLo5WWi-ptOMb101o-hTQ8qy0hM.jpg",
    "name": "",
    "description": null,
    "owner": [
      "admin"
    ],
    "uploaded_at": "2022-10-05T08:22:14.524Z",
    "modified_at": "2022-10-05T08:22:14.524Z",
    "is_public": true,
    "mime_type": "image/jpeg"
  }
},
{
  "model": "filer.file",
  "pk": 12,
  "fields": {
    "polymorphic_ctype": [
      "filer",
      "image"
    ],
    "folder": null,
    "file": "filer_public/16/0a/160abd97-012c-4a9b-bdf8-911918808178/gob5lllbycgwh5aya-botaz1zqbwj8czujiqarlcdn3p6miw2cujyisxikd7ujlo5wwi-ptomb101o-htq8qy0hm.jpg",
    "_file_size": 275855,
    "sha1": "f8ea661b37930bcc11d00c353d956cae331f1eae",
    "has_all_mandatory_data": false,
    "original_filename": "gOb5LlLBycgwh5aYa-bOtaz1zQbWj8CZUjiQARLcDn3p6MIw2CUJyiSxiKd7UJLo5WWi-ptOMb101o-hTQ8qy0hM.jpg",
    "name": "",
    "description": null,
    "owner": [
      "admin"
    ],
    "uploaded_at": "2022-10-05T08:22:31.679Z",
    "modified_at": "2022-10-05T08:22:31.679Z",
    "is_public": true,
    "mime_type": "image/jpeg"
  }
},
{
  "model": "filer.file",
  "pk": 13,
  "fields": {
    "polymorphic_ctype": [
      "filer",
      "image"
    ],
    "folder": null,
    "file": "filer_public/7f/b3/7fb31392-daf9-4578-bcdf-8653921093b4/3.jpg",
    "_file_size": 397310,
    "sha1": "0ce48066e7d62324a55b2e55363574f780dc5f14",
    "has_all_mandatory_data": false,
    "original_filename": "3.JPG",
    "name": "",
    "description": null,
    "owner": [
      "admin"
    ],
    "uploaded_at": "2022-10-05T08:27:06.348Z",
    "modified_at": "2022-10-05T08:27:06.348Z",
    "is_public": true,
    "mime_type": "image/jpeg"
  }
},
{
  "model": "filer.file",
  "pk": 14,
  "fields": {
    "polymorphic_ctype": [
      "filer",
      "image"
    ],
    "folder": null,
    "file": "filer_public/51/33/5133716e-ca39-446a-b39f-ed129662aa78/3.jpg",
    "_file_size": 397310,
    "sha1": "0ce48066e7d62324a55b2e55363574f780dc5f14",
    "has_all_mandatory_data": false,
    "original_filename": "3.JPG",
    "name": "",
    "description": null,
    "owner": [
      "admin"
    ],
    "uploaded_at": "2022-10-05T08:28:47.429Z",
    "modified_at": "2022-10-05T08:28:47.429Z",
    "is_public": true,
    "mime_type": "image/jpeg"
  }
},
{
  "model": "filer.file",
  "pk": 15,
  "fields": {
    "polymorphic_ctype": [
      "filer",
      "image"
    ],
    "folder": null,
    "file": "filer_public/58/b3/58b36e26-9cb4-4540-8997-8cd40b23e350/3.jpg",
    "_file_size": 397310,
    "sha1": "0ce48066e7d62324a55b2e55363574f780dc5f14",
    "has_all_mandatory_data": false,
    "original_filename": "3.JPG",
    "name": "",
    "description": null,
    "owner": [
      "admin"
    ],
    "uploaded_at": "2022-10-05T08:28:50.779Z",
    "modified_at": "2022-10-05T08:28:50.780Z",
    "is_public": true,
    "mime_type": "image/jpeg"
  }
},
{
  "model": "filer.file",
  "pk": 16,
  "fields": {
    "polymorphic_ctype": [
      "filer",
      "image"
    ],
    "folder": null,
    "file": "filer_public/ec/87/ec872676-5912-4ed2-8bf5-7151a8aa136e/3.jpg",
    "_file_size": 397310,
    "sha1": "0ce48066e7d62324a55b2e55363574f780dc5f14",
    "has_all_mandatory_data": false,
    "original_filename": "3.JPG",
    "name": "",
    "description": null,
    "owner": [
      "admin"
    ],
    "uploaded_at": "2022-10-05T08:28:53.066Z",
    "modified_at": "2022-10-05T08:28:53.066Z",
    "is_public": true,
    "mime_type": "image/jpeg"
  }
},
{
  "model": "filer.file",
  "pk": 17,
  "fields": {
    "polymorphic_ctype": [
      "filer",
      "file"
    ],
    "folder": null,
    "file": "filer_public/10/bf/10bf5125-740b-4bca-8585-3a7b3f4055e8/img_0064.cr2",
    "_file_size": 22643427,
    "sha1": "fcfae317919563cf04f0edf7114a8475aaf91eec",
    "has_all_mandatory_data": false,
    "original_filename": "IMG_0064.CR2",
    "name": "",
    "description": null,
    "owner": [
      "admin"
    ],
    "uploaded_at": "2022-10-05T08:29:11.601Z",
    "modified_at": "2022-10-05T08:29:11.601Z",
    "is_public": true,
    "mime_type": "image/x-canon-cr2"
  }
},
{
  "model": "filer.file",
  "pk": 18,
  "fields": {
    "polymorphic_ctype": [
      "filer",
      "file"
    ],
    "folder": null,
    "file": "filer_public/28/f2/28f27c55-7829-4b9b-890b-4296b6d9a35f/img_0082.cr2",
    "_file_size": 20284628,
    "sha1": "b2a1f96990a164d8db769b1121669de263094fe9",
    "has_all_mandatory_data": false,
    "original_filename": "IMG_0082.CR2",
    "name": "",
    "description": null,
    "owner": [
      "admin"
    ],
    "uploaded_at": "2022-10-05T08:29:21.520Z",
    "modified_at": "2022-10-05T08:29:21.520Z",
    "is_public": true,
    "mime_type": "image/x-canon-cr2"
  }
},
{
  "model": "filer.file",
  "pk": 19,
  "fields": {
    "polymorphic_ctype": [
      "filer",
      "image"
    ],
    "folder": null,
    "file": "filer_public/f9/4f/f94fccd5-007d-47cf-9993-6d2a84b5e09e/gob5lllbycgwh5aya-botaz1zqbwj8czujiqarlcdn3p6miw2cujyisxikd7ujlo5wwi-ptomb101o-htq8qy0hm.jpg",
    "_file_size": 275855,
    "sha1": "f8ea661b37930bcc11d00c353d956cae331f1eae",
    "has_all_mandatory_data": false,
    "original_filename": "gOb5LlLBycgwh5aYa-bOtaz1zQbWj8CZUjiQARLcDn3p6MIw2CUJyiSxiKd7UJLo5WWi-ptOMb101o-hTQ8qy0hM.jpg",
    "name": "",
    "description": null,
    "owner": [
      "admin"
    ],
    "uploaded_at": "2022-10-05T08:29:57.857Z",
    "modified_at": "2022-10-05T08:29:57.857Z",
    "is_public": true,
    "mime_type": "image/jpeg"
  }
},
{
  "model": "filer.file",
  "pk": 20,
  "fields": {
    "polymorphic_ctype": [
      "filer",
      "image"
    ],
    "folder": null,
    "file": "filer_public/ec/6b/ec6b7331-5d34-429b-9c5b-bb80d9087eae/3.jpg",
    "_file_size": 397310,
    "sha1": "0ce48066e7d62324a55b2e55363574f780dc5f14",
    "has_all_mandatory_data": false,
    "original_filename": "3.JPG",
    "name": "",
    "description": null,
    "owner": [
      "admin"
    ],
    "uploaded_at": "2022-10-05T11:39:56.171Z",
    "modified_at": "2022-10-05T11:39:56.171Z",
    "is_public": true,
    "mime_type": "image/jpeg"
  }
},
{
  "model": "filer.file",
  "pk": 21,
  "fields": {
    "polymorphic_ctype": [
      "filer",
      "image"
    ],
    "folder": null,
    "file": "filer_public/b9/76/b976b7d2-9b3d-4117-a426-f2fdff7e5aef/3.jpg",
    "_file_size": 397310,
    "sha1": "0ce48066e7d62324a55b2e55363574f780dc5f14",
    "has_all_mandatory_data": false,
    "original_filename": "3.JPG",
    "name": "",
    "description": null,
    "owner": [
      "admin"
    ],
    "uploaded_at": "2022-10-05T11:39:57.808Z",
    "modified_at": "2022-10-05T11:39:57.809Z",
    "is_public": true,
    "mime_type": "image/jpeg"
  }
},
{
  "model": "filer.file",
  "pk": 22,
  "fields": {
    "polymorphic_ctype": [
      "filer",
      "image"
    ],
    "folder": null,
    "file": "filer_public/cc/68/cc688e8c-5776-48ad-ba42-bf3f155b70a7/21129_1.jpg",
    "_file_size": 445546,
    "sha1": "0fa9e69ba111bfdf91a2235ff0c5d8623e4aeaba",
    "has_all_mandatory_data": false,
    "original_filename": "21129_1.jpg",
    "name": "",
    "description": null,
    "owner": [
      "admin"
    ],
    "uploaded_at": "2022-10-06T09:02:43.964Z",
    "modified_at": "2022-10-06T09:02:43.964Z",
    "is_public": true,
    "mime_type": "image/jpeg"
  }
},
{
  "model": "filer.file",
  "pk": 23,
  "fields": {
    "polymorphic_ctype": [
      "filer",
      "file"
    ],
    "folder": null,
    "file": "filer_public/dc/3b/dc3b3770-8f42-426e-8cbf-6fcaca504720/img_0071.cr2",
    "_file_size": 19096427,
    "sha1": "d922a6e5e0ef65b9e000f381706e37b7ef958a81",
    "has_all_mandatory_data": false,
    "original_filename": "IMG_0071.CR2",
    "name": "",
    "description": null,
    "owner": [
      "admin"
    ],
    "uploaded_at": "2022-10-06T09:03:52.832Z",
    "modified_at": "2022-10-06T09:03:52.832Z",
    "is_public": true,
    "mime_type": "image/x-canon-cr2"
  }
},
{
  "model": "filer.file",
  "pk": 24,
  "fields": {
    "polymorphic_ctype": [
      "filer",
      "image"
    ],
    "folder": null,
    "file": "filer_public/b7/36/b7365a83-5035-475e-aa4b-ed5b7f6e9f49/844424962943154_fddd.jpg",
    "_file_size": 445567,
    "sha1": "fa4c09935063dce871489fee73a8c6a7a52c3c5a",
    "has_all_mandatory_data": false,
    "original_filename": "844424962943154_fddd.jpg",
    "name": "",
    "description": null,
    "owner": [
      "admin"
    ],
    "uploaded_at": "2022-10-06T09:05:19.625Z",
    "modified_at": "2022-10-06T09:05:19.625Z",
    "is_public": true,
    "mime_type": "image/jpeg"
  }
},
{
  "model": "filer.file",
  "pk": 25,
  "fields": {
    "polymorphic_ctype": [
      "filer",
      "image"
    ],
    "folder": 1,
    "file": "filer_public/e1/f1/e1f12769-eb5d-4a4e-b25b-4664ad8032d0/3_0.jpg",
    "_file_size": 576608,
    "sha1": "fd4c5566f39008db4cd468202d522a2034569cad",
    "has_all_mandatory_data": false,
    "original_filename": "3_0.jpg",
    "name": "",
    "description": null,
    "owner": [
      "admin"
    ],
    "uploaded_at": "2022-10-06T11:24:23.702Z",
    "modified_at": "2022-10-06T11:24:23.702Z",
    "is_public": true,
    "mime_type": "image/jpeg"
  }
},
{
  "model": "filer.file",
  "pk": 26,
  "fields": {
    "polymorphic_ctype": [
      "filer",
      "image"
    ],
    "folder": 1,
    "file": "filer_public/a3/b4/a3b4ccdc-284d-4abd-a95e-d131830d23c7/3.jpg",
    "_file_size": 397310,
    "sha1": "0ce48066e7d62324a55b2e55363574f780dc5f14",
    "has_all_mandatory_data": false,
    "original_filename": "3.JPG",
    "name": "",
    "description": null,
    "owner": [
      "admin"
    ],
    "uploaded_at": "2022-10-06T11:26:12.944Z",
    "modified_at": "2022-10-06T11:26:12.944Z",
    "is_public": true,
    "mime_type": "image/jpeg"
  }
},
{
  "model": "filer.file",
  "pk": 27,
  "fields": {
    "polymorphic_ctype": [
      "filer",
      "image"
    ],
    "folder": 1,
    "file": "filer_public/98/57/985751cc-0917-4d5f-a727-1a3a3a62d6de/4.jpg",
    "_file_size": 346357,
    "sha1": "35d0ed723b5ae2b22a829d327740b1642e2a03e9",
    "has_all_mandatory_data": false,
    "original_filename": "4.JPG",
    "name": "",
    "description": null,
    "owner": [
      "admin"
    ],
    "uploaded_at": "2022-10-06T11:26:13.106Z",
    "modified_at": "2022-10-06T11:26:13.106Z",
    "is_public": true,
    "mime_type": "image/jpeg"
  }
},
{
  "model": "filer.file",
  "pk": 28,
  "fields": {
    "polymorphic_ctype": [
      "filer",
      "image"
    ],
    "folder": 1,
    "file": "filer_public/bb/20/bb203db9-0f94-4197-9db1-25d8cbe50ba7/21129_1.jpg",
    "_file_size": 445546,
    "sha1": "0fa9e69ba111bfdf91a2235ff0c5d8623e4aeaba",
    "has_all_mandatory_data": false,
    "original_filename": "21129_1.jpg",
    "name": "",
    "description": null,
    "owner": [
      "admin"
    ],
    "uploaded_at": "2022-10-06T11:26:13.255Z",
    "modified_at": "2022-10-06T11:26:13.255Z",
    "is_public": true,
    "mime_type": "image/jpeg"
  }
},
{
  "model": "filer.file",
  "pk": 29,
  "fields": {
    "polymorphic_ctype": [
      "filer",
      "image"
    ],
    "folder": 1,
    "file": "filer_public/d2/8c/d28cabe8-4be8-4635-a3df-add1ae3cf3f8/21131_3.jpg",
    "_file_size": 453963,
    "sha1": "95fd1020117f74cfbcd44a1e781f91b12bc3037a",
    "has_all_mandatory_data": false,
    "original_filename": "21131_3.jpg",
    "name": "",
    "description": null,
    "owner": [
      "admin"
    ],
    "uploaded_at": "2022-10-06T11:26:13.412Z",
    "modified_at": "2022-10-06T11:26:13.412Z",
    "is_public": true,
    "mime_type": "image/jpeg"
  }
},
{
  "model": "filer.file",
  "pk": 30,
  "fields": {
    "polymorphic_ctype": [
      "filer",
      "image"
    ],
    "folder": 1,
    "file": "filer_public/78/28/78288662-7534-437e-9884-6f324796b90e/844424962943154_fddd.jpg",
    "_file_size": 445567,
    "sha1": "fa4c09935063dce871489fee73a8c6a7a52c3c5a",
    "has_all_mandatory_data": false,
    "original_filename": "844424962943154_fddd.jpg",
    "name": "",
    "description": null,
    "owner": [
      "admin"
    ],
    "uploaded_at": "2022-10-06T11:26:13.574Z",
    "modified_at": "2022-10-06T11:26:13.574Z",
    "is_public": true,
    "mime_type": "image/jpeg"
  }
},
{
  "model": "filer.file",
  "pk": 31,
  "fields": {
    "polymorphic_ctype": [
      "filer",
      "image"
    ],
    "folder": 1,
    "file": "filer_public/a4/41/a441f29c-7a5b-4451-8856-63551e947673/844424964735511_11c4.jpg",
    "_file_size": 365197,
    "sha1": "faa8b3b4d7a3f6a16579a568489ff268cf57a9bf",
    "has_all_mandatory_data": false,
    "original_filename": "844424964735511_11c4.jpg",
    "name": "",
    "description": null,
    "owner": [
      "admin"
    ],
    "uploaded_at": "2022-10-06T11:26:13.736Z",
    "modified_at": "2022-10-06T11:26:13.736Z",
    "is_public": true,
    "mime_type": "image/jpeg"
  }
},
{
  "model": "filer.file",
  "pk": 32,
  "fields": {
    "polymorphic_ctype": [
      "filer",
      "image"
    ],
    "folder": 1,
    "file": "filer_public/f8/66/f866ffaa-d0fa-486d-8666-6cc5a827050a/844424964735519_a7ce.jpg",
    "_file_size": 434817,
    "sha1": "1b9c82915fc2a0a961dbce9b6997f5e6647dc097",
    "has_all_mandatory_data": false,
    "original_filename": "844424964735519_a7ce.jpg",
    "name": "",
    "description": null,
    "owner": [
      "admin"
    ],
    "uploaded_at": "2022-10-06T11:26:13.905Z",
    "modified_at": "2022-10-06T11:26:13.905Z",
    "is_public": true,
    "mime_type": "image/jpeg"
  }
},
{
  "model": "filer.file",
  "pk": 33,
  "fields": {
    "polymorphic_ctype": [
      "filer",
      "image"
    ],
    "folder": 1,
    "file": "filer_public/50/32/503285a7-745c-479b-86e3-4b32f2cb112e/844424964735521_8824.jpg",
    "_file_size": 494702,
    "sha1": "db2d3ffaae282dbf3fb7412aa9a07f4113de1b81",
    "has_all_mandatory_data": false,
    "original_filename": "844424964735521_8824.jpg",
    "name": "",
    "description": null,
    "owner": [
      "admin"
    ],
    "uploaded_at": "2022-10-06T11:26:14.123Z",
    "modified_at": "2022-10-06T11:26:14.123Z",
    "is_public": true,
    "mime_type": "image/jpeg"
  }
},
{
  "model": "filer.file",
  "pk": 34,
  "fields": {
    "polymorphic_ctype": [
      "filer",
      "image"
    ],
    "folder": 1,
    "file": "filer_public/4b/96/4b96c0b9-0c0e-4094-b5c1-422914c672d5/844424975311335_2d33.jpg",
    "_file_size": 506386,
    "sha1": "6379494f111b9b7a0d7ae4fdff4e33f331a2c577",
    "has_all_mandatory_data": false,
    "original_filename": "844424975311335_2d33.jpg",
    "name": "",
    "description": null,
    "owner": [
      "admin"
    ],
    "uploaded_at": "2022-10-06T11:26:14.303Z",
    "modified_at": "2022-10-06T11:26:14.303Z",
    "is_public": true,
    "mime_type": "image/jpeg"
  }
},
{
  "model": "filer.file",
  "pk": 35,
  "fields": {
    "polymorphic_ctype": [
      "filer",
      "image"
    ],
    "folder": 1,
    "file": "filer_public/93/fe/93feaf89-f31c-4ee8-9c55-f986f58caa8c/gob5lllbycgwh5aya-botaz1zqbwj8czujiqarlcdn3p6miw2cujyisxikd7ujlo5wwi-ptomb101o-htq8qy0hm.jpg",
    "_file_size": 275855,
    "sha1": "f8ea661b37930bcc11d00c353d956cae331f1eae",
    "has_all_mandatory_data": false,
    "original_filename": "gOb5LlLBycgwh5aYa-bOtaz1zQbWj8CZUjiQARLcDn3p6MIw2CUJyiSxiKd7UJLo5WWi-ptOMb101o-hTQ8qy0hM.jpg",
    "name": "",
    "description": null,
    "owner": [
      "admin"
    ],
    "uploaded_at": "2022-10-06T11:26:14.487Z",
    "modified_at": "2022-10-06T11:26:14.487Z",
    "is_public": true,
    "mime_type": "image/jpeg"
  }
},
{
  "model": "filer.file",
  "pk": 36,
  "fields": {
    "polymorphic_ctype": [
      "filer",
      "image"
    ],
    "folder": 2,
    "file": "filer_public/36/94/369462e9-e588-4320-a427-7864493c3c6b/3_0.jpg",
    "_file_size": 576608,
    "sha1": "fd4c5566f39008db4cd468202d522a2034569cad",
    "has_all_mandatory_data": false,
    "original_filename": "3_0.jpg",
    "name": "",
    "description": null,
    "owner": [
      "admin"
    ],
    "uploaded_at": "2022-10-06T12:49:56.790Z",
    "modified_at": "2022-10-06T12:49:56.790Z",
    "is_public": true,
    "mime_type": "image/jpeg"
  }
},
{
  "model": "filer.file",
  "pk": 37,
  "fields": {
    "polymorphic_ctype": [
      "filer",
      "image"
    ],
    "folder": 2,
    "file": "filer_public/4d/5a/4d5a90a0-9964-46b5-bfb2-836f46179e54/4.jpg",
    "_file_size": 346357,
    "sha1": "35d0ed723b5ae2b22a829d327740b1642e2a03e9",
    "has_all_mandatory_data": false,
    "original_filename": "4.JPG",
    "name": "",
    "description": null,
    "owner": [
      "admin"
    ],
    "uploaded_at": "2022-10-06T12:50:09.730Z",
    "modified_at": "2022-10-06T12:50:09.730Z",
    "is_public": true,
    "mime_type": "image/jpeg"
  }
},
{
  "model": "filer.file",
  "pk": 38,
  "fields": {
    "polymorphic_ctype": [
      "filer",
      "image"
    ],
    "folder": 2,
    "file": "filer_public/be/17/be171a6d-a77e-425e-860e-f1db53617a89/21131_3.jpg",
    "_file_size": 453963,
    "sha1": "95fd1020117f74cfbcd44a1e781f91b12bc3037a",
    "has_all_mandatory_data": false,
    "original_filename": "21131_3.jpg",
    "name": "",
    "description": null,
    "owner": [
      "admin"
    ],
    "uploaded_at": "2022-10-06T12:51:37.829Z",
    "modified_at": "2022-10-06T12:51:37.829Z",
    "is_public": true,
    "mime_type": "image/jpeg"
  }
},
{
  "model": "filer.file",
  "pk": 39,
  "fields": {
    "polymorphic_ctype": [
      "filer",
      "image"
    ],
    "folder": 2,
    "file": "filer_public/ec/8d/ec8d9c04-364d-430b-aefb-81af669fc8d6/844424975311335_2d33.jpg",
    "_file_size": 506386,
    "sha1": "6379494f111b9b7a0d7ae4fdff4e33f331a2c577",
    "has_all_mandatory_data": false,
    "original_filename": "844424975311335_2d33.jpg",
    "name": "",
    "description": null,
    "owner": [
      "admin"
    ],
    "uploaded_at": "2022-10-06T12:51:37.969Z",
    "modified_at": "2022-10-06T12:51:37.969Z",
    "is_public": true,
    "mime_type": "image/jpeg"
  }
},
{
  "model": "filer.file",
  "pk": 40,
  "fields": {
    "polymorphic_ctype": [
      "filer",
      "image"
    ],
    "folder": 2,
    "file": "filer_public/44/74/4474d6d3-5a4b-4c14-8882-8d57da51d770/844424964735511_11c4.jpg",
    "_file_size": 365197,
    "sha1": "faa8b3b4d7a3f6a16579a568489ff268cf57a9bf",
    "has_all_mandatory_data": false,
    "original_filename": "844424964735511_11c4.jpg",
    "name": "",
    "description": null,
    "owner": [
      "admin"
    ],
    "uploaded_at": "2022-10-06T12:51:38.147Z",
    "modified_at": "2022-10-06T12:51:38.147Z",
    "is_public": true,
    "mime_type": "image/jpeg"
  }
},
{
  "model": "filer.file",
  "pk": 41,
  "fields": {
    "polymorphic_ctype": [
      "filer",
      "image"
    ],
    "folder": 2,
    "file": "filer_public/c3/5c/c35c18c2-27bd-4128-9c23-e906a6077f4b/21129_1.jpg",
    "_file_size": 445546,
    "sha1": "0fa9e69ba111bfdf91a2235ff0c5d8623e4aeaba",
    "has_all_mandatory_data": false,
    "original_filename": "21129_1.jpg",
    "name": "",
    "description": null,
    "owner": [
      "admin"
    ],
    "uploaded_at": "2022-10-06T12:51:38.315Z",
    "modified_at": "2022-10-06T12:51:38.315Z",
    "is_public": true,
    "mime_type": "image/jpeg"
  }
},
{
  "model": "filer.file",
  "pk": 42,
  "fields": {
    "polymorphic_ctype": [
      "filer",
      "image"
    ],
    "folder": null,
    "file": "filer_public/38/ee/38ee52a8-0617-47fa-a262-2ec888cbca53/32k54an6go_aroapr_avrapra_uvkp.png",
    "_file_size": 211049,
    "sha1": "8ce161f31c619ff06ca0cac480685c950e70b3d6",
    "has_all_mandatory_data": false,
    "original_filename": "32546___.png",
    "name": "",
    "description": null,
    "owner": [
      "admin"
    ],
    "uploaded_at": "2022-10-10T07:04:20.791Z",
    "modified_at": "2022-10-10T07:04:20.791Z",
    "is_public": true,
    "mime_type": "image/png"
  }
},
{
  "model": "filer.file",
  "pk": 43,
  "fields": {
    "polymorphic_ctype": [
      "filer",
      "file"
    ],
    "folder": null,
    "file": "filer_public/07/7d/077da3a3-557f-41f2-9c79-2757c5395a0a/formaty_vzaimodeystviya_gis_gmp_s_informatsionnymi_sistemami_uchastnikov.docx",
    "_file_size": 297098,
    "sha1": "e83ccc5973eafd790d1436a27e53ad13322395c5",
    "has_all_mandatory_data": false,
    "original_filename": "Formaty_vzaimodeystviya_GIS_GMP_s_informatsionnymi_sistemami_uchastnikov.DOCX",
    "name": "",
    "description": null,
    "owner": [
      "admin"
    ],
    "uploaded_at": "2022-10-10T07:38:44.757Z",
    "modified_at": "2022-10-10T07:38:44.757Z",
    "is_public": true,
    "mime_type": "application/vnd.openxmlformats-officedocument.wordprocessingml.document"
  }
},
{
  "model": "filer.file",
  "pk": 44,
  "fields": {
    "polymorphic_ctype": [
      "filer",
      "image"
    ],
    "folder": null,
    "file": "filer_public/3e/0e/3e0e2d64-4a74-414d-ab3f-c73ee1020a5b/tsepochnaya-karusel-vikhr.jpg",
    "_file_size": 91183,
    "sha1": "584c8fb24820f4929ffb3f2abe6ed13e66a8a6ad",
    "has_all_mandatory_data": false,
    "original_filename": "tsepochnaya-karusel-vikhr.jpg",
    "name": "",
    "description": null,
    "owner": [
      "admin"
    ],
    "uploaded_at": "2022-10-13T03:37:06.736Z",
    "modified_at": "2022-10-13T03:37:06.736Z",
    "is_public": true,
    "mime_type": "image/jpeg"
  }
},
{
  "model": "filer.file",
  "pk": 45,
  "fields": {
    "polymorphic_ctype": [
      "filer",
      "image"
    ],
    "folder": null,
    "file": "filer_public/bf/1a/bf1a6265-9c15-47c1-b57e-cd7944a539be/ff89b9bef090bec93323b783db663086.jpg",
    "_file_size": 42442,
    "sha1": "293d936821c86c83e7e8a9f6ce7e2bc87a977e3f",
    "has_all_mandatory_data": false,
    "original_filename": "ff89b9bef090bec93323b783db663086.jpg",
    "name": "",
    "description": null,
    "owner": [
      "admin"
    ],
    "uploaded_at": "2022-10-13T06:09:20.995Z",
    "modified_at": "2022-10-13T06:09:20.995Z",
    "is_public": true,
    "mime_type": "image/jpeg"
  }
},
{
  "model": "filer.file",
  "pk": 46,
  "fields": {
    "polymorphic_ctype": [
      "filer",
      "image"
    ],
    "folder": null,
    "file": "filer_public/43/bc/43bc0325-bf52-4ba0-9b58-1c3a1f1dc969/cb8490ece3736d982ae1d67430c503d2.jpg",
    "_file_size": 42914,
    "sha1": "865245a193485a1be8b75331bfc1333038767b8a",
    "has_all_mandatory_data": false,
    "original_filename": "cb8490ece3736d982ae1d67430c503d2.jpg",
    "name": "",
    "description": null,
    "owner": [
      "admin"
    ],
    "uploaded_at": "2022-10-13T06:12:05.203Z",
    "modified_at": "2022-10-13T06:12:05.203Z",
    "is_public": true,
    "mime_type": "image/jpeg"
  }
},
{
  "model": "filer.file",
  "pk": 47,
  "fields": {
    "polymorphic_ctype": [
      "filer",
      "image"
    ],
    "folder": null,
    "file": "filer_public/c9/03/c903cd61-54ba-4145-b76a-136b3f24b904/49f7b56c3c3ea046ef8d5057fb190439.jpg",
    "_file_size": 117424,
    "sha1": "dd95ec128be92453191394f7b23fba753c23bad0",
    "has_all_mandatory_data": false,
    "original_filename": "49f7b56c3c3ea046ef8d5057fb190439.jpg",
    "name": "",
    "description": null,
    "owner": [
      "admin"
    ],
    "uploaded_at": "2022-10-13T06:12:36.042Z",
    "modified_at": "2022-10-13T06:12:36.042Z",
    "is_public": true,
    "mime_type": "image/jpeg"
  }
},
{
  "model": "filer.file",
  "pk": 48,
  "fields": {
    "polymorphic_ctype": [
      "filer",
      "image"
    ],
    "folder": null,
    "file": "filer_public/0b/07/0b0716ec-913d-428a-9704-73bb5f854304/93bbe1bf6e431459603a8038fb41c72b.jpg",
    "_file_size": 96874,
    "sha1": "7370378aa1237bb0c626b5a57157668b7b60e927",
    "has_all_mandatory_data": false,
    "original_filename": "93bbe1bf6e431459603a8038fb41c72b.jpg",
    "name": "",
    "description": null,
    "owner": [
      "admin"
    ],
    "uploaded_at": "2022-10-13T06:13:22.974Z",
    "modified_at": "2022-10-13T06:13:22.974Z",
    "is_public": true,
    "mime_type": "image/jpeg"
  }
},
{
  "model": "filer.file",
  "pk": 49,
  "fields": {
    "polymorphic_ctype": [
      "filer",
      "image"
    ],
    "folder": null,
    "file": "filer_public/99/0e/990eccb3-fbbe-4deb-a3cd-1bfd902b89bd/tsepochnaya-karusel-vikhr.jpg",
    "_file_size": 91183,
    "sha1": "584c8fb24820f4929ffb3f2abe6ed13e66a8a6ad",
    "has_all_mandatory_data": false,
    "original_filename": "tsepochnaya-karusel-vikhr.jpg",
    "name": "",
    "description": null,
    "owner": [
      "admin"
    ],
    "uploaded_at": "2022-10-14T03:41:48.609Z",
    "modified_at": "2022-10-14T03:41:48.609Z",
    "is_public": true,
    "mime_type": "image/jpeg"
  }
},
{
  "model": "filer.clipboard",
  "pk": 1,
  "fields": {
    "user": [
      "admin"
    ]
  }
},
{
  "model": "filer.image",
  "pk": 1,
  "fields": {
    "_height": 1440.0,
    "_width": 2560.0,
    "default_alt_text": null,
    "default_caption": null,
    "subject_location": "",
    "file_ptr": 1,
    "date_taken": "2022-09-27T10:03:34.878Z",
    "author": null,
    "must_always_publish_author_credit": false,
    "must_always_publish_copyright": false
  }
},
{
  "model": "filer.image",
  "pk": 2,
  "fields": {
    "_height": 417.0,
    "_width": 468.0,
    "default_alt_text": null,
    "default_caption": null,
    "subject_location": "",
    "file_ptr": 2,
    "date_taken": "2022-09-27T10:41:42.847Z",
    "author": null,
    "must_always_publish_author_credit": false,
    "must_always_publish_copyright": false
  }
},
{
  "model": "filer.image",
  "pk": 3,
  "fields": {
    "_height": 417.0,
    "_width": 468.0,
    "default_alt_text": null,
    "default_caption": null,
    "subject_location": "",
    "file_ptr": 3,
    "date_taken": "2022-09-27T10:42:27.996Z",
    "author": null,
    "must_always_publish_author_credit": false,
    "must_always_publish_copyright": false
  }
},
{
  "model": "filer.image",
  "pk": 4,
  "fields": {
    "_height": 417.0,
    "_width": 468.0,
    "default_alt_text": null,
    "default_caption": null,
    "subject_location": "",
    "file_ptr": 4,
    "date_taken": "2022-09-27T10:45:53.565Z",
    "author": null,
    "must_always_publish_author_credit": false,
    "must_always_publish_copyright": false
  }
},
{
  "model": "filer.image",
  "pk": 5,
  "fields": {
    "_height": 1080.0,
    "_width": 1920.0,
    "default_alt_text": null,
    "default_caption": null,
    "subject_location": "",
    "file_ptr": 5,
    "date_taken": "2022-09-27T13:00:23.381Z",
    "author": null,
    "must_always_publish_author_credit": false,
    "must_always_publish_copyright": false
  }
},
{
  "model": "filer.image",
  "pk": 6,
  "fields": {
    "_height": 2848.0,
    "_width": 4272.0,
    "default_alt_text": null,
    "default_caption": null,
    "subject_location": "",
    "file_ptr": 6,
    "date_taken": "2022-09-27T13:45:11.727Z",
    "author": null,
    "must_always_publish_author_credit": false,
    "must_always_publish_copyright": false
  }
},
{
  "model": "filer.image",
  "pk": 7,
  "fields": {
    "_height": 2848.0,
    "_width": 4272.0,
    "default_alt_text": null,
    "default_caption": null,
    "subject_location": "",
    "file_ptr": 7,
    "date_taken": "2022-09-27T13:45:46.656Z",
    "author": null,
    "must_always_publish_author_credit": false,
    "must_always_publish_copyright": false
  }
},
{
  "model": "filer.image",
  "pk": 8,
  "fields": {
    "_height": 810.0,
    "_width": 1440.0,
    "default_alt_text": null,
    "default_caption": null,
    "subject_location": "",
    "file_ptr": 8,
    "date_taken": "2022-09-27T18:50:07.546Z",
    "author": null,
    "must_always_publish_author_credit": false,
    "must_always_publish_copyright": false
  }
},
{
  "model": "filer.image",
  "pk": 9,
  "fields": {
    "_height": 1184.0,
    "_width": 2560.0,
    "default_alt_text": null,
    "default_caption": null,
    "subject_location": "",
    "file_ptr": 9,
    "date_taken": "2022-09-30T12:23:20.881Z",
    "author": null,
    "must_always_publish_author_credit": false,
    "must_always_publish_copyright": false
  }
},
{
  "model": "filer.image",
  "pk": 10,
  "fields": {
    "_height": 810.0,
    "_width": 1440.0,
    "default_alt_text": null,
    "default_caption": null,
    "subject_location": "",
    "file_ptr": 10,
    "date_taken": "2022-10-05T08:19:36.410Z",
    "author": null,
    "must_always_publish_author_credit": false,
    "must_always_publish_copyright": false
  }
},
{
  "model": "filer.image",
  "pk": 11,
  "fields": {
    "_height": 1115.0,
    "_width": 750.0,
    "default_alt_text": null,
    "default_caption": null,
    "subject_location": "",
    "file_ptr": 11,
    "date_taken": "2022-10-05T08:22:14.521Z",
    "author": null,
    "must_always_publish_author_credit": false,
    "must_always_publish_copyright": false
  }
},
{
  "model": "filer.image",
  "pk": 12,
  "fields": {
    "_height": 1115.0,
    "_width": 750.0,
    "default_alt_text": null,
    "default_caption": null,
    "subject_location": "",
    "file_ptr": 12,
    "date_taken": "2022-10-05T08:22:31.676Z",
    "author": null,
    "must_always_publish_author_credit": false,
    "must_always_publish_copyright": false
  }
},
{
  "model": "filer.image",
  "pk": 13,
  "fields": {
    "_height": 481.0,
    "_width": 640.0,
    "default_alt_text": null,
    "default_caption": null,
    "subject_location": "",
    "file_ptr": 13,
    "date_taken": "2022-10-05T08:27:06.345Z",
    "author": null,
    "must_always_publish_author_credit": false,
    "must_always_publish_copyright": false
  }
},
{
  "model": "filer.image",
  "pk": 14,
  "fields": {
    "_height": 481.0,
    "_width": 640.0,
    "default_alt_text": null,
    "default_caption": null,
    "subject_location": "",
    "file_ptr": 14,
    "date_taken": "2022-10-05T08:28:47.426Z",
    "author": null,
    "must_always_publish_author_credit": false,
    "must_always_publish_copyright": false
  }
},
{
  "model": "filer.image",
  "pk": 15,
  "fields": {
    "_height": 481.0,
    "_width": 640.0,
    "default_alt_text": null,
    "default_caption": null,
    "subject_location": "",
    "file_ptr": 15,
    "date_taken": "2022-10-05T08:28:50.776Z",
    "author": null,
    "must_always_publish_author_credit": false,
    "must_always_publish_copyright": false
  }
},
{
  "model": "filer.image",
  "pk": 16,
  "fields": {
    "_height": 481.0,
    "_width": 640.0,
    "default_alt_text": null,
    "default_caption": null,
    "subject_location": "",
    "file_ptr": 16,
    "date_taken": "2022-10-05T08:28:53.064Z",
    "author": null,
    "must_always_publish_author_credit": false,
    "must_always_publish_copyright": false
  }
},
{
  "model": "filer.image",
  "pk": 19,
  "fields": {
    "_height": 1115.0,
    "_width": 750.0,
    "default_alt_text": null,
    "default_caption": null,
    "subject_location": "",
    "file_ptr": 19,
    "date_taken": "2022-10-05T08:29:57.854Z",
    "author": null,
    "must_always_publish_author_credit": false,
    "must_always_publish_copyright": false
  }
},
{
  "model": "filer.image",
  "pk": 20,
  "fields": {
    "_height": 481.0,
    "_width": 640.0,
    "default_alt_text": null,
    "default_caption": null,
    "subject_location": "",
    "file_ptr": 20,
    "date_taken": "2022-10-05T11:39:56.168Z",
    "author": null,
    "must_always_publish_author_credit": false,
    "must_always_publish_copyright": false
  }
},
{
  "model": "filer.image",
  "pk": 21,
  "fields": {
    "_height": 481.0,
    "_width": 640.0,
    "default_alt_text": null,
    "default_caption": null,
    "subject_location": "",
    "file_ptr": 21,
    "date_taken": "2022-10-05T11:39:57.803Z",
    "author": null,
    "must_always_publish_author_credit": false,
    "must_always_publish_copyright": false
  }
},
{
  "model": "filer.image",
  "pk": 22,
  "fields": {
    "_height": 900.0,
    "_width": 1200.0,
    "default_alt_text": null,
    "default_caption": null,
    "subject_location": "",
    "file_ptr": 22,
    "date_taken": "2022-10-06T09:02:43.961Z",
    "author": null,
    "must_always_publish_author_credit": false,
    "must_always_publish_copyright": false
  }
},
{
  "model": "filer.image",
  "pk": 24,
  "fields": {
    "_height": 1200.0,
    "_width": 900.0,
    "default_alt_text": null,
    "default_caption": null,
    "subject_location": "",
    "file_ptr": 24,
    "date_taken": "2022-10-06T09:05:19.622Z",
    "author": null,
    "must_always_publish_author_credit": false,
    "must_always_publish_copyright": false
  }
},
{
  "model": "filer.image",
  "pk": 25,
  "fields": {
    "_height": 1184.0,
    "_width": 2560.0,
    "default_alt_text": null,
    "default_caption": null,
    "subject_location": "",
    "file_ptr": 25,
    "date_taken": "2022-10-06T11:24:23.698Z",
    "author": null,
    "must_always_publish_author_credit": false,
    "must_always_publish_copyright": false
  }
},
{
  "model": "filer.image",
  "pk": 26,
  "fields": {
    "_height": 481.0,
    "_width": 640.0,
    "default_alt_text": null,
    "default_caption": null,
    "subject_location": "",
    "file_ptr": 26,
    "date_taken": "2022-10-06T11:26:12.941Z",
    "author": null,
    "must_always_publish_author_credit": false,
    "must_always_publish_copyright": false
  }
},
{
  "model": "filer.image",
  "pk": 27,
  "fields": {
    "_height": 481.0,
    "_width": 640.0,
    "default_alt_text": null,
    "default_caption": null,
    "subject_location": "",
    "file_ptr": 27,
    "date_taken": "2022-10-06T11:26:13.104Z",
    "author": null,
    "must_always_publish_author_credit": false,
    "must_always_publish_copyright": false
  }
},
{
  "model": "filer.image",
  "pk": 28,
  "fields": {
    "_height": 900.0,
    "_width": 1200.0,
    "default_alt_text": null,
    "default_caption": null,
    "subject_location": "",
    "file_ptr": 28,
    "date_taken": "2022-10-06T11:26:13.252Z",
    "author": null,
    "must_always_publish_author_credit": false,
    "must_always_publish_copyright": false
  }
},
{
  "model": "filer.image",
  "pk": 29,
  "fields": {
    "_height": 900.0,
    "_width": 1200.0,
    "default_alt_text": null,
    "default_caption": null,
    "subject_location": "",
    "file_ptr": 29,
    "date_taken": "2022-10-06T11:26:13.409Z",
    "author": null,
    "must_always_publish_author_credit": false,
    "must_always_publish_copyright": false
  }
},
{
  "model": "filer.image",
  "pk": 30,
  "fields": {
    "_height": 1200.0,
    "_width": 900.0,
    "default_alt_text": null,
    "default_caption": null,
    "subject_location": "",
    "file_ptr": 30,
    "date_taken": "2022-10-06T11:26:13.571Z",
    "author": null,
    "must_always_publish_author_credit": false,
    "must_always_publish_copyright": false
  }
},
{
  "model": "filer.image",
  "pk": 31,
  "fields": {
    "_height": 810.0,
    "_width": 1440.0,
    "default_alt_text": null,
    "default_caption": null,
    "subject_location": "",
    "file_ptr": 31,
    "date_taken": "2022-10-06T11:26:13.733Z",
    "author": null,
    "must_always_publish_author_credit": false,
    "must_always_publish_copyright": false
  }
},
{
  "model": "filer.image",
  "pk": 32,
  "fields": {
    "_height": 810.0,
    "_width": 1440.0,
    "default_alt_text": null,
    "default_caption": null,
    "subject_location": "",
    "file_ptr": 32,
    "date_taken": "2022-10-06T11:26:13.902Z",
    "author": null,
    "must_always_publish_author_credit": false,
    "must_always_publish_copyright": false
  }
},
{
  "model": "filer.image",
  "pk": 33,
  "fields": {
    "_height": 810.0,
    "_width": 1440.0,
    "default_alt_text": null,
    "default_caption": null,
    "subject_location": "",
    "file_ptr": 33,
    "date_taken": "2022-10-06T11:26:14.120Z",
    "author": null,
    "must_always_publish_author_credit": false,
    "must_always_publish_copyright": false
  }
},
{
  "model": "filer.image",
  "pk": 34,
  "fields": {
    "_height": 1082.0,
    "_width": 1440.0,
    "default_alt_text": null,
    "default_caption": null,
    "subject_location": "",
    "file_ptr": 34,
    "date_taken": "2022-10-06T11:26:14.300Z",
    "author": null,
    "must_always_publish_author_credit": false,
    "must_always_publish_copyright": false
  }
},
{
  "model": "filer.image",
  "pk": 35,
  "fields": {
    "_height": 1115.0,
    "_width": 750.0,
    "default_alt_text": null,
    "default_caption": null,
    "subject_location": "",
    "file_ptr": 35,
    "date_taken": "2022-10-06T11:26:14.482Z",
    "author": null,
    "must_always_publish_author_credit": false,
    "must_always_publish_copyright": false
  }
},
{
  "model": "filer.image",
  "pk": 36,
  "fields": {
    "_height": 1184.0,
    "_width": 2560.0,
    "default_alt_text": null,
    "default_caption": null,
    "subject_location": "",
    "file_ptr": 36,
    "date_taken": "2022-10-06T12:49:56.786Z",
    "author": null,
    "must_always_publish_author_credit": false,
    "must_always_publish_copyright": false
  }
},
{
  "model": "filer.image",
  "pk": 37,
  "fields": {
    "_height": 481.0,
    "_width": 640.0,
    "default_alt_text": null,
    "default_caption": null,
    "subject_location": "",
    "file_ptr": 37,
    "date_taken": "2022-10-06T12:50:09.727Z",
    "author": null,
    "must_always_publish_author_credit": false,
    "must_always_publish_copyright": false
  }
},
{
  "model": "filer.image",
  "pk": 38,
  "fields": {
    "_height": 900.0,
    "_width": 1200.0,
    "default_alt_text": null,
    "default_caption": null,
    "subject_location": "",
    "file_ptr": 38,
    "date_taken": "2022-10-06T12:51:37.826Z",
    "author": null,
    "must_always_publish_author_credit": false,
    "must_always_publish_copyright": false
  }
},
{
  "model": "filer.image",
  "pk": 39,
  "fields": {
    "_height": 1082.0,
    "_width": 1440.0,
    "default_alt_text": null,
    "default_caption": null,
    "subject_location": "",
    "file_ptr": 39,
    "date_taken": "2022-10-06T12:51:37.966Z",
    "author": null,
    "must_always_publish_author_credit": false,
    "must_always_publish_copyright": false
  }
},
{
  "model": "filer.image",
  "pk": 40,
  "fields": {
    "_height": 810.0,
    "_width": 1440.0,
    "default_alt_text": null,
    "default_caption": null,
    "subject_location": "",
    "file_ptr": 40,
    "date_taken": "2022-10-06T12:51:38.144Z",
    "author": null,
    "must_always_publish_author_credit": false,
    "must_always_publish_copyright": false
  }
},
{
  "model": "filer.image",
  "pk": 41,
  "fields": {
    "_height": 900.0,
    "_width": 1200.0,
    "default_alt_text": null,
    "default_caption": null,
    "subject_location": "",
    "file_ptr": 41,
    "date_taken": "2022-10-06T12:51:38.312Z",
    "author": null,
    "must_always_publish_author_credit": false,
    "must_always_publish_copyright": false
  }
},
{
  "model": "filer.image",
  "pk": 42,
  "fields": {
    "_height": 823.0,
    "_width": 1198.0,
    "default_alt_text": null,
    "default_caption": null,
    "subject_location": "",
    "file_ptr": 42,
    "date_taken": "2022-10-10T07:04:20.780Z",
    "author": null,
    "must_always_publish_author_credit": false,
    "must_always_publish_copyright": false
  }
},
{
  "model": "filer.image",
  "pk": 44,
  "fields": {
    "_height": 360.0,
    "_width": 450.0,
    "default_alt_text": null,
    "default_caption": null,
    "subject_location": "",
    "file_ptr": 44,
    "date_taken": "2022-10-13T03:37:06.733Z",
    "author": null,
    "must_always_publish_author_credit": false,
    "must_always_publish_copyright": false
  }
},
{
  "model": "filer.image",
  "pk": 45,
  "fields": {
    "_height": 320.0,
    "_width": 960.0,
    "default_alt_text": null,
    "default_caption": null,
    "subject_location": "",
    "file_ptr": 45,
    "date_taken": "2022-10-13T06:09:20.992Z",
    "author": null,
    "must_always_publish_author_credit": false,
    "must_always_publish_copyright": false
  }
},
{
  "model": "filer.image",
  "pk": 46,
  "fields": {
    "_height": 320.0,
    "_width": 960.0,
    "default_alt_text": null,
    "default_caption": null,
    "subject_location": "",
    "file_ptr": 46,
    "date_taken": "2022-10-13T06:12:05.200Z",
    "author": null,
    "must_always_publish_author_credit": false,
    "must_always_publish_copyright": false
  }
},
{
  "model": "filer.image",
  "pk": 47,
  "fields": {
    "_height": 320.0,
    "_width": 960.0,
    "default_alt_text": null,
    "default_caption": null,
    "subject_location": "",
    "file_ptr": 47,
    "date_taken": "2022-10-13T06:12:36.040Z",
    "author": null,
    "must_always_publish_author_credit": false,
    "must_always_publish_copyright": false
  }
},
{
  "model": "filer.image",
  "pk": 48,
  "fields": {
    "_height": 320.0,
    "_width": 960.0,
    "default_alt_text": null,
    "default_caption": null,
    "subject_location": "",
    "file_ptr": 48,
    "date_taken": "2022-10-13T06:13:22.971Z",
    "author": null,
    "must_always_publish_author_credit": false,
    "must_always_publish_copyright": false
  }
},
{
  "model": "filer.image",
  "pk": 49,
  "fields": {
    "_height": 360.0,
    "_width": 450.0,
    "default_alt_text": null,
    "default_caption": null,
    "subject_location": "",
    "file_ptr": 49,
    "date_taken": "2022-10-14T03:41:48.606Z",
    "author": null,
    "must_always_publish_author_credit": false,
    "must_always_publish_copyright": false
  }
},
{
  "model": "admin.logentry",
  "pk": 1,
  "fields": {
    "action_time": "2022-09-27T10:42:36.762Z",
    "user": [
      "admin"
    ],
    "content_type": [
      "cms",
      "page"
    ],
    "object_id": "1",
    "object_repr": "",
    "action_flag": 2,
    "change_message": ""
  }
},
{
  "model": "admin.logentry",
  "pk": 2,
  "fields": {
    "action_time": "2022-09-27T10:46:08.342Z",
    "user": [
      "admin"
    ],
    "content_type": [
      "cms",
      "page"
    ],
    "object_id": "1",
    "object_repr": "",
    "action_flag": 2,
    "change_message": ""
  }
},
{
  "model": "admin.logentry",
  "pk": 3,
  "fields": {
    "action_time": "2022-09-27T10:57:22.590Z",
    "user": [
      "admin"
    ],
    "content_type": [
      "djangocms_slider",
      "slider"
    ],
    "object_id": "2",
    "object_repr": "2",
    "action_flag": 3,
    "change_message": ""
  }
},
{
  "model": "admin.logentry",
  "pk": 4,
  "fields": {
    "action_time": "2022-09-27T10:57:24.928Z",
    "user": [
      "admin"
    ],
    "content_type": [
      "cms",
      "page"
    ],
    "object_id": "1",
    "object_repr": "",
    "action_flag": 2,
    "change_message": ""
  }
},
{
  "model": "admin.logentry",
  "pk": 5,
  "fields": {
    "action_time": "2022-09-27T10:59:55.364Z",
    "user": [
      "admin"
    ],
    "content_type": [
      "cms",
      "page"
    ],
    "object_id": "1",
    "object_repr": "",
    "action_flag": 2,
    "change_message": ""
  }
},
{
  "model": "admin.logentry",
  "pk": 6,
  "fields": {
    "action_time": "2022-09-27T12:17:15.389Z",
    "user": [
      "admin"
    ],
    "content_type": [
      "cms",
      "page"
    ],
    "object_id": "3",
    "object_repr": " ",
    "action_flag": 2,
    "change_message": ""
  }
},
{
  "model": "admin.logentry",
  "pk": 7,
  "fields": {
    "action_time": "2022-09-27T12:26:40.605Z",
    "user": [
      "admin"
    ],
    "content_type": [
      "djangocms_slider",
      "slider"
    ],
    "object_id": "1",
    "object_repr": "1",
    "action_flag": 3,
    "change_message": ""
  }
},
{
  "model": "admin.logentry",
  "pk": 8,
  "fields": {
    "action_time": "2022-09-27T12:26:42.791Z",
    "user": [
      "admin"
    ],
    "content_type": [
      "cms",
      "page"
    ],
    "object_id": "1",
    "object_repr": "",
    "action_flag": 2,
    "change_message": ""
  }
},
{
  "model": "admin.logentry",
  "pk": 9,
  "fields": {
    "action_time": "2022-09-27T12:27:22.241Z",
    "user": [
      "admin"
    ],
    "content_type": [
      "cms",
      "page"
    ],
    "object_id": "1",
    "object_repr": "",
    "action_flag": 2,
    "change_message": ""
  }
},
{
  "model": "admin.logentry",
  "pk": 10,
  "fields": {
    "action_time": "2022-09-27T12:27:57.134Z",
    "user": [
      "admin"
    ],
    "content_type": [
      "cms",
      "page"
    ],
    "object_id": "3",
    "object_repr": " ",
    "action_flag": 2,
    "change_message": ""
  }
},
{
  "model": "admin.logentry",
  "pk": 11,
  "fields": {
    "action_time": "2022-09-27T12:32:20.484Z",
    "user": [
      "admin"
    ],
    "content_type": [
      "djangocms_slider",
      "slider"
    ],
    "object_id": "9",
    "object_repr": "9",
    "action_flag": 3,
    "change_message": ""
  }
},
{
  "model": "admin.logentry",
  "pk": 12,
  "fields": {
    "action_time": "2022-09-27T12:32:22.441Z",
    "user": [
      "admin"
    ],
    "content_type": [
      "cms",
      "page"
    ],
    "object_id": "1",
    "object_repr": "",
    "action_flag": 2,
    "change_message": ""
  }
},
{
  "model": "admin.logentry",
  "pk": 13,
  "fields": {
    "action_time": "2022-09-27T12:32:57.184Z",
    "user": [
      "admin"
    ],
    "content_type": [
      "cms",
      "page"
    ],
    "object_id": "1",
    "object_repr": "",
    "action_flag": 2,
    "change_message": ""
  }
},
{
  "model": "admin.logentry",
  "pk": 14,
  "fields": {
    "action_time": "2022-09-27T12:44:25.954Z",
    "user": [
      "admin"
    ],
    "content_type": [
      "cms",
      "page"
    ],
    "object_id": "1",
    "object_repr": "",
    "action_flag": 2,
    "change_message": ""
  }
},
{
  "model": "admin.logentry",
  "pk": 15,
  "fields": {
    "action_time": "2022-09-27T12:45:31.372Z",
    "user": [
      "admin"
    ],
    "content_type": [
      "cms",
      "page"
    ],
    "object_id": "1",
    "object_repr": "",
    "action_flag": 2,
    "change_message": ""
  }
},
{
  "model": "admin.logentry",
  "pk": 16,
  "fields": {
    "action_time": "2022-09-27T12:48:51.158Z",
    "user": [
      "admin"
    ],
    "content_type": [
      "djangocms_slider",
      "slider"
    ],
    "object_id": "11",
    "object_repr": "11",
    "action_flag": 3,
    "change_message": ""
  }
},
{
  "model": "admin.logentry",
  "pk": 17,
  "fields": {
    "action_time": "2022-09-27T12:48:53.577Z",
    "user": [
      "admin"
    ],
    "content_type": [
      "cms",
      "page"
    ],
    "object_id": "3",
    "object_repr": " ",
    "action_flag": 2,
    "change_message": ""
  }
},
{
  "model": "admin.logentry",
  "pk": 18,
  "fields": {
    "action_time": "2022-09-27T12:51:20.442Z",
    "user": [
      "admin"
    ],
    "content_type": [
      "cms",
      "page"
    ],
    "object_id": "1",
    "object_repr": "",
    "action_flag": 2,
    "change_message": ""
  }
},
{
  "model": "admin.logentry",
  "pk": 19,
  "fields": {
    "action_time": "2022-09-27T12:53:33.333Z",
    "user": [
      "admin"
    ],
    "content_type": [
      "cms",
      "page"
    ],
    "object_id": "3",
    "object_repr": " ",
    "action_flag": 2,
    "change_message": ""
  }
},
{
  "model": "admin.logentry",
  "pk": 20,
  "fields": {
    "action_time": "2022-09-27T12:56:11.088Z",
    "user": [
      "admin"
    ],
    "content_type": [
      "cms",
      "page"
    ],
    "object_id": "1",
    "object_repr": "",
    "action_flag": 2,
    "change_message": ""
  }
},
{
  "model": "admin.logentry",
  "pk": 21,
  "fields": {
    "action_time": "2022-09-27T12:56:36.495Z",
    "user": [
      "admin"
    ],
    "content_type": [
      "cms",
      "page"
    ],
    "object_id": "1",
    "object_repr": "",
    "action_flag": 2,
    "change_message": ""
  }
},
{
  "model": "admin.logentry",
  "pk": 22,
  "fields": {
    "action_time": "2022-09-27T13:00:31.502Z",
    "user": [
      "admin"
    ],
    "content_type": [
      "cms",
      "page"
    ],
    "object_id": "1",
    "object_repr": "",
    "action_flag": 2,
    "change_message": ""
  }
},
{
  "model": "admin.logentry",
  "pk": 23,
  "fields": {
    "action_time": "2022-09-27T13:02:41.322Z",
    "user": [
      "admin"
    ],
    "content_type": [
      "cms",
      "page"
    ],
    "object_id": "1",
    "object_repr": "",
    "action_flag": 2,
    "change_message": ""
  }
},
{
  "model": "admin.logentry",
  "pk": 24,
  "fields": {
    "action_time": "2022-09-27T13:45:21.142Z",
    "user": [
      "admin"
    ],
    "content_type": [
      "cms",
      "page"
    ],
    "object_id": "1",
    "object_repr": "",
    "action_flag": 2,
    "change_message": ""
  }
},
{
  "model": "admin.logentry",
  "pk": 25,
  "fields": {
    "action_time": "2022-09-27T13:45:52.430Z",
    "user": [
      "admin"
    ],
    "content_type": [
      "cms",
      "page"
    ],
    "object_id": "1",
    "object_repr": "",
    "action_flag": 2,
    "change_message": ""
  }
},
{
  "model": "admin.logentry",
  "pk": 26,
  "fields": {
    "action_time": "2022-09-27T18:50:12.974Z",
    "user": [
      "admin"
    ],
    "content_type": [
      "cms",
      "page"
    ],
    "object_id": "1",
    "object_repr": "",
    "action_flag": 2,
    "change_message": ""
  }
},
{
  "model": "admin.logentry",
  "pk": 27,
  "fields": {
    "action_time": "2022-09-27T19:35:06.496Z",
    "user": [
      "admin"
    ],
    "content_type": [
      "cms",
      "page"
    ],
    "object_id": "1",
    "object_repr": "",
    "action_flag": 2,
    "change_message": ""
  }
},
{
  "model": "admin.logentry",
  "pk": 28,
  "fields": {
    "action_time": "2022-09-27T19:45:11.662Z",
    "user": [
      "admin"
    ],
    "content_type": [
      "cms",
      "page"
    ],
    "object_id": "1",
    "object_repr": "",
    "action_flag": 2,
    "change_message": ""
  }
},
{
  "model": "admin.logentry",
  "pk": 29,
  "fields": {
    "action_time": "2022-09-27T19:46:12.479Z",
    "user": [
      "admin"
    ],
    "content_type": [
      "cms",
      "page"
    ],
    "object_id": "1",
    "object_repr": "",
    "action_flag": 2,
    "change_message": ""
  }
},
{
  "model": "admin.logentry",
  "pk": 30,
  "fields": {
    "action_time": "2022-09-28T08:09:28.716Z",
    "user": [
      "admin"
    ],
    "content_type": [
      "cms",
      "page"
    ],
    "object_id": "1",
    "object_repr": "",
    "action_flag": 2,
    "change_message": ""
  }
},
{
  "model": "admin.logentry",
  "pk": 31,
  "fields": {
    "action_time": "2022-09-28T08:09:49.433Z",
    "user": [
      "admin"
    ],
    "content_type": [
      "cms",
      "page"
    ],
    "object_id": "1",
    "object_repr": "",
    "action_flag": 2,
    "change_message": ""
  }
},
{
  "model": "admin.logentry",
  "pk": 32,
  "fields": {
    "action_time": "2022-09-28T08:11:04.171Z",
    "user": [
      "admin"
    ],
    "content_type": [
      "cms",
      "page"
    ],
    "object_id": "1",
    "object_repr": "",
    "action_flag": 2,
    "change_message": ""
  }
},
{
  "model": "admin.logentry",
  "pk": 33,
  "fields": {
    "action_time": "2022-09-28T08:16:51.328Z",
    "user": [
      "admin"
    ],
    "content_type": [
      "cms",
      "page"
    ],
    "object_id": "1",
    "object_repr": "",
    "action_flag": 2,
    "change_message": ""
  }
},
{
  "model": "admin.logentry",
  "pk": 34,
  "fields": {
    "action_time": "2022-09-28T08:45:46.994Z",
    "user": [
      "admin"
    ],
    "content_type": [
      "cms",
      "page"
    ],
    "object_id": "1",
    "object_repr": "",
    "action_flag": 2,
    "change_message": ""
  }
},
{
  "model": "admin.logentry",
  "pk": 35,
  "fields": {
    "action_time": "2022-09-28T08:47:09.330Z",
    "user": [
      "admin"
    ],
    "content_type": [
      "cms",
      "page"
    ],
    "object_id": "1",
    "object_repr": "",
    "action_flag": 2,
    "change_message": ""
  }
},
{
  "model": "admin.logentry",
  "pk": 36,
  "fields": {
    "action_time": "2022-09-28T12:03:25.085Z",
    "user": [
      "admin"
    ],
    "content_type": [
      "cms",
      "page"
    ],
    "object_id": "1",
    "object_repr": "",
    "action_flag": 2,
    "change_message": ""
  }
},
{
  "model": "admin.logentry",
  "pk": 37,
  "fields": {
    "action_time": "2022-09-28T12:04:30.498Z",
    "user": [
      "admin"
    ],
    "content_type": [
      "cms",
      "page"
    ],
    "object_id": "1",
    "object_repr": "",
    "action_flag": 2,
    "change_message": ""
  }
},
{
  "model": "admin.logentry",
  "pk": 38,
  "fields": {
    "action_time": "2022-09-28T12:04:56.252Z",
    "user": [
      "admin"
    ],
    "content_type": [
      "cms",
      "page"
    ],
    "object_id": "1",
    "object_repr": "",
    "action_flag": 2,
    "change_message": ""
  }
},
{
  "model": "admin.logentry",
  "pk": 39,
  "fields": {
    "action_time": "2022-09-28T12:05:16.471Z",
    "user": [
      "admin"
    ],
    "content_type": [
      "cms",
      "page"
    ],
    "object_id": "1",
    "object_repr": "",
    "action_flag": 2,
    "change_message": ""
  }
},
{
  "model": "admin.logentry",
  "pk": 40,
  "fields": {
    "action_time": "2022-09-28T12:10:05.972Z",
    "user": [
      "admin"
    ],
    "content_type": [
      "djangocms_snippet",
      "snippet"
    ],
    "object_id": "1",
    "object_repr": "Breadcrumbs",
    "action_flag": 1,
    "change_message": "[{\"added\": {}}]"
  }
},
{
  "model": "admin.logentry",
  "pk": 41,
  "fields": {
    "action_time": "2022-09-28T12:10:28.472Z",
    "user": [
      "admin"
    ],
    "content_type": [
      "cms",
      "page"
    ],
    "object_id": "3",
    "object_repr": " ",
    "action_flag": 2,
    "change_message": ""
  }
},
{
  "model": "admin.logentry",
  "pk": 42,
  "fields": {
    "action_time": "2022-09-28T12:13:06.745Z",
    "user": [
      "admin"
    ],
    "content_type": [
      "djangocms_slider",
      "slider"
    ],
    "object_id": "18",
    "object_repr": "18",
    "action_flag": 3,
    "change_message": ""
  }
},
{
  "model": "admin.logentry",
  "pk": 43,
  "fields": {
    "action_time": "2022-09-28T12:13:08.438Z",
    "user": [
      "admin"
    ],
    "content_type": [
      "cms",
      "page"
    ],
    "object_id": "3",
    "object_repr": " ",
    "action_flag": 2,
    "change_message": ""
  }
},
{
  "model": "admin.logentry",
  "pk": 44,
  "fields": {
    "action_time": "2022-09-28T13:09:55.978Z",
    "user": [
      "admin"
    ],
    "content_type": [
      "cms",
      "page"
    ],
    "object_id": "5",
    "object_repr": " ",
    "action_flag": 1,
    "change_message": "[{\"added\": {}}]"
  }
},
{
  "model": "admin.logentry",
  "pk": 45,
  "fields": {
    "action_time": "2022-09-28T13:14:03.106Z",
    "user": [
      "admin"
    ],
    "content_type": [
      "cms",
      "page"
    ],
    "object_id": "5",
    "object_repr": " ",
    "action_flag": 3,
    "change_message": ""
  }
},
{
  "model": "admin.logentry",
  "pk": 46,
  "fields": {
    "action_time": "2022-09-28T13:14:22.601Z",
    "user": [
      "admin"
    ],
    "content_type": [
      "cms",
      "page"
    ],
    "object_id": "6",
    "object_repr": " ",
    "action_flag": 1,
    "change_message": "[{\"added\": {}}]"
  }
},
{
  "model": "admin.logentry",
  "pk": 47,
  "fields": {
    "action_time": "2022-09-28T13:14:25.793Z",
    "user": [
      "admin"
    ],
    "content_type": [
      "cms",
      "page"
    ],
    "object_id": "6",
    "object_repr": " ",
    "action_flag": 2,
    "change_message": "[]"
  }
},
{
  "model": "admin.logentry",
  "pk": 48,
  "fields": {
    "action_time": "2022-09-28T13:14:33.831Z",
    "user": [
      "admin"
    ],
    "content_type": [
      "cms",
      "page"
    ],
    "object_id": "6",
    "object_repr": " ",
    "action_flag": 2,
    "change_message": ""
  }
},
{
  "model": "admin.logentry",
  "pk": 49,
  "fields": {
    "action_time": "2022-09-28T13:42:12.585Z",
    "user": [
      "admin"
    ],
    "content_type": [
      "cms",
      "page"
    ],
    "object_id": "8",
    "object_repr": "   ",
    "action_flag": 1,
    "change_message": "[{\"added\": {}}]"
  }
},
{
  "model": "admin.logentry",
  "pk": 50,
  "fields": {
    "action_time": "2022-09-28T13:51:53.178Z",
    "user": [
      "admin"
    ],
    "content_type": [
      "cms",
      "page"
    ],
    "object_id": "8",
    "object_repr": "   ",
    "action_flag": 2,
    "change_message": ""
  }
},
{
  "model": "admin.logentry",
  "pk": 51,
  "fields": {
    "action_time": "2022-09-30T07:00:50.492Z",
    "user": [
      "admin"
    ],
    "content_type": [
      "cms",
      "page"
    ],
    "object_id": "1",
    "object_repr": "",
    "action_flag": 2,
    "change_message": ""
  }
},
{
  "model": "admin.logentry",
  "pk": 52,
  "fields": {
    "action_time": "2022-09-30T07:12:08.006Z",
    "user": [
      "admin"
    ],
    "content_type": [
      "cms",
      "page"
    ],
    "object_id": "1",
    "object_repr": "",
    "action_flag": 2,
    "change_message": ""
  }
},
{
  "model": "admin.logentry",
  "pk": 53,
  "fields": {
    "action_time": "2022-09-30T07:19:05.310Z",
    "user": [
      "admin"
    ],
    "content_type": [
      "cms",
      "page"
    ],
    "object_id": "6",
    "object_repr": " ",
    "action_flag": 2,
    "change_message": ""
  }
},
{
  "model": "admin.logentry",
  "pk": 54,
  "fields": {
    "action_time": "2022-09-30T07:58:43.443Z",
    "user": [
      "admin"
    ],
    "content_type": [
      "djangocms_reviews",
      "review"
    ],
    "object_id": "1",
    "object_repr": " ",
    "action_flag": 1,
    "change_message": "[{\"added\": {}}]"
  }
},
{
  "model": "admin.logentry",
  "pk": 55,
  "fields": {
    "action_time": "2022-09-30T07:59:04.674Z",
    "user": [
      "admin"
    ],
    "content_type": [
      "djangocms_reviews",
      "review"
    ],
    "object_id": "2",
    "object_repr": " ",
    "action_flag": 1,
    "change_message": "[{\"added\": {}}]"
  }
},
{
  "model": "admin.logentry",
  "pk": 56,
  "fields": {
    "action_time": "2022-09-30T07:59:51.433Z",
    "user": [
      "admin"
    ],
    "content_type": [
      "djangocms_reviews",
      "review"
    ],
    "object_id": "3",
    "object_repr": " ",
    "action_flag": 1,
    "change_message": "[{\"added\": {}}]"
  }
},
{
  "model": "admin.logentry",
  "pk": 57,
  "fields": {
    "action_time": "2022-09-30T08:00:33.783Z",
    "user": [
      "admin"
    ],
    "content_type": [
      "djangocms_reviews",
      "review"
    ],
    "object_id": "4",
    "object_repr": " ",
    "action_flag": 1,
    "change_message": "[{\"added\": {}}]"
  }
},
{
  "model": "admin.logentry",
  "pk": 58,
  "fields": {
    "action_time": "2022-09-30T08:01:55.593Z",
    "user": [
      "admin"
    ],
    "content_type": [
      "cms",
      "page"
    ],
    "object_id": "1",
    "object_repr": "",
    "action_flag": 2,
    "change_message": ""
  }
},
{
  "model": "admin.logentry",
  "pk": 59,
  "fields": {
    "action_time": "2022-09-30T09:59:59.508Z",
    "user": [
      "admin"
    ],
    "content_type": [
      "cms",
      "page"
    ],
    "object_id": "1",
    "object_repr": "",
    "action_flag": 2,
    "change_message": ""
  }
},
{
  "model": "admin.logentry",
  "pk": 60,
  "fields": {
    "action_time": "2022-09-30T10:01:20.866Z",
    "user": [
      "admin"
    ],
    "content_type": [
      "cms",
      "page"
    ],
    "object_id": "1",
    "object_repr": "",
    "action_flag": 2,
    "change_message": ""
  }
},
{
  "model": "admin.logentry",
  "pk": 61,
  "fields": {
    "action_time": "2022-09-30T11:16:37.690Z",
    "user": [
      "admin"
    ],
    "content_type": [
      "cms",
      "page"
    ],
    "object_id": "1",
    "object_repr": "",
    "action_flag": 2,
    "change_message": ""
  }
},
{
  "model": "admin.logentry",
  "pk": 62,
  "fields": {
    "action_time": "2022-09-30T11:16:51.589Z",
    "user": [
      "admin"
    ],
    "content_type": [
      "cms",
      "page"
    ],
    "object_id": "1",
    "object_repr": "",
    "action_flag": 2,
    "change_message": ""
  }
},
{
  "model": "admin.logentry",
  "pk": 63,
  "fields": {
    "action_time": "2022-09-30T11:27:08.576Z",
    "user": [
      "admin"
    ],
    "content_type": [
      "cms",
      "page"
    ],
    "object_id": "1",
    "object_repr": "",
    "action_flag": 2,
    "change_message": ""
  }
},
{
  "model": "admin.logentry",
  "pk": 64,
  "fields": {
    "action_time": "2022-09-30T11:27:36.861Z",
    "user": [
      "admin"
    ],
    "content_type": [
      "cms",
      "page"
    ],
    "object_id": "1",
    "object_repr": "",
    "action_flag": 2,
    "change_message": ""
  }
},
{
  "model": "admin.logentry",
  "pk": 65,
  "fields": {
    "action_time": "2022-09-30T11:27:48.420Z",
    "user": [
      "admin"
    ],
    "content_type": [
      "cms",
      "page"
    ],
    "object_id": "1",
    "object_repr": "",
    "action_flag": 2,
    "change_message": ""
  }
},
{
  "model": "admin.logentry",
  "pk": 66,
  "fields": {
    "action_time": "2022-09-30T11:28:11.301Z",
    "user": [
      "admin"
    ],
    "content_type": [
      "cms",
      "page"
    ],
    "object_id": "1",
    "object_repr": "",
    "action_flag": 2,
    "change_message": ""
  }
},
{
  "model": "admin.logentry",
  "pk": 67,
  "fields": {
    "action_time": "2022-09-30T11:28:26.214Z",
    "user": [
      "admin"
    ],
    "content_type": [
      "cms",
      "page"
    ],
    "object_id": "1",
    "object_repr": "",
    "action_flag": 2,
    "change_message": ""
  }
},
{
  "model": "admin.logentry",
  "pk": 68,
  "fields": {
    "action_time": "2022-09-30T11:28:35.466Z",
    "user": [
      "admin"
    ],
    "content_type": [
      "djangocms_style",
      "style"
    ],
    "object_id": "80",
    "object_repr": "test",
    "action_flag": 3,
    "change_message": ""
  }
},
{
  "model": "admin.logentry",
  "pk": 69,
  "fields": {
    "action_time": "2022-09-30T11:28:37.330Z",
    "user": [
      "admin"
    ],
    "content_type": [
      "cms",
      "page"
    ],
    "object_id": "1",
    "object_repr": "",
    "action_flag": 2,
    "change_message": ""
  }
},
{
  "model": "admin.logentry",
  "pk": 70,
  "fields": {
    "action_time": "2022-09-30T11:47:11.280Z",
    "user": [
      "admin"
    ],
    "content_type": [
      "cms",
      "page"
    ],
    "object_id": "1",
    "object_repr": "",
    "action_flag": 2,
    "change_message": ""
  }
},
{
  "model": "admin.logentry",
  "pk": 71,
  "fields": {
    "action_time": "2022-09-30T11:49:34.712Z",
    "user": [
      "admin"
    ],
    "content_type": [
      "cms",
      "page"
    ],
    "object_id": "1",
    "object_repr": "",
    "action_flag": 2,
    "change_message": ""
  }
},
{
  "model": "admin.logentry",
  "pk": 72,
  "fields": {
    "action_time": "2022-09-30T12:09:52.072Z",
    "user": [
      "admin"
    ],
    "content_type": [
      "cms",
      "page"
    ],
    "object_id": "1",
    "object_repr": "",
    "action_flag": 2,
    "change_message": ""
  }
},
{
  "model": "admin.logentry",
  "pk": 73,
  "fields": {
    "action_time": "2022-09-30T12:10:10.915Z",
    "user": [
      "admin"
    ],
    "content_type": [
      "cms",
      "page"
    ],
    "object_id": "1",
    "object_repr": "",
    "action_flag": 2,
    "change_message": ""
  }
},
{
  "model": "admin.logentry",
  "pk": 74,
  "fields": {
    "action_time": "2022-09-30T12:23:26.330Z",
    "user": [
      "admin"
    ],
    "content_type": [
      "cms",
      "page"
    ],
    "object_id": "1",
    "object_repr": "",
    "action_flag": 2,
    "change_message": ""
  }
},
{
  "model": "admin.logentry",
  "pk": 75,
  "fields": {
    "action_time": "2022-09-30T13:15:04.858Z",
    "user": [
      "admin"
    ],
    "content_type": [
      "cms",
      "page"
    ],
    "object_id": "1",
    "object_repr": "",
    "action_flag": 2,
    "change_message": ""
  }
},
{
  "model": "admin.logentry",
  "pk": 76,
  "fields": {
    "action_time": "2022-09-30T13:15:22.556Z",
    "user": [
      "admin"
    ],
    "content_type": [
      "cms",
      "page"
    ],
    "object_id": "1",
    "object_repr": "",
    "action_flag": 2,
    "change_message": ""
  }
},
{
  "model": "admin.logentry",
  "pk": 77,
  "fields": {
    "action_time": "2022-09-30T13:15:50.475Z",
    "user": [
      "admin"
    ],
    "content_type": [
      "cms",
      "page"
    ],
    "object_id": "1",
    "object_repr": "",
    "action_flag": 2,
    "change_message": ""
  }
},
{
  "model": "admin.logentry",
  "pk": 78,
  "fields": {
    "action_time": "2022-09-30T13:19:42.125Z",
    "user": [
      "admin"
    ],
    "content_type": [
      "cms",
      "page"
    ],
    "object_id": "1",
    "object_repr": "",
    "action_flag": 2,
    "change_message": ""
  }
},
{
  "model": "admin.logentry",
  "pk": 79,
  "fields": {
    "action_time": "2022-09-30T13:20:14.175Z",
    "user": [
      "admin"
    ],
    "content_type": [
      "cms",
      "page"
    ],
    "object_id": "1",
    "object_repr": "",
    "action_flag": 2,
    "change_message": ""
  }
},
{
  "model": "admin.logentry",
  "pk": 80,
  "fields": {
    "action_time": "2022-10-01T07:41:15.428Z",
    "user": [
      "admin"
    ],
    "content_type": [
      "cms",
      "page"
    ],
    "object_id": "1",
    "object_repr": "",
    "action_flag": 2,
    "change_message": ""
  }
},
{
  "model": "admin.logentry",
  "pk": 81,
  "fields": {
    "action_time": "2022-10-01T07:41:35.300Z",
    "user": [
      "admin"
    ],
    "content_type": [
      "cms",
      "page"
    ],
    "object_id": "1",
    "object_repr": "",
    "action_flag": 2,
    "change_message": ""
  }
},
{
  "model": "admin.logentry",
  "pk": 82,
  "fields": {
    "action_time": "2022-10-01T07:44:37.720Z",
    "user": [
      "admin"
    ],
    "content_type": [
      "cms",
      "page"
    ],
    "object_id": "1",
    "object_repr": "",
    "action_flag": 2,
    "change_message": ""
  }
},
{
  "model": "admin.logentry",
  "pk": 83,
  "fields": {
    "action_time": "2022-10-01T07:46:09.959Z",
    "user": [
      "admin"
    ],
    "content_type": [
      "cms",
      "page"
    ],
    "object_id": "1",
    "object_repr": "",
    "action_flag": 2,
    "change_message": ""
  }
},
{
  "model": "admin.logentry",
  "pk": 84,
  "fields": {
    "action_time": "2022-10-01T07:50:11.191Z",
    "user": [
      "admin"
    ],
    "content_type": [
      "cms",
      "page"
    ],
    "object_id": "1",
    "object_repr": "",
    "action_flag": 2,
    "change_message": ""
  }
},
{
  "model": "admin.logentry",
  "pk": 85,
  "fields": {
    "action_time": "2022-10-01T07:50:31.333Z",
    "user": [
      "admin"
    ],
    "content_type": [
      "djangocms_snippet",
      "snippet"
    ],
    "object_id": "2",
    "object_repr": "test",
    "action_flag": 1,
    "change_message": "[{\"added\": {}}]"
  }
},
{
  "model": "admin.logentry",
  "pk": 86,
  "fields": {
    "action_time": "2022-10-01T07:50:34.932Z",
    "user": [
      "admin"
    ],
    "content_type": [
      "cms",
      "page"
    ],
    "object_id": "1",
    "object_repr": "",
    "action_flag": 2,
    "change_message": ""
  }
},
{
  "model": "admin.logentry",
  "pk": 87,
  "fields": {
    "action_time": "2022-10-01T07:52:31.108Z",
    "user": [
      "admin"
    ],
    "content_type": [
      "cms",
      "page"
    ],
    "object_id": "1",
    "object_repr": "",
    "action_flag": 2,
    "change_message": ""
  }
},
{
  "model": "admin.logentry",
  "pk": 88,
  "fields": {
    "action_time": "2022-10-01T07:53:25.187Z",
    "user": [
      "admin"
    ],
    "content_type": [
      "cms",
      "page"
    ],
    "object_id": "1",
    "object_repr": "",
    "action_flag": 2,
    "change_message": ""
  }
},
{
  "model": "admin.logentry",
  "pk": 89,
  "fields": {
    "action_time": "2022-10-01T07:54:00.973Z",
    "user": [
      "admin"
    ],
    "content_type": [
      "cms",
      "page"
    ],
    "object_id": "1",
    "object_repr": "",
    "action_flag": 2,
    "change_message": ""
  }
},
{
  "model": "admin.logentry",
  "pk": 90,
  "fields": {
    "action_time": "2022-10-01T08:09:11.378Z",
    "user": [
      "admin"
    ],
    "content_type": [
      "cms",
      "page"
    ],
    "object_id": "1",
    "object_repr": "",
    "action_flag": 2,
    "change_message": ""
  }
},
{
  "model": "admin.logentry",
  "pk": 91,
  "fields": {
    "action_time": "2022-10-01T08:12:29.756Z",
    "user": [
      "admin"
    ],
    "content_type": [
      "cms",
      "page"
    ],
    "object_id": "1",
    "object_repr": "",
    "action_flag": 2,
    "change_message": ""
  }
},
{
  "model": "admin.logentry",
  "pk": 92,
  "fields": {
    "action_time": "2022-10-01T08:12:49.584Z",
    "user": [
      "admin"
    ],
    "content_type": [
      "cms",
      "page"
    ],
    "object_id": "1",
    "object_repr": "",
    "action_flag": 2,
    "change_message": ""
  }
},
{
  "model": "admin.logentry",
  "pk": 93,
  "fields": {
    "action_time": "2022-10-01T08:13:41.500Z",
    "user": [
      "admin"
    ],
    "content_type": [
      "cms",
      "page"
    ],
    "object_id": "1",
    "object_repr": "",
    "action_flag": 2,
    "change_message": ""
  }
},
{
  "model": "admin.logentry",
  "pk": 94,
  "fields": {
    "action_time": "2022-10-01T08:22:20.463Z",
    "user": [
      "admin"
    ],
    "content_type": [
      "cms",
      "page"
    ],
    "object_id": "1",
    "object_repr": "",
    "action_flag": 2,
    "change_message": ""
  }
},
{
  "model": "admin.logentry",
  "pk": 95,
  "fields": {
    "action_time": "2022-10-01T08:22:53.927Z",
    "user": [
      "admin"
    ],
    "content_type": [
      "cms",
      "page"
    ],
    "object_id": "1",
    "object_repr": "",
    "action_flag": 2,
    "change_message": ""
  }
},
{
  "model": "admin.logentry",
  "pk": 96,
  "fields": {
    "action_time": "2022-10-01T08:28:56.506Z",
    "user": [
      "admin"
    ],
    "content_type": [
      "cms",
      "page"
    ],
    "object_id": "1",
    "object_repr": "",
    "action_flag": 2,
    "change_message": ""
  }
},
{
  "model": "admin.logentry",
  "pk": 97,
  "fields": {
    "action_time": "2022-10-01T08:31:46.107Z",
    "user": [
      "admin"
    ],
    "content_type": [
      "cms",
      "page"
    ],
    "object_id": "1",
    "object_repr": "",
    "action_flag": 2,
    "change_message": ""
  }
},
{
  "model": "admin.logentry",
  "pk": 98,
  "fields": {
    "action_time": "2022-10-01T08:32:08.376Z",
    "user": [
      "admin"
    ],
    "content_type": [
      "cms",
      "page"
    ],
    "object_id": "1",
    "object_repr": "",
    "action_flag": 2,
    "change_message": ""
  }
},
{
  "model": "admin.logentry",
  "pk": 99,
  "fields": {
    "action_time": "2022-10-01T08:32:37.844Z",
    "user": [
      "admin"
    ],
    "content_type": [
      "djangocms_snippet",
      "snippetptr"
    ],
    "object_id": "171",
    "object_repr": "test",
    "action_flag": 3,
    "change_message": ""
  }
},
{
  "model": "admin.logentry",
  "pk": 100,
  "fields": {
    "action_time": "2022-10-01T08:32:40.844Z",
    "user": [
      "admin"
    ],
    "content_type": [
      "cms",
      "page"
    ],
    "object_id": "1",
    "object_repr": "",
    "action_flag": 2,
    "change_message": ""
  }
},
{
  "model": "admin.logentry",
  "pk": 101,
  "fields": {
    "action_time": "2022-10-01T08:32:58.453Z",
    "user": [
      "admin"
    ],
    "content_type": [
      "djangocms_snippet",
      "snippet"
    ],
    "object_id": "2",
    "object_repr": "test",
    "action_flag": 3,
    "change_message": ""
  }
},
{
  "model": "admin.logentry",
  "pk": 102,
  "fields": {
    "action_time": "2022-10-01T08:33:26.884Z",
    "user": [
      "admin"
    ],
    "content_type": [
      "cms",
      "page"
    ],
    "object_id": "1",
    "object_repr": "",
    "action_flag": 2,
    "change_message": ""
  }
},
{
  "model": "admin.logentry",
  "pk": 103,
  "fields": {
    "action_time": "2022-10-01T08:39:22.562Z",
    "user": [
      "admin"
    ],
    "content_type": [
      "cms",
      "page"
    ],
    "object_id": "1",
    "object_repr": "",
    "action_flag": 2,
    "change_message": ""
  }
},
{
  "model": "admin.logentry",
  "pk": 104,
  "fields": {
    "action_time": "2022-10-01T08:50:40.565Z",
    "user": [
      "admin"
    ],
    "content_type": [
      "cms",
      "page"
    ],
    "object_id": "1",
    "object_repr": "",
    "action_flag": 2,
    "change_message": ""
  }
},
{
  "model": "admin.logentry",
  "pk": 105,
  "fields": {
    "action_time": "2022-10-01T08:51:18.840Z",
    "user": [
      "admin"
    ],
    "content_type": [
      "cms",
      "page"
    ],
    "object_id": "1",
    "object_repr": "",
    "action_flag": 2,
    "change_message": ""
  }
},
{
  "model": "admin.logentry",
  "pk": 106,
  "fields": {
    "action_time": "2022-10-01T08:54:20.089Z",
    "user": [
      "admin"
    ],
    "content_type": [
      "cms",
      "page"
    ],
    "object_id": "1",
    "object_repr": "",
    "action_flag": 2,
    "change_message": ""
  }
},
{
  "model": "admin.logentry",
  "pk": 107,
  "fields": {
    "action_time": "2022-10-01T08:54:48.155Z",
    "user": [
      "admin"
    ],
    "content_type": [
      "cms",
      "page"
    ],
    "object_id": "1",
    "object_repr": "",
    "action_flag": 2,
    "change_message": ""
  }
},
{
  "model": "admin.logentry",
  "pk": 108,
  "fields": {
    "action_time": "2022-10-01T08:55:21.259Z",
    "user": [
      "admin"
    ],
    "content_type": [
      "cms",
      "page"
    ],
    "object_id": "1",
    "object_repr": "",
    "action_flag": 2,
    "change_message": ""
  }
},
{
  "model": "admin.logentry",
  "pk": 109,
  "fields": {
    "action_time": "2022-10-01T08:55:33.681Z",
    "user": [
      "admin"
    ],
    "content_type": [
      "cms",
      "page"
    ],
    "object_id": "1",
    "object_repr": "",
    "action_flag": 2,
    "change_message": ""
  }
},
{
  "model": "admin.logentry",
  "pk": 110,
  "fields": {
    "action_time": "2022-10-03T12:14:45.863Z",
    "user": [
      "admin"
    ],
    "content_type": [
      "background_section",
      "backgroundsection"
    ],
    "object_id": "260",
    "object_repr": "",
    "action_flag": 3,
    "change_message": ""
  }
},
{
  "model": "admin.logentry",
  "pk": 111,
  "fields": {
    "action_time": "2022-10-03T12:14:47.584Z",
    "user": [
      "admin"
    ],
    "content_type": [
      "cms",
      "page"
    ],
    "object_id": "1",
    "object_repr": "",
    "action_flag": 2,
    "change_message": ""
  }
},
{
  "model": "admin.logentry",
  "pk": 112,
  "fields": {
    "action_time": "2022-10-03T12:35:35.721Z",
    "user": [
      "admin"
    ],
    "content_type": [
      "cms",
      "page"
    ],
    "object_id": "1",
    "object_repr": "",
    "action_flag": 2,
    "change_message": ""
  }
},
{
  "model": "admin.logentry",
  "pk": 113,
  "fields": {
    "action_time": "2022-10-03T12:35:48.176Z",
    "user": [
      "admin"
    ],
    "content_type": [
      "cms",
      "page"
    ],
    "object_id": "1",
    "object_repr": "",
    "action_flag": 2,
    "change_message": ""
  }
},
{
  "model": "admin.logentry",
  "pk": 114,
  "fields": {
    "action_time": "2022-10-03T12:52:23.130Z",
    "user": [
      "admin"
    ],
    "content_type": [
      "cms",
      "page"
    ],
    "object_id": "1",
    "object_repr": "",
    "action_flag": 2,
    "change_message": ""
  }
},
{
  "model": "admin.logentry",
  "pk": 115,
  "fields": {
    "action_time": "2022-10-03T12:52:40.118Z",
    "user": [
      "admin"
    ],
    "content_type": [
      "cms",
      "page"
    ],
    "object_id": "1",
    "object_repr": "",
    "action_flag": 2,
    "change_message": ""
  }
},
{
  "model": "admin.logentry",
  "pk": 116,
  "fields": {
    "action_time": "2022-10-03T12:54:26.214Z",
    "user": [
      "admin"
    ],
    "content_type": [
      "cms",
      "page"
    ],
    "object_id": "1",
    "object_repr": "",
    "action_flag": 2,
    "change_message": ""
  }
},
{
  "model": "admin.logentry",
  "pk": 117,
  "fields": {
    "action_time": "2022-10-05T06:51:40.485Z",
    "user": [
      "admin"
    ],
    "content_type": [
      "cms",
      "page"
    ],
    "object_id": "10",
    "object_repr": "",
    "action_flag": 1,
    "change_message": "[{\"added\": {}}]"
  }
},
{
  "model": "admin.logentry",
  "pk": 118,
  "fields": {
    "action_time": "2022-10-05T06:52:17.548Z",
    "user": [
      "admin"
    ],
    "content_type": [
      "cms",
      "page"
    ],
    "object_id": "10",
    "object_repr": "",
    "action_flag": 2,
    "change_message": "[{\"changed\": {\"fields\": [\"Application\", \"Application instance name\", \"X Frame Options\"]}}]"
  }
},
{
  "model": "admin.logentry",
  "pk": 119,
  "fields": {
    "action_time": "2022-10-05T06:52:46.946Z",
    "user": [
      "admin"
    ],
    "content_type": [
      "cms",
      "page"
    ],
    "object_id": "10",
    "object_repr": "",
    "action_flag": 2,
    "change_message": "[{\"changed\": {\"fields\": [\"Slug\"]}}]"
  }
},
{
  "model": "admin.logentry",
  "pk": 120,
  "fields": {
    "action_time": "2022-10-05T06:53:04.912Z",
    "user": [
      "admin"
    ],
    "content_type": [
      "cms",
      "page"
    ],
    "object_id": "10",
    "object_repr": "",
    "action_flag": 2,
    "change_message": ""
  }
},
{
  "model": "admin.logentry",
  "pk": 121,
  "fields": {
    "action_time": "2022-10-05T07:35:12.971Z",
    "user": [
      "admin"
    ],
    "content_type": [
      "cms",
      "page"
    ],
    "object_id": "10",
    "object_repr": "",
    "action_flag": 2,
    "change_message": ""
  }
},
{
  "model": "admin.logentry",
  "pk": 122,
  "fields": {
    "action_time": "2022-10-05T08:22:40.898Z",
    "user": [
      "admin"
    ],
    "content_type": [
      "attractions",
      "attraction"
    ],
    "object_id": "1",
    "object_repr": "Attraction object (1)",
    "action_flag": 1,
    "change_message": "[{\"added\": {}}, {\"added\": {\"name\": \"photo attraction\", \"object\": \"PhotoAttraction object (1)\"}}, {\"added\": {\"name\": \"photo attraction\", \"object\": \"PhotoAttraction object (2)\"}}]"
  }
},
{
  "model": "admin.logentry",
  "pk": 123,
  "fields": {
    "action_time": "2022-10-05T08:28:55.129Z",
    "user": [
      "admin"
    ],
    "content_type": [
      "attractions",
      "attraction"
    ],
    "object_id": "2",
    "object_repr": "Attraction object (2)",
    "action_flag": 1,
    "change_message": "[{\"added\": {}}, {\"added\": {\"name\": \"photo attraction\", \"object\": \"PhotoAttraction object (3)\"}}, {\"added\": {\"name\": \"photo attraction\", \"object\": \"PhotoAttraction object (4)\"}}]"
  }
},
{
  "model": "admin.logentry",
  "pk": 124,
  "fields": {
    "action_time": "2022-10-05T08:29:59.219Z",
    "user": [
      "admin"
    ],
    "content_type": [
      "attractions",
      "attraction"
    ],
    "object_id": "1",
    "object_repr": "Attraction object (1)",
    "action_flag": 2,
    "change_message": "[{\"changed\": {\"name\": \"photo attraction\", \"object\": \"PhotoAttraction object (2)\", \"fields\": [\"\\u0424\\u043e\\u0442\\u043e\"]}}]"
  }
},
{
  "model": "admin.logentry",
  "pk": 125,
  "fields": {
    "action_time": "2022-10-05T11:40:04.456Z",
    "user": [
      "admin"
    ],
    "content_type": [
      "attractions",
      "attraction"
    ],
    "object_id": "2",
    "object_repr": "Attraction object (2)",
    "action_flag": 2,
    "change_message": "[{\"changed\": {\"fields\": [\"\\u041e\\u043f\\u0438\\u0441\\u0430\\u043d\\u0438\\u0435\"]}}, {\"added\": {\"name\": \"photo\", \"object\": \"Photo object (5)\"}}, {\"added\": {\"name\": \"photo\", \"object\": \"Photo object (6)\"}}]"
  }
},
{
  "model": "admin.logentry",
  "pk": 126,
  "fields": {
    "action_time": "2022-10-05T12:01:45.441Z",
    "user": [
      "admin"
    ],
    "content_type": [
      "attractions",
      "attraction"
    ],
    "object_id": "2",
    "object_repr": "Attraction object (2)",
    "action_flag": 2,
    "change_message": "[{\"changed\": {\"fields\": [\"\\u041e\\u043f\\u0438\\u0441\\u0430\\u043d\\u0438\\u0435\"]}}, {\"deleted\": {\"name\": \"photo\", \"object\": \"Photo object (None)\"}}]"
  }
},
{
  "model": "admin.logentry",
  "pk": 127,
  "fields": {
    "action_time": "2022-10-05T13:47:00.717Z",
    "user": [
      "admin"
    ],
    "content_type": [
      "cms",
      "page"
    ],
    "object_id": "10",
    "object_repr": "",
    "action_flag": 2,
    "change_message": "[{\"changed\": {\"fields\": [\"Attached menu\", \"X Frame Options\"]}}]"
  }
},
{
  "model": "admin.logentry",
  "pk": 128,
  "fields": {
    "action_time": "2022-10-05T13:47:03.448Z",
    "user": [
      "admin"
    ],
    "content_type": [
      "cms",
      "page"
    ],
    "object_id": "10",
    "object_repr": "",
    "action_flag": 2,
    "change_message": ""
  }
},
{
  "model": "admin.logentry",
  "pk": 129,
  "fields": {
    "action_time": "2022-10-05T15:57:18.777Z",
    "user": [
      "admin"
    ],
    "content_type": [
      "cms",
      "page"
    ],
    "object_id": "10",
    "object_repr": "",
    "action_flag": 2,
    "change_message": "[{\"changed\": {\"fields\": [\"Soft root\", \"X Frame Options\"]}}]"
  }
},
{
  "model": "admin.logentry",
  "pk": 130,
  "fields": {
    "action_time": "2022-10-05T15:57:32.748Z",
    "user": [
      "admin"
    ],
    "content_type": [
      "cms",
      "page"
    ],
    "object_id": "10",
    "object_repr": "",
    "action_flag": 2,
    "change_message": ""
  }
},
{
  "model": "admin.logentry",
  "pk": 131,
  "fields": {
    "action_time": "2022-10-05T15:57:47.464Z",
    "user": [
      "admin"
    ],
    "content_type": [
      "cms",
      "page"
    ],
    "object_id": "10",
    "object_repr": "",
    "action_flag": 2,
    "change_message": "[{\"changed\": {\"fields\": [\"Soft root\", \"X Frame Options\"]}}]"
  }
},
{
  "model": "admin.logentry",
  "pk": 132,
  "fields": {
    "action_time": "2022-10-05T15:57:51.278Z",
    "user": [
      "admin"
    ],
    "content_type": [
      "cms",
      "page"
    ],
    "object_id": "10",
    "object_repr": "",
    "action_flag": 2,
    "change_message": ""
  }
},
{
  "model": "admin.logentry",
  "pk": 133,
  "fields": {
    "action_time": "2022-10-06T07:55:49.058Z",
    "user": [
      "admin"
    ],
    "content_type": [
      "attractions",
      "attraction"
    ],
    "object_id": "1",
    "object_repr": "Attraction object (1)",
    "action_flag": 2,
    "change_message": "[{\"changed\": {\"fields\": [\"\\u041e\\u043f\\u0438\\u0441\\u0430\\u043d\\u0438\\u0435\"]}}]"
  }
},
{
  "model": "admin.logentry",
  "pk": 134,
  "fields": {
    "action_time": "2022-10-06T07:58:46.116Z",
    "user": [
      "admin"
    ],
    "content_type": [
      "attractions",
      "attraction"
    ],
    "object_id": "2",
    "object_repr": "",
    "action_flag": 2,
    "change_message": "[{\"changed\": {\"fields\": [\"\\u041e\\u043f\\u0438\\u0441\\u0430\\u043d\\u0438\\u0435\"]}}]"
  }
},
{
  "model": "admin.logentry",
  "pk": 135,
  "fields": {
    "action_time": "2022-10-06T08:16:29.399Z",
    "user": [
      "admin"
    ],
    "content_type": [
      "cms",
      "page"
    ],
    "object_id": "1",
    "object_repr": "",
    "action_flag": 2,
    "change_message": ""
  }
},
{
  "model": "admin.logentry",
  "pk": 136,
  "fields": {
    "action_time": "2022-10-06T08:41:08.571Z",
    "user": [
      "admin"
    ],
    "content_type": [
      "cms",
      "page"
    ],
    "object_id": "1",
    "object_repr": "",
    "action_flag": 2,
    "change_message": ""
  }
},
{
  "model": "admin.logentry",
  "pk": 137,
  "fields": {
    "action_time": "2022-10-06T09:00:38.769Z",
    "user": [
      "admin"
    ],
    "content_type": [
      "cms",
      "page"
    ],
    "object_id": "1",
    "object_repr": "",
    "action_flag": 2,
    "change_message": ""
  }
},
{
  "model": "admin.logentry",
  "pk": 138,
  "fields": {
    "action_time": "2022-10-06T09:03:26.646Z",
    "user": [
      "admin"
    ],
    "content_type": [
      "attractions",
      "attraction"
    ],
    "object_id": "3",
    "object_repr": "",
    "action_flag": 1,
    "change_message": "[{\"added\": {}}]"
  }
},
{
  "model": "admin.logentry",
  "pk": 139,
  "fields": {
    "action_time": "2022-10-06T09:05:30.689Z",
    "user": [
      "admin"
    ],
    "content_type": [
      "attractions",
      "attraction"
    ],
    "object_id": "4",
    "object_repr": " ",
    "action_flag": 1,
    "change_message": "[{\"added\": {}}]"
  }
},
{
  "model": "admin.logentry",
  "pk": 140,
  "fields": {
    "action_time": "2022-10-06T09:18:46.226Z",
    "user": [
      "admin"
    ],
    "content_type": [
      "cms",
      "page"
    ],
    "object_id": "1",
    "object_repr": "",
    "action_flag": 2,
    "change_message": ""
  }
},
{
  "model": "admin.logentry",
  "pk": 141,
  "fields": {
    "action_time": "2022-10-06T09:25:47.030Z",
    "user": [
      "admin"
    ],
    "content_type": [
      "cms",
      "page"
    ],
    "object_id": "1",
    "object_repr": "",
    "action_flag": 2,
    "change_message": ""
  }
},
{
  "model": "admin.logentry",
  "pk": 142,
  "fields": {
    "action_time": "2022-10-06T09:26:07.971Z",
    "user": [
      "admin"
    ],
    "content_type": [
      "cms",
      "page"
    ],
    "object_id": "1",
    "object_repr": "",
    "action_flag": 2,
    "change_message": ""
  }
},
{
  "model": "admin.logentry",
  "pk": 143,
  "fields": {
    "action_time": "2022-10-06T11:27:17.879Z",
    "user": [
      "admin"
    ],
    "content_type": [
      "filer",
      "folder"
    ],
    "object_id": "1",
    "object_repr": "/",
    "action_flag": 2,
    "change_message": "[]"
  }
},
{
  "model": "admin.logentry",
  "pk": 144,
  "fields": {
    "action_time": "2022-10-06T11:28:26.689Z",
    "user": [
      "admin"
    ],
    "content_type": [
      "filer",
      "folder"
    ],
    "object_id": "1",
    "object_repr": "/gallery",
    "action_flag": 2,
    "change_message": "[{\"changed\": {\"fields\": [\"Name\"]}}]"
  }
},
{
  "model": "admin.logentry",
  "pk": 145,
  "fields": {
    "action_time": "2022-10-06T11:29:45.769Z",
    "user": [
      "admin"
    ],
    "content_type": [
      "cms",
      "page"
    ],
    "object_id": "1",
    "object_repr": "",
    "action_flag": 2,
    "change_message": ""
  }
},
{
  "model": "admin.logentry",
  "pk": 146,
  "fields": {
    "action_time": "2022-10-06T11:33:51.265Z",
    "user": [
      "admin"
    ],
    "content_type": [
      "cms",
      "page"
    ],
    "object_id": "1",
    "object_repr": "",
    "action_flag": 2,
    "change_message": ""
  }
},
{
  "model": "admin.logentry",
  "pk": 147,
  "fields": {
    "action_time": "2022-10-06T11:44:25.581Z",
    "user": [
      "admin"
    ],
    "content_type": [
      "cms",
      "page"
    ],
    "object_id": "1",
    "object_repr": "",
    "action_flag": 2,
    "change_message": ""
  }
},
{
  "model": "admin.logentry",
  "pk": 148,
  "fields": {
    "action_time": "2022-10-06T11:46:14.714Z",
    "user": [
      "admin"
    ],
    "content_type": [
      "cms",
      "page"
    ],
    "object_id": "1",
    "object_repr": "",
    "action_flag": 2,
    "change_message": ""
  }
},
{
  "model": "admin.logentry",
  "pk": 149,
  "fields": {
    "action_time": "2022-10-06T11:46:39.065Z",
    "user": [
      "admin"
    ],
    "content_type": [
      "cms",
      "page"
    ],
    "object_id": "1",
    "object_repr": "",
    "action_flag": 2,
    "change_message": ""
  }
},
{
  "model": "admin.logentry",
  "pk": 150,
  "fields": {
    "action_time": "2022-10-06T12:08:45.523Z",
    "user": [
      "admin"
    ],
    "content_type": [
      "cms",
      "page"
    ],
    "object_id": "1",
    "object_repr": "",
    "action_flag": 2,
    "change_message": ""
  }
},
{
  "model": "admin.logentry",
  "pk": 151,
  "fields": {
    "action_time": "2022-10-06T12:10:28.179Z",
    "user": [
      "admin"
    ],
    "content_type": [
      "cms",
      "page"
    ],
    "object_id": "1",
    "object_repr": "",
    "action_flag": 2,
    "change_message": ""
  }
},
{
  "model": "admin.logentry",
  "pk": 152,
  "fields": {
    "action_time": "2022-10-06T12:12:07.026Z",
    "user": [
      "admin"
    ],
    "content_type": [
      "cms",
      "page"
    ],
    "object_id": "1",
    "object_repr": "",
    "action_flag": 2,
    "change_message": ""
  }
},
{
  "model": "admin.logentry",
  "pk": 153,
  "fields": {
    "action_time": "2022-10-06T12:14:37.405Z",
    "user": [
      "admin"
    ],
    "content_type": [
      "cms",
      "page"
    ],
    "object_id": "1",
    "object_repr": "",
    "action_flag": 2,
    "change_message": ""
  }
},
{
  "model": "admin.logentry",
  "pk": 154,
  "fields": {
    "action_time": "2022-10-06T12:14:57.706Z",
    "user": [
      "admin"
    ],
    "content_type": [
      "cms",
      "page"
    ],
    "object_id": "1",
    "object_repr": "",
    "action_flag": 2,
    "change_message": ""
  }
},
{
  "model": "admin.logentry",
  "pk": 155,
  "fields": {
    "action_time": "2022-10-06T12:15:31.032Z",
    "user": [
      "admin"
    ],
    "content_type": [
      "cms",
      "page"
    ],
    "object_id": "1",
    "object_repr": "",
    "action_flag": 2,
    "change_message": ""
  }
},
{
  "model": "admin.logentry",
  "pk": 156,
  "fields": {
    "action_time": "2022-10-06T12:51:57.711Z",
    "user": [
      "admin"
    ],
    "content_type": [
      "cms",
      "page"
    ],
    "object_id": "1",
    "object_repr": "",
    "action_flag": 2,
    "change_message": ""
  }
},
{
  "model": "admin.logentry",
  "pk": 157,
  "fields": {
    "action_time": "2022-10-06T12:58:56.856Z",
    "user": [
      "admin"
    ],
    "content_type": [
      "cms",
      "page"
    ],
    "object_id": "1",
    "object_repr": "",
    "action_flag": 2,
    "change_message": ""
  }
},
{
  "model": "admin.logentry",
  "pk": 158,
  "fields": {
    "action_time": "2022-10-06T12:59:20.007Z",
    "user": [
      "admin"
    ],
    "content_type": [
      "cms",
      "page"
    ],
    "object_id": "1",
    "object_repr": "",
    "action_flag": 2,
    "change_message": ""
  }
},
{
  "model": "admin.logentry",
  "pk": 159,
  "fields": {
    "action_time": "2022-10-06T13:00:13.152Z",
    "user": [
      "admin"
    ],
    "content_type": [
      "cms",
      "page"
    ],
    "object_id": "1",
    "object_repr": "",
    "action_flag": 2,
    "change_message": ""
  }
},
{
  "model": "admin.logentry",
  "pk": 160,
  "fields": {
    "action_time": "2022-10-06T13:00:54.260Z",
    "user": [
      "admin"
    ],
    "content_type": [
      "cms",
      "page"
    ],
    "object_id": "1",
    "object_repr": "",
    "action_flag": 2,
    "change_message": ""
  }
},
{
  "model": "admin.logentry",
  "pk": 161,
  "fields": {
    "action_time": "2022-10-06T13:02:22.490Z",
    "user": [
      "admin"
    ],
    "content_type": [
      "cms",
      "page"
    ],
    "object_id": "1",
    "object_repr": "",
    "action_flag": 2,
    "change_message": ""
  }
},
{
  "model": "admin.logentry",
  "pk": 162,
  "fields": {
    "action_time": "2022-10-06T13:03:45.658Z",
    "user": [
      "admin"
    ],
    "content_type": [
      "cms",
      "page"
    ],
    "object_id": "1",
    "object_repr": "",
    "action_flag": 2,
    "change_message": ""
  }
},
{
  "model": "admin.logentry",
  "pk": 163,
  "fields": {
    "action_time": "2022-10-06T13:04:34.207Z",
    "user": [
      "admin"
    ],
    "content_type": [
      "cms",
      "page"
    ],
    "object_id": "1",
    "object_repr": "",
    "action_flag": 2,
    "change_message": ""
  }
},
{
  "model": "admin.logentry",
  "pk": 164,
  "fields": {
    "action_time": "2022-10-06T13:12:11.424Z",
    "user": [
      "admin"
    ],
    "content_type": [
      "cms",
      "page"
    ],
    "object_id": "12",
    "object_repr": "",
    "action_flag": 1,
    "change_message": "[{\"added\": {}}]"
  }
},
{
  "model": "admin.logentry",
  "pk": 165,
  "fields": {
    "action_time": "2022-10-06T13:12:49.778Z",
    "user": [
      "admin"
    ],
    "content_type": [
      "cms",
      "page"
    ],
    "object_id": "12",
    "object_repr": "",
    "action_flag": 2,
    "change_message": ""
  }
},
{
  "model": "admin.logentry",
  "pk": 166,
  "fields": {
    "action_time": "2022-10-06T13:14:02.356Z",
    "user": [
      "admin"
    ],
    "content_type": [
      "cms",
      "page"
    ],
    "object_id": "12",
    "object_repr": "",
    "action_flag": 2,
    "change_message": ""
  }
},
{
  "model": "admin.logentry",
  "pk": 167,
  "fields": {
    "action_time": "2022-10-06T13:15:27.205Z",
    "user": [
      "admin"
    ],
    "content_type": [
      "cms",
      "page"
    ],
    "object_id": "1",
    "object_repr": "",
    "action_flag": 2,
    "change_message": ""
  }
},
{
  "model": "admin.logentry",
  "pk": 168,
  "fields": {
    "action_time": "2022-10-06T13:15:40.405Z",
    "user": [
      "admin"
    ],
    "content_type": [
      "cms",
      "page"
    ],
    "object_id": "12",
    "object_repr": "",
    "action_flag": 2,
    "change_message": ""
  }
},
{
  "model": "admin.logentry",
  "pk": 169,
  "fields": {
    "action_time": "2022-10-06T13:19:27.195Z",
    "user": [
      "admin"
    ],
    "content_type": [
      "cms",
      "page"
    ],
    "object_id": "1",
    "object_repr": "",
    "action_flag": 2,
    "change_message": ""
  }
},
{
  "model": "admin.logentry",
  "pk": 170,
  "fields": {
    "action_time": "2022-10-06T13:21:29.049Z",
    "user": [
      "admin"
    ],
    "content_type": [
      "cms",
      "page"
    ],
    "object_id": "1",
    "object_repr": "",
    "action_flag": 2,
    "change_message": ""
  }
},
{
  "model": "admin.logentry",
  "pk": 171,
  "fields": {
    "action_time": "2022-10-06T13:22:18.818Z",
    "user": [
      "admin"
    ],
    "content_type": [
      "cms",
      "page"
    ],
    "object_id": "1",
    "object_repr": "",
    "action_flag": 2,
    "change_message": ""
  }
},
{
  "model": "admin.logentry",
  "pk": 172,
  "fields": {
    "action_time": "2022-10-06T13:25:52.271Z",
    "user": [
      "admin"
    ],
    "content_type": [
      "cms",
      "page"
    ],
    "object_id": "12",
    "object_repr": "",
    "action_flag": 2,
    "change_message": ""
  }
},
{
  "model": "admin.logentry",
  "pk": 173,
  "fields": {
    "action_time": "2022-10-06T13:26:02.862Z",
    "user": [
      "admin"
    ],
    "content_type": [
      "cms",
      "page"
    ],
    "object_id": "12",
    "object_repr": "",
    "action_flag": 2,
    "change_message": ""
  }
},
{
  "model": "admin.logentry",
  "pk": 174,
  "fields": {
    "action_time": "2022-10-06T13:26:44.258Z",
    "user": [
      "admin"
    ],
    "content_type": [
      "cms",
      "page"
    ],
    "object_id": "12",
    "object_repr": "",
    "action_flag": 2,
    "change_message": ""
  }
},
{
  "model": "admin.logentry",
  "pk": 175,
  "fields": {
    "action_time": "2022-10-06T13:26:57.988Z",
    "user": [
      "admin"
    ],
    "content_type": [
      "cms",
      "page"
    ],
    "object_id": "12",
    "object_repr": "",
    "action_flag": 2,
    "change_message": ""
  }
},
{
  "model": "admin.logentry",
  "pk": 176,
  "fields": {
    "action_time": "2022-10-10T05:54:24.850Z",
    "user": [
      "admin"
    ],
    "content_type": [
      "cms",
      "page"
    ],
    "object_id": "1",
    "object_repr": "",
    "action_flag": 2,
    "change_message": ""
  }
},
{
  "model": "admin.logentry",
  "pk": 177,
  "fields": {
    "action_time": "2022-10-10T05:55:03.283Z",
    "user": [
      "admin"
    ],
    "content_type": [
      "cms",
      "page"
    ],
    "object_id": "1",
    "object_repr": "",
    "action_flag": 2,
    "change_message": ""
  }
},
{
  "model": "admin.logentry",
  "pk": 178,
  "fields": {
    "action_time": "2022-10-10T06:54:32.209Z",
    "user": [
      "admin"
    ],
    "content_type": [
      "cms",
      "page"
    ],
    "object_id": "16",
    "object_repr": "",
    "action_flag": 1,
    "change_message": "[{\"added\": {}}]"
  }
},
{
  "model": "admin.logentry",
  "pk": 179,
  "fields": {
    "action_time": "2022-10-10T06:56:51.549Z",
    "user": [
      "admin"
    ],
    "content_type": [
      "djangocms_blog",
      "blogconfig"
    ],
    "object_id": "2",
    "object_repr": " / news",
    "action_flag": 1,
    "change_message": "[{\"added\": {}}]"
  }
},
{
  "model": "admin.logentry",
  "pk": 180,
  "fields": {
    "action_time": "2022-10-10T06:57:04.086Z",
    "user": [
      "admin"
    ],
    "content_type": [
      "cms",
      "page"
    ],
    "object_id": "16",
    "object_repr": "",
    "action_flag": 2,
    "change_message": "[{\"changed\": {\"fields\": [\"Application\", \"Application instance name\", \"Application configurations\", \"X Frame Options\"]}}]"
  }
},
{
  "model": "admin.logentry",
  "pk": 181,
  "fields": {
    "action_time": "2022-10-10T06:57:10.972Z",
    "user": [
      "admin"
    ],
    "content_type": [
      "cms",
      "page"
    ],
    "object_id": "16",
    "object_repr": "",
    "action_flag": 2,
    "change_message": ""
  }
},
{
  "model": "admin.logentry",
  "pk": 182,
  "fields": {
    "action_time": "2022-10-10T06:59:11.154Z",
    "user": [
      "admin"
    ],
    "content_type": [
      "cms",
      "page"
    ],
    "object_id": "16",
    "object_repr": "",
    "action_flag": 2,
    "change_message": "[{\"changed\": {\"fields\": [\"Application configurations\", \"X Frame Options\"]}}]"
  }
},
{
  "model": "admin.logentry",
  "pk": 183,
  "fields": {
    "action_time": "2022-10-10T07:00:03.967Z",
    "user": [
      "admin"
    ],
    "content_type": [
      "cms",
      "page"
    ],
    "object_id": "16",
    "object_repr": "",
    "action_flag": 2,
    "change_message": ""
  }
},
{
  "model": "admin.logentry",
  "pk": 184,
  "fields": {
    "action_time": "2022-10-10T07:01:52.882Z",
    "user": [
      "admin"
    ],
    "content_type": [
      "djangocms_blog",
      "blogconfig"
    ],
    "object_id": "1",
    "object_repr": " / Blog",
    "action_flag": 3,
    "change_message": ""
  }
},
{
  "model": "admin.logentry",
  "pk": 185,
  "fields": {
    "action_time": "2022-10-10T07:02:05.875Z",
    "user": [
      "admin"
    ],
    "content_type": [
      "djangocms_blog",
      "blogconfig"
    ],
    "object_id": "2",
    "object_repr": " / news",
    "action_flag": 2,
    "change_message": "[{\"changed\": {\"fields\": [\"config.default_published\", \"config.paginate_by\"]}}]"
  }
},
{
  "model": "admin.logentry",
  "pk": 186,
  "fields": {
    "action_time": "2022-10-10T07:04:25.706Z",
    "user": [
      "admin"
    ],
    "content_type": [
      "djangocms_blog",
      "post"
    ],
    "object_id": "1",
    "object_repr": " ",
    "action_flag": 1,
    "change_message": "[{\"added\": {}}]"
  }
},
{
  "model": "admin.logentry",
  "pk": 187,
  "fields": {
    "action_time": "2022-10-10T07:05:21.838Z",
    "user": [
      "admin"
    ],
    "content_type": [
      "djangocms_blog",
      "post"
    ],
    "object_id": "1",
    "object_repr": " ",
    "action_flag": 2,
    "change_message": "[{\"changed\": {\"fields\": [\"Subtitle\", \"Abstract\"]}}]"
  }
},
{
  "model": "admin.logentry",
  "pk": 188,
  "fields": {
    "action_time": "2022-10-10T07:08:00.278Z",
    "user": [
      "admin"
    ],
    "content_type": [
      "djangocms_blog",
      "post"
    ],
    "object_id": "2",
    "object_repr": " ",
    "action_flag": 1,
    "change_message": "[{\"added\": {}}]"
  }
},
{
  "model": "admin.logentry",
  "pk": 189,
  "fields": {
    "action_time": "2022-10-10T07:09:13.851Z",
    "user": [
      "admin"
    ],
    "content_type": [
      "djangocms_blog",
      "blogconfig"
    ],
    "object_id": "2",
    "object_repr": " / news",
    "action_flag": 2,
    "change_message": "[{\"changed\": {\"fields\": [\"config.paginate_by\"]}}]"
  }
},
{
  "model": "admin.logentry",
  "pk": 190,
  "fields": {
    "action_time": "2022-10-10T07:10:37.234Z",
    "user": [
      "admin"
    ],
    "content_type": [
      "cms",
      "page"
    ],
    "object_id": "14",
    "object_repr": "Blog",
    "action_flag": 3,
    "change_message": ""
  }
},
{
  "model": "admin.logentry",
  "pk": 191,
  "fields": {
    "action_time": "2022-10-10T07:27:47.615Z",
    "user": [
      "admin"
    ],
    "content_type": [
      "cms",
      "page"
    ],
    "object_id": "16",
    "object_repr": "",
    "action_flag": 2,
    "change_message": "[{\"changed\": {\"fields\": [\"Attached menu\", \"Application configurations\", \"X Frame Options\"]}}]"
  }
},
{
  "model": "admin.logentry",
  "pk": 192,
  "fields": {
    "action_time": "2022-10-10T07:27:51.705Z",
    "user": [
      "admin"
    ],
    "content_type": [
      "cms",
      "page"
    ],
    "object_id": "16",
    "object_repr": "",
    "action_flag": 2,
    "change_message": ""
  }
},
{
  "model": "admin.logentry",
  "pk": 193,
  "fields": {
    "action_time": "2022-10-10T07:30:24.494Z",
    "user": [
      "admin"
    ],
    "content_type": [
      "djangocms_blog",
      "post"
    ],
    "object_id": "1",
    "object_repr": " ",
    "action_flag": 2,
    "change_message": "[{\"changed\": {\"fields\": [\"Site(s)\"]}}]"
  }
},
{
  "model": "admin.logentry",
  "pk": 194,
  "fields": {
    "action_time": "2022-10-10T07:35:32.964Z",
    "user": [
      "admin"
    ],
    "content_type": [
      "cms",
      "page"
    ],
    "object_id": "1",
    "object_repr": "",
    "action_flag": 2,
    "change_message": ""
  }
},
{
  "model": "admin.logentry",
  "pk": 195,
  "fields": {
    "action_time": "2022-10-10T07:40:51.516Z",
    "user": [
      "admin"
    ],
    "content_type": [
      "djangocms_blog",
      "blogcategory"
    ],
    "object_id": "1",
    "object_repr": "",
    "action_flag": 1,
    "change_message": "[{\"added\": {}}]"
  }
},
{
  "model": "admin.logentry",
  "pk": 196,
  "fields": {
    "action_time": "2022-10-10T07:40:57.838Z",
    "user": [
      "admin"
    ],
    "content_type": [
      "djangocms_blog",
      "post"
    ],
    "object_id": "1",
    "object_repr": " ",
    "action_flag": 2,
    "change_message": "[{\"changed\": {\"fields\": [\"Category\"]}}]"
  }
},
{
  "model": "admin.logentry",
  "pk": 197,
  "fields": {
    "action_time": "2022-10-10T07:43:21.397Z",
    "user": [
      "admin"
    ],
    "content_type": [
      "djangocms_blog",
      "blogcategory"
    ],
    "object_id": "1",
    "object_repr": "",
    "action_flag": 3,
    "change_message": ""
  }
},
{
  "model": "admin.logentry",
  "pk": 198,
  "fields": {
    "action_time": "2022-10-10T07:46:40.004Z",
    "user": [
      "admin"
    ],
    "content_type": [
      "djangocms_blog",
      "post"
    ],
    "object_id": "1",
    "object_repr": " ",
    "action_flag": 2,
    "change_message": "[{\"changed\": {\"fields\": [\"Main image\"]}}]"
  }
},
{
  "model": "admin.logentry",
  "pk": 199,
  "fields": {
    "action_time": "2022-10-10T07:47:50.115Z",
    "user": [
      "admin"
    ],
    "content_type": [
      "djangocms_blog",
      "post"
    ],
    "object_id": "1",
    "object_repr": " ",
    "action_flag": 2,
    "change_message": "[]"
  }
},
{
  "model": "admin.logentry",
  "pk": 200,
  "fields": {
    "action_time": "2022-10-10T07:50:20.229Z",
    "user": [
      "admin"
    ],
    "content_type": [
      "djangocms_blog",
      "post"
    ],
    "object_id": "3",
    "object_repr": " ",
    "action_flag": 1,
    "change_message": "[{\"added\": {}}]"
  }
},
{
  "model": "admin.logentry",
  "pk": 201,
  "fields": {
    "action_time": "2022-10-10T07:51:03.253Z",
    "user": [
      "admin"
    ],
    "content_type": [
      "djangocms_blog",
      "post"
    ],
    "object_id": "4",
    "object_repr": " ",
    "action_flag": 1,
    "change_message": "[{\"added\": {}}]"
  }
},
{
  "model": "admin.logentry",
  "pk": 202,
  "fields": {
    "action_time": "2022-10-10T07:51:58.759Z",
    "user": [
      "admin"
    ],
    "content_type": [
      "djangocms_blog",
      "post"
    ],
    "object_id": "4",
    "object_repr": " ",
    "action_flag": 2,
    "change_message": "[]"
  }
},
{
  "model": "admin.logentry",
  "pk": 203,
  "fields": {
    "action_time": "2022-10-10T07:52:12.332Z",
    "user": [
      "admin"
    ],
    "content_type": [
      "djangocms_blog",
      "post"
    ],
    "object_id": "4",
    "object_repr": " ",
    "action_flag": 2,
    "change_message": "[{\"changed\": {\"fields\": [\"Publish\"]}}]"
  }
},
{
  "model": "admin.logentry",
  "pk": 204,
  "fields": {
    "action_time": "2022-10-11T06:03:58.102Z",
    "user": [
      "admin"
    ],
    "content_type": [
      "attractions",
      "attraction"
    ],
    "object_id": "2",
    "object_repr": "",
    "action_flag": 2,
    "change_message": "[]"
  }
},
{
  "model": "admin.logentry",
  "pk": 205,
  "fields": {
    "action_time": "2022-10-12T09:18:15.708Z",
    "user": [
      "admin"
    ],
    "content_type": [
      "attractions",
      "attraction"
    ],
    "object_id": "1",
    "object_repr": " ",
    "action_flag": 2,
    "change_message": "[{\"changed\": {\"fields\": [\"\\u041e\\u043f\\u0438\\u0441\\u0430\\u043d\\u0438\\u0435\"]}}]"
  }
},
{
  "model": "admin.logentry",
  "pk": 206,
  "fields": {
    "action_time": "2022-10-12T09:26:11.991Z",
    "user": [
      "admin"
    ],
    "content_type": [
      "attractions",
      "attraction"
    ],
    "object_id": "1",
    "object_repr": " ",
    "action_flag": 2,
    "change_message": "[{\"changed\": {\"fields\": [\"\\u041e\\u043f\\u0438\\u0441\\u0430\\u043d\\u0438\\u0435\"]}}]"
  }
},
{
  "model": "admin.logentry",
  "pk": 207,
  "fields": {
    "action_time": "2022-10-12T09:27:23.733Z",
    "user": [
      "admin"
    ],
    "content_type": [
      "djangocms_text_ckeditor",
      "text"
    ],
    "object_id": "683",
    "object_repr": "",
    "action_flag": 3,
    "change_message": ""
  }
},
{
  "model": "admin.logentry",
  "pk": 208,
  "fields": {
    "action_time": "2022-10-12T09:27:38.253Z",
    "user": [
      "admin"
    ],
    "content_type": [
      "djangocms_text_ckeditor",
      "text"
    ],
    "object_id": "682",
    "object_repr": "ara",
    "action_flag": 3,
    "change_message": ""
  }
},
{
  "model": "admin.logentry",
  "pk": 209,
  "fields": {
    "action_time": "2022-10-12T09:28:37.899Z",
    "user": [
      "admin"
    ],
    "content_type": [
      "cms",
      "page"
    ],
    "object_id": "1",
    "object_repr": "",
    "action_flag": 2,
    "change_message": ""
  }
},
{
  "model": "admin.logentry",
  "pk": 210,
  "fields": {
    "action_time": "2022-10-12T09:29:10.002Z",
    "user": [
      "admin"
    ],
    "content_type": [
      "cms",
      "page"
    ],
    "object_id": "1",
    "object_repr": "",
    "action_flag": 2,
    "change_message": ""
  }
},
{
  "model": "admin.logentry",
  "pk": 211,
  "fields": {
    "action_time": "2022-10-12T09:29:36.852Z",
    "user": [
      "admin"
    ],
    "content_type": [
      "cms",
      "page"
    ],
    "object_id": "1",
    "object_repr": "",
    "action_flag": 2,
    "change_message": ""
  }
},
{
  "model": "admin.logentry",
  "pk": 212,
  "fields": {
    "action_time": "2022-10-12T09:30:16.286Z",
    "user": [
      "admin"
    ],
    "content_type": [
      "cms",
      "page"
    ],
    "object_id": "1",
    "object_repr": "",
    "action_flag": 2,
    "change_message": ""
  }
},
{
  "model": "admin.logentry",
  "pk": 213,
  "fields": {
    "action_time": "2022-10-13T03:01:02.882Z",
    "user": [
      "admin"
    ],
    "content_type": [
      "cms",
      "page"
    ],
    "object_id": "1",
    "object_repr": "",
    "action_flag": 2,
    "change_message": ""
  }
},
{
  "model": "admin.logentry",
  "pk": 214,
  "fields": {
    "action_time": "2022-10-13T03:32:48.229Z",
    "user": [
      "admin"
    ],
    "content_type": [
      "djangocms_blog",
      "post"
    ],
    "object_id": "4",
    "object_repr": " ",
    "action_flag": 2,
    "change_message": "[]"
  }
},
{
  "model": "admin.logentry",
  "pk": 215,
  "fields": {
    "action_time": "2022-10-13T03:34:43.250Z",
    "user": [
      "admin"
    ],
    "content_type": [
      "djangocms_blog",
      "blogconfig"
    ],
    "object_id": "2",
    "object_repr": " / news",
    "action_flag": 2,
    "change_message": "[{\"changed\": {\"fields\": [\"config.paginate_by\"]}}]"
  }
},
{
  "model": "admin.logentry",
  "pk": 216,
  "fields": {
    "action_time": "2022-10-13T03:37:08.559Z",
    "user": [
      "admin"
    ],
    "content_type": [
      "djangocms_blog",
      "post"
    ],
    "object_id": "4",
    "object_repr": " ",
    "action_flag": 2,
    "change_message": "[{\"changed\": {\"fields\": [\"Main image\"]}}]"
  }
},
{
  "model": "admin.logentry",
  "pk": 217,
  "fields": {
    "action_time": "2022-10-13T03:38:22.274Z",
    "user": [
      "admin"
    ],
    "content_type": [
      "cms",
      "page"
    ],
    "object_id": "1",
    "object_repr": "",
    "action_flag": 2,
    "change_message": ""
  }
},
{
  "model": "admin.logentry",
  "pk": 218,
  "fields": {
    "action_time": "2022-10-13T03:43:32.726Z",
    "user": [
      "admin"
    ],
    "content_type": [
      "djangocms_blog",
      "latestpostsplugin"
    ],
    "object_id": "667",
    "object_repr": "3    ",
    "action_flag": 3,
    "change_message": ""
  }
},
{
  "model": "admin.logentry",
  "pk": 219,
  "fields": {
    "action_time": "2022-10-13T03:43:34.900Z",
    "user": [
      "admin"
    ],
    "content_type": [
      "cms",
      "page"
    ],
    "object_id": "1",
    "object_repr": "",
    "action_flag": 2,
    "change_message": ""
  }
},
{
  "model": "admin.logentry",
  "pk": 220,
  "fields": {
    "action_time": "2022-10-13T03:43:58.031Z",
    "user": [
      "admin"
    ],
    "content_type": [
      "cms",
      "page"
    ],
    "object_id": "16",
    "object_repr": "",
    "action_flag": 2,
    "change_message": "[{\"changed\": {\"fields\": [\"Attached menu\", \"Application\", \"Application instance name\", \"Application configurations\", \"X Frame Options\"]}}]"
  }
},
{
  "model": "admin.logentry",
  "pk": 221,
  "fields": {
    "action_time": "2022-10-13T03:44:00.933Z",
    "user": [
      "admin"
    ],
    "content_type": [
      "cms",
      "page"
    ],
    "object_id": "16",
    "object_repr": "",
    "action_flag": 2,
    "change_message": ""
  }
},
{
  "model": "admin.logentry",
  "pk": 222,
  "fields": {
    "action_time": "2022-10-13T04:39:29.702Z",
    "user": [
      "admin"
    ],
    "content_type": [
      "news",
      "post"
    ],
    "object_id": "1",
    "object_repr": " 1",
    "action_flag": 1,
    "change_message": "[{\"added\": {}}]"
  }
},
{
  "model": "admin.logentry",
  "pk": 223,
  "fields": {
    "action_time": "2022-10-13T04:39:40.886Z",
    "user": [
      "admin"
    ],
    "content_type": [
      "news",
      "post"
    ],
    "object_id": "1",
    "object_repr": " 1",
    "action_flag": 2,
    "change_message": "[{\"changed\": {\"fields\": [\"\\u0421\\u043e\\u0434\\u0435\\u0440\\u0436\\u0438\\u043c\\u043e\\u0435\"]}}]"
  }
},
{
  "model": "admin.logentry",
  "pk": 224,
  "fields": {
    "action_time": "2022-10-13T04:40:06.460Z",
    "user": [
      "admin"
    ],
    "content_type": [
      "cms",
      "page"
    ],
    "object_id": "1",
    "object_repr": "",
    "action_flag": 2,
    "change_message": ""
  }
},
{
  "model": "admin.logentry",
  "pk": 225,
  "fields": {
    "action_time": "2022-10-13T05:52:21.613Z",
    "user": [
      "admin"
    ],
    "content_type": [
      "cms",
      "page"
    ],
    "object_id": "16",
    "object_repr": "",
    "action_flag": 2,
    "change_message": "[{\"changed\": {\"fields\": [\"Application\", \"Application instance name\", \"X Frame Options\"]}}]"
  }
},
{
  "model": "admin.logentry",
  "pk": 226,
  "fields": {
    "action_time": "2022-10-13T05:52:29.213Z",
    "user": [
      "admin"
    ],
    "content_type": [
      "cms",
      "page"
    ],
    "object_id": "16",
    "object_repr": "",
    "action_flag": 2,
    "change_message": ""
  }
},
{
  "model": "admin.logentry",
  "pk": 227,
  "fields": {
    "action_time": "2022-10-13T06:04:35.977Z",
    "user": [
      "admin"
    ],
    "content_type": [
      "cms",
      "page"
    ],
    "object_id": "1",
    "object_repr": "",
    "action_flag": 2,
    "change_message": ""
  }
},
{
  "model": "admin.logentry",
  "pk": 228,
  "fields": {
    "action_time": "2022-10-13T06:09:28.372Z",
    "user": [
      "admin"
    ],
    "content_type": [
      "news",
      "post"
    ],
    "object_id": "1",
    "object_repr": "      ",
    "action_flag": 1,
    "change_message": "[{\"added\": {}}]"
  }
},
{
  "model": "admin.logentry",
  "pk": 229,
  "fields": {
    "action_time": "2022-10-13T06:12:07.193Z",
    "user": [
      "admin"
    ],
    "content_type": [
      "news",
      "post"
    ],
    "object_id": "2",
    "object_repr": "  ",
    "action_flag": 1,
    "change_message": "[{\"added\": {}}]"
  }
},
{
  "model": "admin.logentry",
  "pk": 230,
  "fields": {
    "action_time": "2022-10-13T06:12:43.779Z",
    "user": [
      "admin"
    ],
    "content_type": [
      "news",
      "post"
    ],
    "object_id": "3",
    "object_repr": "   ",
    "action_flag": 1,
    "change_message": "[{\"added\": {}}]"
  }
},
{
  "model": "admin.logentry",
  "pk": 231,
  "fields": {
    "action_time": "2022-10-13T06:13:26.530Z",
    "user": [
      "admin"
    ],
    "content_type": [
      "news",
      "post"
    ],
    "object_id": "4",
    "object_repr": "   ",
    "action_flag": 1,
    "change_message": "[{\"added\": {}}]"
  }
},
{
  "model": "admin.logentry",
  "pk": 232,
  "fields": {
    "action_time": "2022-10-13T06:16:55.750Z",
    "user": [
      "admin"
    ],
    "content_type": [
      "cms",
      "page"
    ],
    "object_id": "1",
    "object_repr": "",
    "action_flag": 2,
    "change_message": ""
  }
},
{
  "model": "admin.logentry",
  "pk": 233,
  "fields": {
    "action_time": "2022-10-13T06:17:44.854Z",
    "user": [
      "admin"
    ],
    "content_type": [
      "cms",
      "page"
    ],
    "object_id": "1",
    "object_repr": "",
    "action_flag": 2,
    "change_message": ""
  }
},
{
  "model": "admin.logentry",
  "pk": 234,
  "fields": {
    "action_time": "2022-10-13T07:41:45.476Z",
    "user": [
      "admin"
    ],
    "content_type": [
      "news",
      "post"
    ],
    "object_id": "1",
    "object_repr": "      ",
    "action_flag": 2,
    "change_message": "[{\"changed\": {\"fields\": [\"\\u0421\\u043e\\u0434\\u0435\\u0440\\u0436\\u0438\\u043c\\u043e\\u0435\"]}}]"
  }
},
{
  "model": "admin.logentry",
  "pk": 235,
  "fields": {
    "action_time": "2022-10-13T08:02:33.412Z",
    "user": [
      "admin"
    ],
    "content_type": [
      "news",
      "post"
    ],
    "object_id": "2",
    "object_repr": "  ",
    "action_flag": 2,
    "change_message": "[{\"changed\": {\"fields\": [\"\\u0421\\u043e\\u0434\\u0435\\u0440\\u0436\\u0438\\u043c\\u043e\\u0435\", \"\\u0420\\u0430\\u0441\\u043f\\u043e\\u043b\\u043e\\u0436\\u0435\\u043d\\u0438\\u0435 \\u0438\\u0437\\u043e\\u0431\\u0440\\u0430\\u0436\\u0435\\u043d\\u0438\\u044f\"]}}]"
  }
},
{
  "model": "admin.logentry",
  "pk": 236,
  "fields": {
    "action_time": "2022-10-13T08:02:44.108Z",
    "user": [
      "admin"
    ],
    "content_type": [
      "news",
      "post"
    ],
    "object_id": "2",
    "object_repr": "  ",
    "action_flag": 2,
    "change_message": "[{\"changed\": {\"fields\": [\"\\u0421\\u043e\\u0434\\u0435\\u0440\\u0436\\u0438\\u043c\\u043e\\u0435\", \"\\u0420\\u0430\\u0441\\u043f\\u043e\\u043b\\u043e\\u0436\\u0435\\u043d\\u0438\\u0435 \\u0438\\u0437\\u043e\\u0431\\u0440\\u0430\\u0436\\u0435\\u043d\\u0438\\u044f\"]}}]"
  }
},
{
  "model": "admin.logentry",
  "pk": 237,
  "fields": {
    "action_time": "2022-10-13T08:02:53.665Z",
    "user": [
      "admin"
    ],
    "content_type": [
      "news",
      "post"
    ],
    "object_id": "2",
    "object_repr": "  ",
    "action_flag": 2,
    "change_message": "[{\"changed\": {\"fields\": [\"\\u0421\\u043e\\u0434\\u0435\\u0440\\u0436\\u0438\\u043c\\u043e\\u0435\", \"\\u0420\\u0430\\u0441\\u043f\\u043e\\u043b\\u043e\\u0436\\u0435\\u043d\\u0438\\u0435 \\u0438\\u0437\\u043e\\u0431\\u0440\\u0430\\u0436\\u0435\\u043d\\u0438\\u044f\"]}}]"
  }
},
{
  "model": "admin.logentry",
  "pk": 238,
  "fields": {
    "action_time": "2022-10-13T08:03:04.149Z",
    "user": [
      "admin"
    ],
    "content_type": [
      "news",
      "post"
    ],
    "object_id": "2",
    "object_repr": "  ",
    "action_flag": 2,
    "change_message": "[{\"changed\": {\"fields\": [\"\\u0421\\u043e\\u0434\\u0435\\u0440\\u0436\\u0438\\u043c\\u043e\\u0435\", \"\\u0420\\u0430\\u0441\\u043f\\u043e\\u043b\\u043e\\u0436\\u0435\\u043d\\u0438\\u0435 \\u0438\\u0437\\u043e\\u0431\\u0440\\u0430\\u0436\\u0435\\u043d\\u0438\\u044f\"]}}]"
  }
},
{
  "model": "admin.logentry",
  "pk": 239,
  "fields": {
    "action_time": "2022-10-13T08:05:43.896Z",
    "user": [
      "admin"
    ],
    "content_type": [
      "news",
      "post"
    ],
    "object_id": "2",
    "object_repr": "  ",
    "action_flag": 2,
    "change_message": "[{\"changed\": {\"fields\": [\"\\u0421\\u043e\\u0434\\u0435\\u0440\\u0436\\u0438\\u043c\\u043e\\u0435\"]}}]"
  }
},
{
  "model": "admin.logentry",
  "pk": 240,
  "fields": {
    "action_time": "2022-10-13T08:05:58.252Z",
    "user": [
      "admin"
    ],
    "content_type": [
      "news",
      "post"
    ],
    "object_id": "2",
    "object_repr": "  ",
    "action_flag": 2,
    "change_message": "[{\"changed\": {\"fields\": [\"\\u0421\\u043e\\u0434\\u0435\\u0440\\u0436\\u0438\\u043c\\u043e\\u0435\"]}}]"
  }
},
{
  "model": "admin.logentry",
  "pk": 241,
  "fields": {
    "action_time": "2022-10-13T08:45:48.445Z",
    "user": [
      "admin"
    ],
    "content_type": [
      "cms",
      "page"
    ],
    "object_id": "18",
    "object_repr": "",
    "action_flag": 1,
    "change_message": "[{\"added\": {}}]"
  }
},
{
  "model": "admin.logentry",
  "pk": 242,
  "fields": {
    "action_time": "2022-10-13T08:47:13.644Z",
    "user": [
      "admin"
    ],
    "content_type": [
      "cms",
      "page"
    ],
    "object_id": "18",
    "object_repr": "",
    "action_flag": 2,
    "change_message": ""
  }
},
{
  "model": "admin.logentry",
  "pk": 243,
  "fields": {
    "action_time": "2022-10-13T09:05:11.956Z",
    "user": [
      "admin"
    ],
    "content_type": [
      "djangocms_snippet",
      "snippet"
    ],
    "object_id": "3",
    "object_repr": "",
    "action_flag": 1,
    "change_message": "[{\"added\": {}}]"
  }
},
{
  "model": "admin.logentry",
  "pk": 244,
  "fields": {
    "action_time": "2022-10-13T09:08:06.684Z",
    "user": [
      "admin"
    ],
    "content_type": [
      "cms",
      "page"
    ],
    "object_id": "18",
    "object_repr": "",
    "action_flag": 2,
    "change_message": ""
  }
},
{
  "model": "admin.logentry",
  "pk": 245,
  "fields": {
    "action_time": "2022-10-13T09:08:26.235Z",
    "user": [
      "admin"
    ],
    "content_type": [
      "djangocms_snippet",
      "snippet"
    ],
    "object_id": "1",
    "object_repr": "Breadcrumbs",
    "action_flag": 2,
    "change_message": "[{\"changed\": {\"fields\": [\"Template\"]}}]"
  }
},
{
  "model": "admin.logentry",
  "pk": 246,
  "fields": {
    "action_time": "2022-10-13T09:08:33.140Z",
    "user": [
      "admin"
    ],
    "content_type": [
      "cms",
      "page"
    ],
    "object_id": "18",
    "object_repr": "",
    "action_flag": 2,
    "change_message": ""
  }
},
{
  "model": "admin.logentry",
  "pk": 247,
  "fields": {
    "action_time": "2022-10-13T09:09:45.868Z",
    "user": [
      "admin"
    ],
    "content_type": [
      "djangocms_text_ckeditor",
      "text"
    ],
    "object_id": "815",
    "object_repr": "",
    "action_flag": 3,
    "change_message": ""
  }
},
{
  "model": "admin.logentry",
  "pk": 248,
  "fields": {
    "action_time": "2022-10-13T09:09:57.291Z",
    "user": [
      "admin"
    ],
    "content_type": [
      "cms",
      "page"
    ],
    "object_id": "18",
    "object_repr": "",
    "action_flag": 2,
    "change_message": ""
  }
},
{
  "model": "admin.logentry",
  "pk": 249,
  "fields": {
    "action_time": "2022-10-13T09:13:36.643Z",
    "user": [
      "admin"
    ],
    "content_type": [
      "cms",
      "page"
    ],
    "object_id": "18",
    "object_repr": "",
    "action_flag": 2,
    "change_message": ""
  }
},
{
  "model": "admin.logentry",
  "pk": 250,
  "fields": {
    "action_time": "2022-10-13T10:11:50.991Z",
    "user": [
      "admin"
    ],
    "content_type": [
      "cms",
      "page"
    ],
    "object_id": "18",
    "object_repr": "",
    "action_flag": 2,
    "change_message": ""
  }
},
{
  "model": "admin.logentry",
  "pk": 251,
  "fields": {
    "action_time": "2022-10-13T10:13:50.531Z",
    "user": [
      "admin"
    ],
    "content_type": [
      "cms",
      "page"
    ],
    "object_id": "18",
    "object_repr": "",
    "action_flag": 2,
    "change_message": ""
  }
},
{
  "model": "admin.logentry",
  "pk": 252,
  "fields": {
    "action_time": "2022-10-13T10:17:46.726Z",
    "user": [
      "admin"
    ],
    "content_type": [
      "cms",
      "page"
    ],
    "object_id": "18",
    "object_repr": "",
    "action_flag": 2,
    "change_message": ""
  }
},
{
  "model": "admin.logentry",
  "pk": 253,
  "fields": {
    "action_time": "2022-10-14T02:03:15.401Z",
    "user": [
      "admin"
    ],
    "content_type": [
      "djangocms_googlemap",
      "googlemap"
    ],
    "object_id": "836",
    "object_repr": " ",
    "action_flag": 3,
    "change_message": ""
  }
},
{
  "model": "admin.logentry",
  "pk": 254,
  "fields": {
    "action_time": "2022-10-14T02:06:22.645Z",
    "user": [
      "admin"
    ],
    "content_type": [
      "cms",
      "page"
    ],
    "object_id": "18",
    "object_repr": "",
    "action_flag": 2,
    "change_message": ""
  }
},
{
  "model": "admin.logentry",
  "pk": 255,
  "fields": {
    "action_time": "2022-10-14T02:52:50.737Z",
    "user": [
      "admin"
    ],
    "content_type": [
      "cmsplugin_yandexmap",
      "yandexmap"
    ],
    "object_id": "849",
    "object_repr": "849",
    "action_flag": 3,
    "change_message": ""
  }
},
{
  "model": "admin.logentry",
  "pk": 256,
  "fields": {
    "action_time": "2022-10-14T02:52:53.394Z",
    "user": [
      "admin"
    ],
    "content_type": [
      "cms",
      "page"
    ],
    "object_id": "18",
    "object_repr": "",
    "action_flag": 2,
    "change_message": ""
  }
},
{
  "model": "admin.logentry",
  "pk": 257,
  "fields": {
    "action_time": "2022-10-14T02:53:25.927Z",
    "user": [
      "admin"
    ],
    "content_type": [
      "cms",
      "page"
    ],
    "object_id": "18",
    "object_repr": "",
    "action_flag": 2,
    "change_message": ""
  }
},
{
  "model": "admin.logentry",
  "pk": 258,
  "fields": {
    "action_time": "2022-10-14T02:54:11.413Z",
    "user": [
      "admin"
    ],
    "content_type": [
      "cms",
      "page"
    ],
    "object_id": "18",
    "object_repr": "",
    "action_flag": 2,
    "change_message": ""
  }
},
{
  "model": "admin.logentry",
  "pk": 259,
  "fields": {
    "action_time": "2022-10-14T03:04:32.984Z",
    "user": [
      "admin"
    ],
    "content_type": [
      "djangocms_snippet",
      "snippet"
    ],
    "object_id": "1",
    "object_repr": "Breadcrumbs",
    "action_flag": 2,
    "change_message": "[{\"changed\": {\"fields\": [\"Template\"]}}]"
  }
},
{
  "model": "admin.logentry",
  "pk": 260,
  "fields": {
    "action_time": "2022-10-14T03:04:42.357Z",
    "user": [
      "admin"
    ],
    "content_type": [
      "djangocms_snippet",
      "snippet"
    ],
    "object_id": "3",
    "object_repr": "",
    "action_flag": 2,
    "change_message": "[{\"changed\": {\"fields\": [\"Template\"]}}]"
  }
},
{
  "model": "admin.logentry",
  "pk": 261,
  "fields": {
    "action_time": "2022-10-14T03:22:09.444Z",
    "user": [
      "admin"
    ],
    "content_type": [
      "djangocms_snippet",
      "snippet"
    ],
    "object_id": "1",
    "object_repr": "Breadcrumbs",
    "action_flag": 2,
    "change_message": "[{\"changed\": {\"fields\": [\"Template\"]}}]"
  }
},
{
  "model": "admin.logentry",
  "pk": 262,
  "fields": {
    "action_time": "2022-10-14T03:41:55.644Z",
    "user": [
      "admin"
    ],
    "content_type": [
      "cms",
      "page"
    ],
    "object_id": "1",
    "object_repr": "",
    "action_flag": 2,
    "change_message": ""
  }
},
{
  "model": "admin.logentry",
  "pk": 263,
  "fields": {
    "action_time": "2022-10-14T03:42:30.897Z",
    "user": [
      "admin"
    ],
    "content_type": [
      "cms",
      "page"
    ],
    "object_id": "1",
    "object_repr": "",
    "action_flag": 2,
    "change_message": ""
  }
},
{
  "model": "admin.logentry",
  "pk": 264,
  "fields": {
    "action_time": "2022-10-14T04:09:31.446Z",
    "user": [
      "admin"
    ],
    "content_type": [
      "djangocms_snippet",
      "snippet"
    ],
    "object_id": "4",
    "object_repr": "  ",
    "action_flag": 1,
    "change_message": "[{\"added\": {}}]"
  }
},
{
  "model": "admin.logentry",
  "pk": 265,
  "fields": {
    "action_time": "2022-10-14T04:09:40.543Z",
    "user": [
      "admin"
    ],
    "content_type": [
      "cms",
      "page"
    ],
    "object_id": "1",
    "object_repr": "",
    "action_flag": 2,
    "change_message": ""
  }
},
{
  "model": "admin.logentry",
  "pk": 266,
  "fields": {
    "action_time": "2022-10-14T04:11:48.571Z",
    "user": [
      "admin"
    ],
    "content_type": [
      "djangocms_snippet",
      "snippet"
    ],
    "object_id": "5",
    "object_repr": "Footer",
    "action_flag": 1,
    "change_message": "[{\"added\": {}}]"
  }
},
{
  "model": "admin.logentry",
  "pk": 267,
  "fields": {
    "action_time": "2022-10-14T04:12:03.237Z",
    "user": [
      "admin"
    ],
    "content_type": [
      "cms",
      "page"
    ],
    "object_id": "1",
    "object_repr": "",
    "action_flag": 2,
    "change_message": ""
  }
},
{
  "model": "admin.logentry",
  "pk": 268,
  "fields": {
    "action_time": "2022-10-14T04:13:03.470Z",
    "user": [
      "admin"
    ],
    "content_type": [
      "djangocms_snippet",
      "snippet"
    ],
    "object_id": "5",
    "object_repr": "Footer",
    "action_flag": 2,
    "change_message": "[{\"changed\": {\"fields\": [\"HTML\"]}}]"
  }
},
{
  "model": "admin.logentry",
  "pk": 269,
  "fields": {
    "action_time": "2022-10-14T04:13:07.858Z",
    "user": [
      "admin"
    ],
    "content_type": [
      "cms",
      "page"
    ],
    "object_id": "1",
    "object_repr": "",
    "action_flag": 2,
    "change_message": ""
  }
},
{
  "model": "admin.logentry",
  "pk": 270,
  "fields": {
    "action_time": "2022-10-14T04:21:10.314Z",
    "user": [
      "admin"
    ],
    "content_type": [
      "djangocms_snippet",
      "snippet"
    ],
    "object_id": "3",
    "object_repr": "",
    "action_flag": 2,
    "change_message": "[{\"changed\": {\"fields\": [\"HTML\", \"Template\"]}}]"
  }
},
{
  "model": "admin.logentry",
  "pk": 271,
  "fields": {
    "action_time": "2022-10-14T04:21:15.365Z",
    "user": [
      "admin"
    ],
    "content_type": [
      "cms",
      "page"
    ],
    "object_id": "18",
    "object_repr": "",
    "action_flag": 2,
    "change_message": ""
  }
},
{
  "model": "admin.logentry",
  "pk": 272,
  "fields": {
    "action_time": "2022-10-16T04:55:54.866Z",
    "user": [
      "admin"
    ],
    "content_type": [
      "djangocms_snippet",
      "snippet"
    ],
    "object_id": "5",
    "object_repr": "Footer",
    "action_flag": 2,
    "change_message": "[{\"changed\": {\"fields\": [\"HTML\"]}}]"
  }
},
{
  "model": "admin.logentry",
  "pk": 273,
  "fields": {
    "action_time": "2022-10-16T04:56:27.891Z",
    "user": [
      "admin"
    ],
    "content_type": [
      "djangocms_snippet",
      "snippet"
    ],
    "object_id": "5",
    "object_repr": "Footer",
    "action_flag": 2,
    "change_message": "[{\"changed\": {\"fields\": [\"HTML\"]}}]"
  }
},
{
  "model": "admin.logentry",
  "pk": 274,
  "fields": {
    "action_time": "2022-10-16T04:56:31.706Z",
    "user": [
      "admin"
    ],
    "content_type": [
      "cms",
      "page"
    ],
    "object_id": "1",
    "object_repr": "",
    "action_flag": 2,
    "change_message": ""
  }
},
{
  "model": "admin.logentry",
  "pk": 275,
  "fields": {
    "action_time": "2022-10-16T04:59:57.274Z",
    "user": [
      "admin"
    ],
    "content_type": [
      "djangocms_snippet",
      "snippet"
    ],
    "object_id": "5",
    "object_repr": "Footer",
    "action_flag": 2,
    "change_message": "[{\"changed\": {\"fields\": [\"HTML\"]}}]"
  }
},
{
  "model": "admin.logentry",
  "pk": 276,
  "fields": {
    "action_time": "2022-10-16T05:00:00.668Z",
    "user": [
      "admin"
    ],
    "content_type": [
      "cms",
      "page"
    ],
    "object_id": "1",
    "object_repr": "",
    "action_flag": 2,
    "change_message": ""
  }
},
{
  "model": "admin.logentry",
  "pk": 277,
  "fields": {
    "action_time": "2022-10-16T05:03:05.416Z",
    "user": [
      "admin"
    ],
    "content_type": [
      "djangocms_snippet",
      "snippetptr"
    ],
    "object_id": "904",
    "object_repr": "Footer",
    "action_flag": 3,
    "change_message": ""
  }
},
{
  "model": "admin.logentry",
  "pk": 278,
  "fields": {
    "action_time": "2022-10-16T05:03:07.805Z",
    "user": [
      "admin"
    ],
    "content_type": [
      "cms",
      "page"
    ],
    "object_id": "1",
    "object_repr": "",
    "action_flag": 2,
    "change_message": ""
  }
},
{
  "model": "admin.logentry",
  "pk": 279,
  "fields": {
    "action_time": "2022-10-16T05:51:57.181Z",
    "user": [
      "admin"
    ],
    "content_type": [
      "cms",
      "page"
    ],
    "object_id": "1",
    "object_repr": "",
    "action_flag": 2,
    "change_message": ""
  }
},
{
  "model": "admin.logentry",
  "pk": 280,
  "fields": {
    "action_time": "2022-10-16T05:53:33.392Z",
    "user": [
      "admin"
    ],
    "content_type": [
      "djangocms_text_ckeditor",
      "text"
    ],
    "object_id": "973",
    "object_repr": "Olala",
    "action_flag": 3,
    "change_message": ""
  }
},
{
  "model": "admin.logentry",
  "pk": 281,
  "fields": {
    "action_time": "2022-10-16T05:53:35.308Z",
    "user": [
      "admin"
    ],
    "content_type": [
      "cms",
      "page"
    ],
    "object_id": "1",
    "object_repr": "",
    "action_flag": 2,
    "change_message": ""
  }
},
{
  "model": "admin.logentry",
  "pk": 282,
  "fields": {
    "action_time": "2022-10-16T07:39:34.118Z",
    "user": [
      "admin"
    ],
    "content_type": [
      "djangocms_snippet",
      "snippet"
    ],
    "object_id": "6",
    "object_repr": "Footer_2_column",
    "action_flag": 1,
    "change_message": "[{\"added\": {}}]"
  }
},
{
  "model": "admin.logentry",
  "pk": 283,
  "fields": {
    "action_time": "2022-10-16T07:40:34.952Z",
    "user": [
      "admin"
    ],
    "content_type": [
      "djangocms_snippet",
      "snippet"
    ],
    "object_id": "7",
    "object_repr": "Footer_3_column",
    "action_flag": 1,
    "change_message": "[{\"added\": {}}]"
  }
},
{
  "model": "admin.logentry",
  "pk": 284,
  "fields": {
    "action_time": "2022-10-16T07:40:42.391Z",
    "user": [
      "admin"
    ],
    "content_type": [
      "cms",
      "page"
    ],
    "object_id": "1",
    "object_repr": "",
    "action_flag": 2,
    "change_message": ""
  }
},
{
  "model": "admin.logentry",
  "pk": 285,
  "fields": {
    "action_time": "2022-10-16T07:44:48.934Z",
    "user": [
      "admin"
    ],
    "content_type": [
      "cms",
      "page"
    ],
    "object_id": "1",
    "object_repr": " ",
    "action_flag": 2,
    "change_message": "[{\"changed\": {\"fields\": [\"Title\"]}}]"
  }
},
{
  "model": "admin.logentry",
  "pk": 286,
  "fields": {
    "action_time": "2022-10-16T07:45:06.931Z",
    "user": [
      "admin"
    ],
    "content_type": [
      "cms",
      "page"
    ],
    "object_id": "1",
    "object_repr": " ",
    "action_flag": 2,
    "change_message": ""
  }
},
{
  "model": "admin.logentry",
  "pk": 287,
  "fields": {
    "action_time": "2022-10-16T07:45:27.906Z",
    "user": [
      "admin"
    ],
    "content_type": [
      "cms",
      "page"
    ],
    "object_id": "1",
    "object_repr": "",
    "action_flag": 2,
    "change_message": "[{\"changed\": {\"fields\": [\"Menu Title\", \"Page Title\"]}}]"
  }
},
{
  "model": "admin.logentry",
  "pk": 288,
  "fields": {
    "action_time": "2022-10-16T07:45:29.567Z",
    "user": [
      "admin"
    ],
    "content_type": [
      "cms",
      "page"
    ],
    "object_id": "1",
    "object_repr": " ",
    "action_flag": 2,
    "change_message": ""
  }
},
{
  "model": "admin.logentry",
  "pk": 289,
  "fields": {
    "action_time": "2022-10-16T07:47:55.871Z",
    "user": [
      "admin"
    ],
    "content_type": [
      "djangocms_snippet",
      "snippet"
    ],
    "object_id": "4",
    "object_repr": "  ",
    "action_flag": 2,
    "change_message": "[{\"changed\": {\"fields\": [\"HTML\"]}}]"
  }
},
{
  "model": "admin.logentry",
  "pk": 290,
  "fields": {
    "action_time": "2022-10-16T07:48:00.639Z",
    "user": [
      "admin"
    ],
    "content_type": [
      "cms",
      "page"
    ],
    "object_id": "1",
    "object_repr": " ",
    "action_flag": 2,
    "change_message": ""
  }
},
{
  "model": "admin.logentry",
  "pk": 291,
  "fields": {
    "action_time": "2022-10-16T07:50:34.302Z",
    "user": [
      "admin"
    ],
    "content_type": [
      "djangocms_snippet",
      "snippet"
    ],
    "object_id": "4",
    "object_repr": "  ",
    "action_flag": 2,
    "change_message": "[{\"changed\": {\"fields\": [\"HTML\"]}}]"
  }
},
{
  "model": "admin.logentry",
  "pk": 292,
  "fields": {
    "action_time": "2022-10-16T07:50:49.499Z",
    "user": [
      "admin"
    ],
    "content_type": [
      "djangocms_snippet",
      "snippet"
    ],
    "object_id": "4",
    "object_repr": "  ",
    "action_flag": 2,
    "change_message": "[]"
  }
},
{
  "model": "admin.logentry",
  "pk": 293,
  "fields": {
    "action_time": "2022-10-16T08:17:07.892Z",
    "user": [
      "admin"
    ],
    "content_type": [
      "djangocms_snippet",
      "snippet"
    ],
    "object_id": "4",
    "object_repr": "  ",
    "action_flag": 2,
    "change_message": "[{\"changed\": {\"fields\": [\"HTML\"]}}]"
  }
},
{
  "model": "admin.logentry",
  "pk": 294,
  "fields": {
    "action_time": "2022-10-16T08:17:12.931Z",
    "user": [
      "admin"
    ],
    "content_type": [
      "cms",
      "page"
    ],
    "object_id": "1",
    "object_repr": " ",
    "action_flag": 2,
    "change_message": ""
  }
},
{
  "model": "admin.logentry",
  "pk": 295,
  "fields": {
    "action_time": "2022-10-16T08:23:29.543Z",
    "user": [
      "admin"
    ],
    "content_type": [
      "djangocms_snippet",
      "snippet"
    ],
    "object_id": "4",
    "object_repr": "  ",
    "action_flag": 2,
    "change_message": "[{\"changed\": {\"fields\": [\"HTML\"]}}]"
  }
},
{
  "model": "admin.logentry",
  "pk": 296,
  "fields": {
    "action_time": "2022-10-16T08:23:33.581Z",
    "user": [
      "admin"
    ],
    "content_type": [
      "cms",
      "page"
    ],
    "object_id": "1",
    "object_repr": " ",
    "action_flag": 2,
    "change_message": ""
  }
},
{
  "model": "admin.logentry",
  "pk": 297,
  "fields": {
    "action_time": "2022-10-16T08:23:55.685Z",
    "user": [
      "admin"
    ],
    "content_type": [
      "djangocms_snippet",
      "snippet"
    ],
    "object_id": "4",
    "object_repr": "  ",
    "action_flag": 2,
    "change_message": "[{\"changed\": {\"fields\": [\"HTML\"]}}]"
  }
},
{
  "model": "admin.logentry",
  "pk": 298,
  "fields": {
    "action_time": "2022-10-16T08:23:59.592Z",
    "user": [
      "admin"
    ],
    "content_type": [
      "cms",
      "page"
    ],
    "object_id": "1",
    "object_repr": " ",
    "action_flag": 2,
    "change_message": ""
  }
},
{
  "model": "admin.logentry",
  "pk": 299,
  "fields": {
    "action_time": "2022-10-16T08:26:03.518Z",
    "user": [
      "admin"
    ],
    "content_type": [
      "djangocms_snippet",
      "snippet"
    ],
    "object_id": "4",
    "object_repr": "  ",
    "action_flag": 2,
    "change_message": "[{\"changed\": {\"fields\": [\"HTML\"]}}]"
  }
},
{
  "model": "admin.logentry",
  "pk": 300,
  "fields": {
    "action_time": "2022-10-16T08:26:07.576Z",
    "user": [
      "admin"
    ],
    "content_type": [
      "cms",
      "page"
    ],
    "object_id": "1",
    "object_repr": " ",
    "action_flag": 2,
    "change_message": ""
  }
},
{
  "model": "admin.logentry",
  "pk": 301,
  "fields": {
    "action_time": "2022-10-16T08:26:38.919Z",
    "user": [
      "admin"
    ],
    "content_type": [
      "djangocms_snippet",
      "snippet"
    ],
    "object_id": "4",
    "object_repr": "  ",
    "action_flag": 2,
    "change_message": "[{\"changed\": {\"fields\": [\"HTML\"]}}]"
  }
},
{
  "model": "admin.logentry",
  "pk": 302,
  "fields": {
    "action_time": "2022-10-16T08:26:42.925Z",
    "user": [
      "admin"
    ],
    "content_type": [
      "cms",
      "page"
    ],
    "object_id": "1",
    "object_repr": " ",
    "action_flag": 2,
    "change_message": ""
  }
},
{
  "model": "admin.logentry",
  "pk": 303,
  "fields": {
    "action_time": "2022-10-16T08:28:44.349Z",
    "user": [
      "admin"
    ],
    "content_type": [
      "djangocms_snippet",
      "snippet"
    ],
    "object_id": "4",
    "object_repr": "  ",
    "action_flag": 2,
    "change_message": "[{\"changed\": {\"fields\": [\"HTML\"]}}]"
  }
},
{
  "model": "admin.logentry",
  "pk": 304,
  "fields": {
    "action_time": "2022-10-16T08:28:55.731Z",
    "user": [
      "admin"
    ],
    "content_type": [
      "cms",
      "page"
    ],
    "object_id": "1",
    "object_repr": " ",
    "action_flag": 2,
    "change_message": ""
  }
},
{
  "model": "admin.logentry",
  "pk": 305,
  "fields": {
    "action_time": "2022-10-16T08:31:16.226Z",
    "user": [
      "admin"
    ],
    "content_type": [
      "djangocms_snippet",
      "snippet"
    ],
    "object_id": "4",
    "object_repr": "  ",
    "action_flag": 2,
    "change_message": "[{\"changed\": {\"fields\": [\"HTML\"]}}]"
  }
},
{
  "model": "admin.logentry",
  "pk": 306,
  "fields": {
    "action_time": "2022-10-16T08:31:22.623Z",
    "user": [
      "admin"
    ],
    "content_type": [
      "cms",
      "page"
    ],
    "object_id": "1",
    "object_repr": " ",
    "action_flag": 2,
    "change_message": ""
  }
},
{
  "model": "admin.logentry",
  "pk": 307,
  "fields": {
    "action_time": "2022-10-16T08:32:49.534Z",
    "user": [
      "admin"
    ],
    "content_type": [
      "djangocms_snippet",
      "snippet"
    ],
    "object_id": "4",
    "object_repr": "  ",
    "action_flag": 2,
    "change_message": "[{\"changed\": {\"fields\": [\"HTML\"]}}]"
  }
},
{
  "model": "admin.logentry",
  "pk": 308,
  "fields": {
    "action_time": "2022-10-16T08:33:22.722Z",
    "user": [
      "admin"
    ],
    "content_type": [
      "djangocms_snippet",
      "snippet"
    ],
    "object_id": "4",
    "object_repr": "  ",
    "action_flag": 2,
    "change_message": "[{\"changed\": {\"fields\": [\"HTML\"]}}]"
  }
},
{
  "model": "admin.logentry",
  "pk": 309,
  "fields": {
    "action_time": "2022-10-16T08:34:26.849Z",
    "user": [
      "admin"
    ],
    "content_type": [
      "djangocms_snippet",
      "snippet"
    ],
    "object_id": "4",
    "object_repr": "  ",
    "action_flag": 2,
    "change_message": "[{\"changed\": {\"fields\": [\"HTML\"]}}]"
  }
},
{
  "model": "admin.logentry",
  "pk": 310,
  "fields": {
    "action_time": "2022-10-16T08:34:30.332Z",
    "user": [
      "admin"
    ],
    "content_type": [
      "cms",
      "page"
    ],
    "object_id": "1",
    "object_repr": " ",
    "action_flag": 2,
    "change_message": ""
  }
},
{
  "model": "admin.logentry",
  "pk": 311,
  "fields": {
    "action_time": "2022-10-16T08:40:12.327Z",
    "user": [
      "admin"
    ],
    "content_type": [
      "djangocms_snippet",
      "snippet"
    ],
    "object_id": "4",
    "object_repr": "  ",
    "action_flag": 2,
    "change_message": "[{\"changed\": {\"fields\": [\"HTML\"]}}]"
  }
},
{
  "model": "admin.logentry",
  "pk": 312,
  "fields": {
    "action_time": "2022-10-16T08:40:15.930Z",
    "user": [
      "admin"
    ],
    "content_type": [
      "cms",
      "page"
    ],
    "object_id": "1",
    "object_repr": " ",
    "action_flag": 2,
    "change_message": ""
  }
},
{
  "model": "admin.logentry",
  "pk": 313,
  "fields": {
    "action_time": "2022-10-16T08:41:37.042Z",
    "user": [
      "admin"
    ],
    "content_type": [
      "djangocms_snippet",
      "snippet"
    ],
    "object_id": "4",
    "object_repr": "  ",
    "action_flag": 2,
    "change_message": "[{\"changed\": {\"fields\": [\"HTML\"]}}]"
  }
},
{
  "model": "admin.logentry",
  "pk": 314,
  "fields": {
    "action_time": "2022-10-16T08:41:41.440Z",
    "user": [
      "admin"
    ],
    "content_type": [
      "cms",
      "page"
    ],
    "object_id": "1",
    "object_repr": " ",
    "action_flag": 2,
    "change_message": ""
  }
},
{
  "model": "admin.logentry",
  "pk": 315,
  "fields": {
    "action_time": "2022-10-16T08:42:30.282Z",
    "user": [
      "admin"
    ],
    "content_type": [
      "djangocms_snippet",
      "snippet"
    ],
    "object_id": "6",
    "object_repr": "Footer_2_column",
    "action_flag": 2,
    "change_message": "[{\"changed\": {\"fields\": [\"HTML\"]}}]"
  }
},
{
  "model": "admin.logentry",
  "pk": 316,
  "fields": {
    "action_time": "2022-10-16T08:42:33.735Z",
    "user": [
      "admin"
    ],
    "content_type": [
      "cms",
      "page"
    ],
    "object_id": "1",
    "object_repr": " ",
    "action_flag": 2,
    "change_message": ""
  }
},
{
  "model": "admin.logentry",
  "pk": 317,
  "fields": {
    "action_time": "2022-10-16T09:39:56.236Z",
    "user": [
      "admin"
    ],
    "content_type": [
      "djangocms_snippet",
      "snippet"
    ],
    "object_id": "4",
    "object_repr": "  ",
    "action_flag": 2,
    "change_message": "[{\"changed\": {\"fields\": [\"HTML\"]}}]"
  }
},
{
  "model": "admin.logentry",
  "pk": 318,
  "fields": {
    "action_time": "2022-10-16T09:39:58.966Z",
    "user": [
      "admin"
    ],
    "content_type": [
      "cms",
      "page"
    ],
    "object_id": "1",
    "object_repr": " ",
    "action_flag": 2,
    "change_message": ""
  }
},
{
  "model": "admin.logentry",
  "pk": 319,
  "fields": {
    "action_time": "2022-10-16T09:43:05.743Z",
    "user": [
      "admin"
    ],
    "content_type": [
      "djangocms_snippet",
      "snippet"
    ],
    "object_id": "4",
    "object_repr": "  ",
    "action_flag": 2,
    "change_message": "[{\"changed\": {\"fields\": [\"HTML\"]}}]"
  }
},
{
  "model": "admin.logentry",
  "pk": 320,
  "fields": {
    "action_time": "2022-10-16T09:43:10.683Z",
    "user": [
      "admin"
    ],
    "content_type": [
      "cms",
      "page"
    ],
    "object_id": "1",
    "object_repr": " ",
    "action_flag": 2,
    "change_message": ""
  }
},
{
  "model": "admin.logentry",
  "pk": 321,
  "fields": {
    "action_time": "2022-10-16T09:47:19.587Z",
    "user": [
      "admin"
    ],
    "content_type": [
      "djangocms_snippet",
      "snippet"
    ],
    "object_id": "4",
    "object_repr": "  ",
    "action_flag": 2,
    "change_message": "[{\"changed\": {\"fields\": [\"Name\", \"HTML\"]}}]"
  }
},
{
  "model": "admin.logentry",
  "pk": 322,
  "fields": {
    "action_time": "2022-10-16T09:47:23.642Z",
    "user": [
      "admin"
    ],
    "content_type": [
      "cms",
      "page"
    ],
    "object_id": "1",
    "object_repr": " ",
    "action_flag": 2,
    "change_message": ""
  }
},
{
  "model": "admin.logentry",
  "pk": 323,
  "fields": {
    "action_time": "2022-10-16T10:02:48.153Z",
    "user": [
      "admin"
    ],
    "content_type": [
      "djangocms_snippet",
      "snippet"
    ],
    "object_id": "4",
    "object_repr": "  ",
    "action_flag": 2,
    "change_message": "[{\"changed\": {\"fields\": [\"HTML\"]}}]"
  }
},
{
  "model": "admin.logentry",
  "pk": 324,
  "fields": {
    "action_time": "2022-10-16T10:03:23.355Z",
    "user": [
      "admin"
    ],
    "content_type": [
      "cms",
      "page"
    ],
    "object_id": "1",
    "object_repr": " ",
    "action_flag": 2,
    "change_message": ""
  }
},
{
  "model": "admin.logentry",
  "pk": 325,
  "fields": {
    "action_time": "2022-10-16T10:26:20.656Z",
    "user": [
      "admin"
    ],
    "content_type": [
      "djangocms_snippet",
      "snippet"
    ],
    "object_id": "4",
    "object_repr": "  ",
    "action_flag": 2,
    "change_message": "[{\"changed\": {\"fields\": [\"HTML\"]}}]"
  }
},
{
  "model": "admin.logentry",
  "pk": 326,
  "fields": {
    "action_time": "2022-10-16T10:26:24.635Z",
    "user": [
      "admin"
    ],
    "content_type": [
      "cms",
      "page"
    ],
    "object_id": "1",
    "object_repr": " ",
    "action_flag": 2,
    "change_message": ""
  }
},
{
  "model": "admin.logentry",
  "pk": 327,
  "fields": {
    "action_time": "2022-10-16T10:54:57.504Z",
    "user": [
      "admin"
    ],
    "content_type": [
      "djangocms_snippet",
      "snippet"
    ],
    "object_id": "4",
    "object_repr": "  ",
    "action_flag": 2,
    "change_message": "[{\"changed\": {\"fields\": [\"HTML\"]}}]"
  }
},
{
  "model": "admin.logentry",
  "pk": 328,
  "fields": {
    "action_time": "2022-10-16T10:55:00.977Z",
    "user": [
      "admin"
    ],
    "content_type": [
      "cms",
      "page"
    ],
    "object_id": "1",
    "object_repr": " ",
    "action_flag": 2,
    "change_message": ""
  }
},
{
  "model": "admin.logentry",
  "pk": 329,
  "fields": {
    "action_time": "2022-10-17T07:22:42.195Z",
    "user": [
      "admin"
    ],
    "content_type": [
      "cms",
      "page"
    ],
    "object_id": "1",
    "object_repr": " ",
    "action_flag": 2,
    "change_message": ""
  }
}
]
